{"type":"FeatureCollection","features":[{"type":"Feature","properties":{"osm_id":141798562,"building":"yes","source":"cadastre-dgi-fr source : Direction Générale des Impôts - Cadastre. Mise à jour : 2011"},"geometry":{"type":"Polygon","coordinates":[[[4.47523,45.776054],[4.475229,45.77602],[4.475333,45.776017],[4.475333,45.776053],[4.47523,45.776054]]]}},{"type":"Feature","properties":{"osm_id":181167384,"building":"yes","source":"cadastre-dgi-fr source : Direction Générale des Impôts - Cadastre. Mise à jour : 2012"},"geometry":{"type":"Polygon","coordinates":[[[4.465777,45.790698],[4.465795,45.790667],[4.465836,45.790606],[4.465875,45.790552],[4.466011,45.790598],[4.465999,45.790613],[4.466043,45.790628],[4.465987,45.790707],[4.465944,45.790691],[4.465908,45.790741],[4.465777,45.790698]]]}},{"type":"Feature","properties":{"osm_id":181167388,"building":"yes","source":"cadastre-dgi-fr source : Direction Générale des Impôts - Cadastre. Mise à jour : 2012"},"geometry":{"type":"Polygon","coordinates":[[[4.461692,45.797033],[4.461663,45.796964],[4.461683,45.79696],[4.461655,45.796894],[4.461731,45.79688],[4.461748,45.796915],[4.46176,45.796913],[4.461773,45.796942],[4.461766,45.796943],[4.461795,45.797011],[4.461692,45.797033]]]}},{"type":"Feature","properties":{"osm_id":181167391,"building":"yes","source":"cadastre-dgi-fr source : Direction Générale des Impôts - Cadastre. Mise à jour : 2012"},"geometry":{"type":"Polygon","coordinates":[[[4.467545,45.790567],[4.467615,45.790559],[4.467618,45.790572],[4.467887,45.790538],[4.467915,45.79062],[4.467906,45.790621],[4.467846,45.790631],[4.467683,45.790656],[4.467545,45.790658],[4.46754,45.790657],[4.467545,45.790567]]]}},{"type":"Feature","properties":{"osm_id":181167393,"building":"yes","source":"cadastre-dgi-fr source : Direction Générale des Impôts - Cadastre. Mise à jour : 2012"},"geometry":{"type":"Polygon","coordinates":[[[4.458843,45.793041],[4.458814,45.79309],[4.458845,45.793105],[4.458821,45.793152],[4.458783,45.793157],[4.458676,45.793158],[4.458698,45.793106],[4.45872,45.793044],[4.458727,45.79303],[4.45874,45.793011],[4.458843,45.793041]]]}},{"type":"Feature","properties":{"osm_id":181167394,"building":"yes","source":"cadastre-dgi-fr source : Direction Générale des Impôts - Cadastre. Mise à jour : 2012"},"geometry":{"type":"Polygon","coordinates":[[[4.463191,45.7953],[4.463097,45.795247],[4.463103,45.795242],[4.463089,45.795234],[4.463083,45.79524],[4.463021,45.795204],[4.463077,45.795158],[4.463108,45.795176],[4.463119,45.795167],[4.463257,45.795244],[4.463191,45.7953]]]}},{"type":"Feature","properties":{"osm_id":181167395,"building":"yes","source":"cadastre-dgi-fr source : Direction Générale des Impôts - Cadastre. Mise à jour : 2012"},"geometry":{"type":"Polygon","coordinates":[[[4.4661021,45.7900593],[4.4661496,45.7900386],[4.466167,45.790031],[4.466139,45.790002],[4.4662251,45.7899611],[4.466257,45.789946],[4.466294,45.7899779],[4.466271,45.789992],[4.466342,45.790057],[4.466218,45.790126],[4.4661021,45.7900593]]]}},{"type":"Feature","properties":{"osm_id":181167398,"building":"yes","source":"cadastre-dgi-fr source : Direction Générale des Impôts - Cadastre. Mise à jour : 2012"},"geometry":{"type":"Polygon","coordinates":[[[4.461398,45.792919],[4.461464,45.792915],[4.461463,45.792899],[4.46155,45.792894],[4.461551,45.792897],[4.461584,45.792896],[4.461588,45.792931],[4.461555,45.792933],[4.461559,45.792967],[4.461405,45.792974],[4.461398,45.792919]]]}},{"type":"Feature","properties":{"osm_id":181167400,"building":"yes","source":"cadastre-dgi-fr source : Direction Générale des Impôts - Cadastre. Mise à jour : 2012"},"geometry":{"type":"Polygon","coordinates":[[[4.46678,45.790238],[4.466799,45.790263],[4.466836,45.790249],[4.466819,45.790223],[4.466885,45.790196],[4.466898,45.790191],[4.466932,45.790274],[4.46686,45.790307],[4.466755,45.790351],[4.466673,45.790266],[4.46678,45.790238]]]}},{"type":"Feature","properties":{"osm_id":181167405,"building":"yes","source":"cadastre-dgi-fr source : Direction Générale des Impôts - Cadastre. Mise à jour : 2012"},"geometry":{"type":"Polygon","coordinates":[[[4.4558,45.794136],[4.455633,45.794014],[4.455606,45.794032],[4.455562,45.794006],[4.455664,45.793934],[4.455737,45.793988],[4.455763,45.79397],[4.455829,45.794021],[4.455806,45.794039],[4.455874,45.794089],[4.4558,45.794136]]]}},{"type":"Feature","properties":{"osm_id":181167406,"building":"yes","source":"cadastre-dgi-fr source : Direction Générale des Impôts - Cadastre. Mise à jour : 2012","wall":"no"},"geometry":{"type":"Polygon","coordinates":[[[4.451216,45.789479],[4.45123,45.789522],[4.451325,45.789516],[4.451349,45.789573],[4.451215,45.789591],[4.451184,45.789537],[4.451184,45.7895],[4.451216,45.789479]]]}},{"type":"Feature","properties":{"osm_id":181167408,"building":"yes","source":"cadastre-dgi-fr source : Direction Générale des Impôts - Cadastre. Mise à jour : 2012"},"geometry":{"type":"Polygon","coordinates":[[[4.466426,45.79046],[4.466385,45.790495],[4.46633,45.790469],[4.466321,45.790478],[4.466283,45.790467],[4.466268,45.790488],[4.466209,45.790467],[4.466183,45.790436],[4.466234,45.790379],[4.466364,45.790422],[4.466426,45.79046]]]}},{"type":"Feature","properties":{"osm_id":181167411,"building":"yes","source":"cadastre-dgi-fr source : Direction Générale des Impôts - Cadastre. Mise à jour : 2012"},"geometry":{"type":"Polygon","coordinates":[[[4.462393,45.796854],[4.462461,45.79677],[4.462521,45.796794],[4.4625,45.79682],[4.462541,45.796836],[4.4625354,45.7968429],[4.4624949,45.796893],[4.46249,45.796899],[4.462426,45.796873],[4.462389,45.796858],[4.462393,45.796854]]]}},{"type":"Feature","properties":{"osm_id":181167414,"building":"yes","source":"cadastre-dgi-fr source : Direction Générale des Impôts - Cadastre. Mise à jour : 2012"},"geometry":{"type":"Polygon","coordinates":[[[4.465531,45.789223],[4.465533,45.789119],[4.465642,45.789118],[4.465642,45.789101],[4.46577,45.789102],[4.46577,45.789137],[4.465744,45.789139],[4.465743,45.789176],[4.465643,45.789176],[4.465642,45.789224],[4.465531,45.789223]]]}},{"type":"Feature","properties":{"osm_id":181167415,"building":"yes","source":"cadastre-dgi-fr source : Direction Générale des Impôts - Cadastre. Mise à jour : 2012"},"geometry":{"type":"Polygon","coordinates":[[[4.450868,45.789641],[4.450848,45.789622],[4.450869,45.789596],[4.450816,45.789535],[4.450961,45.789461],[4.451062,45.789553],[4.451184,45.789537],[4.451215,45.789591],[4.450943,45.789633],[4.450868,45.789641]]]}},{"type":"Feature","properties":{"osm_id":181167416,"building":"yes","source":"cadastre-dgi-fr source : Direction Générale des Impôts - Cadastre. Mise à jour : 2012"},"geometry":{"type":"Polygon","coordinates":[[[4.45627,45.785698],[4.456303,45.785652],[4.456287,45.785643],[4.456299,45.78563],[4.45649,45.785677],[4.456429,45.78575],[4.456321,45.785716],[4.45631,45.78573],[4.456274,45.785719],[4.456283,45.785706],[4.45627,45.785698]]]}},{"type":"Feature","properties":{"osm_id":181167417,"building":"yes","source":"cadastre-dgi-fr source : Direction Générale des Impôts - Cadastre. Mise à jour : 2012"},"geometry":{"type":"Polygon","coordinates":[[[4.46572,45.79278],[4.465691,45.792837],[4.465643,45.792812],[4.465657,45.792795],[4.465469,45.792713],[4.465516,45.792661],[4.465656,45.792721],[4.465698,45.792673],[4.46577,45.792696],[4.4657634,45.7927071],[4.46572,45.79278]]]}},{"type":"Feature","properties":{"osm_id":181167423,"building":"yes","source":"cadastre-dgi-fr source : Direction Générale des Impôts - Cadastre. Mise à jour : 2012"},"geometry":{"type":"Polygon","coordinates":[[[4.4719014,45.7857415],[4.4718639,45.7858854],[4.471785,45.785925],[4.4717239,45.7859545],[4.4716904,45.7859705],[4.4716657,45.7859442],[4.4715756,45.7859321],[4.4716243,45.7857561],[4.4718123,45.7857792],[4.4718251,45.7857326],[4.4719014,45.7857415]]]}},{"type":"Feature","properties":{"osm_id":181167425,"building":"yes","source":"cadastre-dgi-fr source : Direction Générale des Impôts - Cadastre. Mise à jour : 2012"},"geometry":{"type":"Polygon","coordinates":[[[4.4652983,45.7905658],[4.465235,45.790543],[4.465281,45.790481],[4.4653405,45.7905029],[4.465333,45.790513],[4.465298,45.790502],[4.46529,45.790508],[4.465281,45.790526],[4.465283,45.790541],[4.465302,45.79056],[4.4652983,45.7905658]]]}},{"type":"Feature","properties":{"osm_id":181167427,"building":"yes","source":"cadastre-dgi-fr source : Direction Générale des Impôts - Cadastre. Mise à jour : 2012"},"geometry":{"type":"Polygon","coordinates":[[[4.463839,45.795276],[4.46392,45.795316],[4.463911,45.795327],[4.463943,45.795345],[4.463871,45.795413],[4.463828,45.79539],[4.463836,45.795379],[4.463698,45.795308],[4.463763,45.795252],[4.463827,45.795286],[4.463839,45.795276]]]}},{"type":"Feature","properties":{"osm_id":181167428,"building":"yes","source":"cadastre-dgi-fr source : Direction Générale des Impôts - Cadastre. Mise à jour : 2012"},"geometry":{"type":"Polygon","coordinates":[[[4.451186,45.789372],[4.451286,45.789365],[4.451305,45.789435],[4.451344,45.789431],[4.451352,45.789469],[4.45131,45.789474],[4.451325,45.789516],[4.45123,45.789522],[4.451216,45.789479],[4.451186,45.789372]]]}},{"type":"Feature","properties":{"osm_id":181167433,"building":"yes","source":"cadastre-dgi-fr source : Direction Générale des Impôts - Cadastre. Mise à jour : 2012"},"geometry":{"type":"Polygon","coordinates":[[[4.46184,45.797418],[4.461836,45.797356],[4.46185,45.797355],[4.461848,45.797334],[4.461834,45.797334],[4.46183,45.797278],[4.461913,45.797275],[4.461916,45.797315],[4.461942,45.797314],[4.461949,45.797414],[4.46184,45.797418]]]}},{"type":"Feature","properties":{"osm_id":181167435,"building":"yes","source":"cadastre-dgi-fr source : Direction Générale des Impôts - Cadastre. Mise à jour : 2012"},"geometry":{"type":"Polygon","coordinates":[[[4.460968,45.796294],[4.460863,45.796257],[4.460883,45.796227],[4.460864,45.796222],[4.460893,45.796179],[4.461022,45.796222],[4.461029,45.796214],[4.461109,45.796242],[4.461047,45.79633],[4.460963,45.796302],[4.460968,45.796294]]]}},{"type":"Feature","properties":{"osm_id":181167437,"building":"yes","source":"cadastre-dgi-fr source : Direction Générale des Impôts - Cadastre. Mise à jour : 2012"},"geometry":{"type":"Polygon","coordinates":[[[4.466522,45.790755],[4.466528,45.790814],[4.466401,45.790816],[4.4664,45.790812],[4.4662,45.790815],[4.466198,45.790758],[4.46635,45.790755],[4.466349,45.790721],[4.466452,45.790721],[4.466453,45.790754],[4.466522,45.790755]]]}},{"type":"Feature","properties":{"osm_id":181167438,"building":"yes","source":"cadastre-dgi-fr source : Direction Générale des Impôts - Cadastre. Mise à jour : 2012"},"geometry":{"type":"Polygon","coordinates":[[[4.471997,45.7851641],[4.4724155,45.7852707],[4.4723213,45.7854579],[4.4722211,45.7854332],[4.4722098,45.7854558],[4.4720246,45.7854099],[4.4720355,45.7853875],[4.4719023,45.7853545],[4.471997,45.7851641]]]}},{"type":"Feature","properties":{"osm_id":181167439,"building":"yes","source":"cadastre-dgi-fr source : Direction Générale des Impôts - Cadastre. Mise à jour : 2012"},"geometry":{"type":"Polygon","coordinates":[[[4.46166,45.79613],[4.461706,45.796063],[4.461713,45.796053],[4.46176,45.796068],[4.461839,45.796094],[4.461827,45.796113],[4.461876,45.79613],[4.461864,45.796148],[4.461827,45.796135],[4.4618,45.796176],[4.46166,45.79613]]]}},{"type":"Feature","properties":{"osm_id":181167442,"building":"yes","source":"cadastre-dgi-fr source : Direction Générale des Impôts - Cadastre. Mise à jour : 2012"},"geometry":{"type":"Polygon","coordinates":[[[4.449685,45.793494],[4.44984,45.793638],[4.449754,45.793724],[4.449753,45.793722],[4.449653,45.793623],[4.449686,45.793602],[4.449572,45.793483],[4.449756,45.793433],[4.44977,45.793452],[4.449668,45.793475],[4.449685,45.793494]]]}},{"type":"Feature","properties":{"osm_id":181167446,"building":"yes","source":"cadastre-dgi-fr source : Direction Générale des Impôts - Cadastre. Mise à jour : 2012"},"geometry":{"type":"Polygon","coordinates":[[[4.464744,45.794819],[4.464679,45.794782],[4.464688,45.794775],[4.464693,45.79475],[4.464711,45.794734],[4.4646996,45.7947273],[4.464637,45.794691],[4.464697,45.79464],[4.464759,45.794677],[4.464765,45.794671],[4.464856,45.794724],[4.464744,45.794819]]]}},{"type":"Feature","properties":{"osm_id":181167448,"building":"yes","source":"cadastre-dgi-fr source : Direction Générale des Impôts - Cadastre. Mise à jour : 2012"},"geometry":{"type":"Polygon","coordinates":[[[4.464597,45.793193],[4.464662,45.793139],[4.46469,45.793116],[4.464674,45.793105],[4.464712,45.793073],[4.464757,45.7931],[4.464781,45.793081],[4.464822,45.793107],[4.464737,45.793177],[4.464753,45.793187],[4.464683,45.793242],[4.464597,45.793193]]]}},{"type":"Feature","properties":{"osm_id":181167449,"building":"yes","source":"cadastre-dgi-fr source : Direction Générale des Impôts - Cadastre. Mise à jour : 2012"},"geometry":{"type":"Polygon","coordinates":[[[4.463073,45.795668],[4.463139,45.795612],[4.463188,45.795641],[4.463207,45.795652],[4.463221,45.795641],[4.463295,45.795683],[4.463282,45.795694],[4.463313,45.795712],[4.463284,45.795737],[4.463253,45.795718],[4.463213,45.795751],[4.463073,45.795668]]]}},{"type":"Feature","properties":{"osm_id":181167451,"building":"yes","source":"cadastre-dgi-fr source : Direction Générale des Impôts - Cadastre. Mise à jour : 2012"},"geometry":{"type":"Polygon","coordinates":[[[4.466183,45.790436],[4.466209,45.790467],[4.466268,45.790488],[4.466206,45.790581],[4.466154,45.790574],[4.4660896,45.7905634],[4.466041,45.790555],[4.4659749,45.7905438],[4.466047,45.790456],[4.465985,45.790427],[4.466043,45.79038],[4.466183,45.790436]]]}},{"type":"Feature","properties":{"osm_id":181167454,"building":"yes","source":"cadastre-dgi-fr source : Direction Générale des Impôts - Cadastre. Mise à jour : 2012"},"geometry":{"type":"Polygon","coordinates":[[[4.457296,45.799512],[4.457046,45.799537],[4.457037,45.799493],[4.457088,45.799487],[4.457083,45.799453],[4.45708,45.799437],[4.457147,45.799431],[4.457152,45.799459],[4.457186,45.799456],[4.457184,45.799439],[4.457279,45.799432],[4.457296,45.799512]]]}},{"type":"Feature","properties":{"osm_id":181167456,"building":"yes","source":"cadastre-dgi-fr source : Direction Générale des Impôts - Cadastre. Mise à jour : 2012"},"geometry":{"type":"Polygon","coordinates":[[[4.46354,45.792795],[4.463466,45.792727],[4.463571,45.79267],[4.46359,45.792687],[4.463556,45.792706],[4.463573,45.792722],[4.463608,45.792704],[4.463646,45.792738],[4.46364,45.792741],[4.463618,45.792753],[4.463549,45.792789],[4.46354,45.792795]]]}},{"type":"Feature","properties":{"osm_id":181167458,"building":"yes","source":"cadastre-dgi-fr source : Direction Générale des Impôts - Cadastre. Mise à jour : 2012"},"geometry":{"type":"Polygon","coordinates":[[[4.470807,45.789279],[4.470716,45.789305],[4.470673,45.789241],[4.470653,45.789248],[4.470615,45.789189],[4.470641,45.789179],[4.470628,45.789159],[4.470695,45.789138],[4.470756,45.789221],[4.470795,45.789206],[4.47084,45.789268],[4.470807,45.789279]]]}},{"type":"Feature","properties":{"osm_id":181167460,"building":"yes","source":"cadastre-dgi-fr source : Direction Générale des Impôts - Cadastre. Mise à jour : 2012","wall":"no"},"geometry":{"type":"Polygon","coordinates":[[[4.468144,45.790238],[4.468161,45.790233],[4.468173,45.790247],[4.468183,45.790245],[4.468198,45.790261],[4.468226,45.790255],[4.46825,45.790297],[4.468268,45.790337],[4.468253,45.790344],[4.46824,45.79035],[4.46821,45.790359],[4.468144,45.790238]]]}},{"type":"Feature","properties":{"osm_id":181167461,"building":"yes","source":"cadastre-dgi-fr source : Direction Générale des Impôts - Cadastre. Mise à jour : 2012"},"geometry":{"type":"Polygon","coordinates":[[[4.469159,45.789784],[4.469228,45.789637],[4.46918,45.789623],[4.469188,45.789614],[4.469198,45.789599],[4.469305,45.789622],[4.469332,45.789628],[4.469455,45.789654],[4.469379,45.789819],[4.469334,45.78981],[4.469332,45.789816],[4.469159,45.789784]]]}},{"type":"Feature","properties":{"osm_id":181167464,"building":"yes","source":"cadastre-dgi-fr source : Direction Générale des Impôts - Cadastre. Mise à jour : 2012"},"geometry":{"type":"Polygon","coordinates":[[[4.471762,45.787968],[4.47168,45.787908],[4.471662,45.78795],[4.471648,45.787947],[4.471623,45.787981],[4.471558,45.787949],[4.471581,45.787917],[4.471674,45.787791],[4.471719,45.787808],[4.471707,45.787845],[4.471815,45.787921],[4.471762,45.787968]]]}},{"type":"Feature","properties":{"osm_id":181167466,"building":"yes","source":"cadastre-dgi-fr source : Direction Générale des Impôts - Cadastre. Mise à jour : 2012"},"geometry":{"type":"Polygon","coordinates":[[[4.4568553,45.7898124],[4.4568177,45.7899122],[4.4566743,45.7898746],[4.4565036,45.7898278],[4.4565115,45.7898067],[4.4563741,45.7897756],[4.4564201,45.7897028],[4.456444,45.789667],[4.456472,45.789677],[4.456574,45.789712],[4.4565581,45.7897387],[4.456681,45.7897711],[4.4568553,45.7898124]]]}},{"type":"Feature","properties":{"osm_id":181167468,"building":"yes","source":"cadastre-dgi-fr source : Direction Générale des Impôts - Cadastre. Mise à jour : 2012"},"geometry":{"type":"Polygon","coordinates":[[[4.465973,45.792116],[4.465843,45.792112],[4.465841,45.792033],[4.46584,45.791965],[4.466093,45.791989],[4.466075,45.792076],[4.466031,45.792076],[4.46603,45.792092],[4.466006,45.792092],[4.466006,45.792077],[4.465974,45.792077],[4.465973,45.792116]]]}},{"type":"Feature","properties":{"osm_id":181167470,"building":"yes","source":"cadastre-dgi-fr source : Direction Générale des Impôts - Cadastre. Mise à jour : 2012"},"geometry":{"type":"Polygon","coordinates":[[[4.4637,45.792826],[4.463688,45.792834],[4.463718,45.792859],[4.463723,45.79289],[4.463716,45.792894],[4.463718,45.792904],[4.46369,45.792922],[4.463626,45.792867],[4.463634,45.792864],[4.463549,45.792789],[4.463618,45.792753],[4.4636259,45.7927601],[4.4637,45.792826]]]}},{"type":"Feature","properties":{"osm_id":181167471,"building":"yes","source":"cadastre-dgi-fr source : Direction Générale des Impôts - Cadastre. Mise à jour : 2012"},"geometry":{"type":"Polygon","coordinates":[[[4.459636,45.793151],[4.459664,45.793175],[4.459746,45.793141],[4.459752,45.793147],[4.459799,45.793194],[4.459689,45.79324],[4.459646,45.793189],[4.459626,45.793198],[4.459621,45.793193],[4.459604,45.793182],[4.459592,45.793176],[4.459636,45.793151]]]}},{"type":"Feature","properties":{"osm_id":181167473,"building":"yes","source":"cadastre-dgi-fr source : Direction Générale des Impôts - Cadastre. Mise à jour : 2012"},"geometry":{"type":"Polygon","coordinates":[[[4.461745,45.799867],[4.461813,45.799907],[4.461856,45.799871],[4.46194,45.799918],[4.4618604,45.7999852],[4.461831,45.80001],[4.461879,45.800037],[4.46185,45.800061],[4.461723,45.799987],[4.461756,45.799958],[4.461688,45.799916],[4.461745,45.799867]]]}},{"type":"Feature","properties":{"osm_id":181167476,"building":"yes","source":"cadastre-dgi-fr source : Direction Générale des Impôts - Cadastre. Mise à jour : 2012"},"geometry":{"type":"Polygon","coordinates":[[[4.465604,45.790233],[4.465732,45.790301],[4.465695,45.790321],[4.465669,45.790312],[4.46564,45.790339],[4.465536,45.790278],[4.465549,45.790267],[4.465448,45.790209],[4.465467,45.79019],[4.465454,45.790183],[4.465473,45.790164],[4.465604,45.790233]]]}},{"type":"Feature","properties":{"osm_id":181167479,"building":"yes","source":"cadastre-dgi-fr source : Direction Générale des Impôts - Cadastre. Mise à jour : 2012","wall":"no"},"geometry":{"type":"Polygon","coordinates":[[[4.465634,45.790036],[4.465661,45.79001],[4.465707,45.789977],[4.465736,45.789959],[4.46583,45.790014],[4.46591,45.790062],[4.465915,45.790065],[4.465879,45.790095],[4.465771,45.790032],[4.465717,45.79008],[4.465709,45.790075],[4.465634,45.790036]]]}},{"type":"Feature","properties":{"osm_id":181167480,"building":"yes","source":"cadastre-dgi-fr source : Direction Générale des Impôts - Cadastre. Mise à jour : 2012"},"geometry":{"type":"Polygon","coordinates":[[[4.464905,45.792815],[4.46488,45.792744],[4.464964,45.79273],[4.464956,45.792709],[4.465046,45.792694],[4.465043,45.792687],[4.465084,45.79266],[4.46513,45.792692],[4.465174,45.792735],[4.465066,45.792749],[4.465081,45.792785],[4.464905,45.792815]]]}},{"type":"Feature","properties":{"osm_id":181167482,"building":"yes","source":"cadastre-dgi-fr source : Direction Générale des Impôts - Cadastre. Mise à jour : 2012"},"geometry":{"type":"Polygon","coordinates":[[[4.472063,45.785709],[4.472236,45.785747],[4.472197,45.785829],[4.472159,45.78582],[4.472104,45.785935],[4.4720367,45.7859188],[4.4719703,45.7859028],[4.4720459,45.7857449],[4.472063,45.785709]]]}},{"type":"Feature","properties":{"osm_id":181167484,"building":"yes","source":"cadastre-dgi-fr source : Direction Générale des Impôts - Cadastre. Mise à jour : 2012"},"geometry":{"type":"Polygon","coordinates":[[[4.462412,45.794802],[4.46245,45.794735],[4.46255,45.794762],[4.462562,45.794759],[4.46259,45.794708],[4.462681,45.794733],[4.462611,45.794857],[4.462522,45.794832],[4.462529,45.79482],[4.462503,45.794813],[4.462496,45.794825],[4.462412,45.794802]]]}},{"type":"Feature","properties":{"osm_id":181167489,"building":"yes","source":"cadastre-dgi-fr source : Direction Générale des Impôts - Cadastre. Mise à jour : 2012"},"geometry":{"type":"Polygon","coordinates":[[[4.464936,45.789535],[4.464986,45.78943],[4.465143,45.789467],[4.46515,45.78947],[4.465157,45.789477],[4.465157,45.789491],[4.465154,45.789495],[4.465147,45.7895],[4.46514,45.789503],[4.465122,45.789504],[4.465091,45.789571],[4.464936,45.789535]]]}},{"type":"Feature","properties":{"osm_id":181167490,"building":"yes","source":"cadastre-dgi-fr source : Direction Générale des Impôts - Cadastre. Mise à jour : 2012"},"geometry":{"type":"Polygon","coordinates":[[[4.4736347,45.7835287],[4.4737007,45.7835039],[4.4737386,45.7835209],[4.4737467,45.7835322],[4.473753,45.7835296],[4.4737904,45.7835777],[4.4737739,45.7835839],[4.4737961,45.7836138],[4.4737269,45.7836411],[4.4737034,45.7836116],[4.4737007,45.7836123],[4.4736347,45.7835287]]]}},{"type":"Feature","properties":{"osm_id":181167491,"building":"yes","source":"cadastre-dgi-fr source : Direction Générale des Impôts - Cadastre. Mise à jour : 2012"},"geometry":{"type":"Polygon","coordinates":[[[4.459475,45.799582],[4.459525,45.799564],[4.459572,45.799586],[4.459571,45.799599],[4.459683,45.799602],[4.459677,45.799667],[4.459565,45.799663],[4.459565,45.799669],[4.45945,45.799665],[4.459454,45.799619],[4.459472,45.79962],[4.459475,45.799582]]]}},{"type":"Feature","properties":{"osm_id":181167493,"building":"yes","source":"cadastre-dgi-fr source : Direction Générale des Impôts - Cadastre. Mise à jour : 2012"},"geometry":{"type":"Polygon","coordinates":[[[4.460077,45.796098],[4.460088,45.796114],[4.460189,45.796088],[4.460208,45.796119],[4.460238,45.79611],[4.460253,45.796137],[4.460025,45.796199],[4.459985,45.796123],[4.459969,45.796096],[4.460055,45.796072],[4.460071,45.7961],[4.460077,45.796098]]]}},{"type":"Feature","properties":{"osm_id":181167498,"building":"yes","source":"cadastre-dgi-fr source : Direction Générale des Impôts - Cadastre. Mise à jour : 2012"},"geometry":{"type":"Polygon","coordinates":[[[4.461369,45.797823],[4.461381,45.797763],[4.461392,45.797764],[4.461404,45.797702],[4.461393,45.797701],[4.461402,45.797656],[4.461487,45.797664],[4.461479,45.797708],[4.461497,45.79771],[4.461484,45.797775],[4.461475,45.797774],[4.461463,45.797832],[4.461369,45.797823]]]}},{"type":"Feature","properties":{"osm_id":181167499,"building":"yes","source":"cadastre-dgi-fr source : Direction Générale des Impôts - Cadastre. Mise à jour : 2012"},"geometry":{"type":"Polygon","coordinates":[[[4.464935,45.7933],[4.464973,45.79326],[4.465044,45.793291],[4.465089,45.793242],[4.465157,45.793274],[4.465153,45.793278],[4.465221,45.793313],[4.465213,45.793321],[4.465219,45.793324],[4.465167,45.79338],[4.465151,45.793395],[4.465072,45.793362],[4.464935,45.7933]]]}},{"type":"Feature","properties":{"osm_id":181167500,"building":"yes","source":"cadastre-dgi-fr source : Direction Générale des Impôts - Cadastre. Mise à jour : 2012"},"geometry":{"type":"Polygon","coordinates":[[[4.466882,45.790012],[4.466889,45.790091],[4.46689,45.790099],[4.466877,45.790102],[4.466877,45.790123],[4.466864,45.79013],[4.466775,45.790165],[4.46663,45.790205],[4.466586,45.790141],[4.46672,45.790084],[4.466707,45.790059],[4.466804,45.790032],[4.466882,45.790012]]]}},{"type":"Feature","properties":{"osm_id":181167501,"building":"yes","source":"cadastre-dgi-fr source : Direction Générale des Impôts - Cadastre. Mise à jour : 2012"},"geometry":{"type":"Polygon","coordinates":[[[4.467314,45.79043],[4.467527,45.79049],[4.467476,45.790573],[4.467527,45.79057],[4.467496,45.790629],[4.46741,45.790636],[4.467402,45.790579],[4.467329,45.790585],[4.467328,45.790578],[4.4673,45.790579],[4.467308,45.79052],[4.467265,45.790507],[4.467314,45.79043]]]}},{"type":"Feature","properties":{"osm_id":181167506,"building":"yes","source":"cadastre-dgi-fr source : Direction Générale des Impôts - Cadastre. Mise à jour : 2012"},"geometry":{"type":"Polygon","coordinates":[[[4.471816,45.787575],[4.471818,45.787503],[4.471825,45.787462],[4.471894,45.787457],[4.471904,45.787426],[4.471933,45.787423],[4.471945,45.787572],[4.472073,45.787577],[4.472082,45.787658],[4.472038,45.787649],[4.471958,45.787637],[4.471825,45.78762],[4.471816,45.787575]]]}},{"type":"Feature","properties":{"osm_id":181167508,"building":"yes","source":"cadastre-dgi-fr source : Direction Générale des Impôts - Cadastre. Mise à jour : 2012"},"geometry":{"type":"Polygon","coordinates":[[[4.460336,45.792354],[4.460331,45.792346],[4.460252,45.792367],[4.460219,45.792317],[4.460298,45.792295],[4.46029,45.792281],[4.460405,45.79225],[4.460419,45.792272],[4.460498,45.79225],[4.460525,45.792294],[4.460446,45.792315],[4.460452,45.792323],[4.460336,45.792354]]]}},{"type":"Feature","properties":{"osm_id":181167509,"building":"yes","source":"cadastre-dgi-fr source : Direction Générale des Impôts - Cadastre. Mise à jour : 2012"},"geometry":{"type":"Polygon","coordinates":[[[4.467422,45.792889],[4.467392,45.792828],[4.467403,45.792825],[4.467388,45.792793],[4.467401,45.792789],[4.467374,45.792733],[4.467427,45.792719],[4.467433,45.792731],[4.467485,45.792719],[4.467518,45.792791],[4.467545,45.792785],[4.467578,45.792853],[4.467422,45.792889]]]}},{"type":"Feature","properties":{"osm_id":181167510,"building":"yes","source":"cadastre-dgi-fr source : Direction Générale des Impôts - Cadastre. Mise à jour : 2012"},"geometry":{"type":"Polygon","coordinates":[[[4.467299,45.789897],[4.467257,45.78989],[4.467263,45.789871],[4.467281,45.789878],[4.46731,45.789814],[4.467518,45.78986],[4.467526,45.789856],[4.4676,45.78988],[4.467597,45.789886],[4.467579,45.789917],[4.467524,45.7899],[4.46749,45.789953],[4.467421,45.789929],[4.467299,45.789897]]]}},{"type":"Feature","properties":{"osm_id":181167514,"building":"yes","source":"cadastre-dgi-fr source : Direction Générale des Impôts - Cadastre. Mise à jour : 2012"},"geometry":{"type":"Polygon","coordinates":[[[4.460694,45.792204],[4.460663,45.792149],[4.460699,45.792139],[4.460711,45.792117],[4.460803,45.792091],[4.460791,45.79207],[4.460881,45.792045],[4.460924,45.79212],[4.460837,45.792145],[4.460841,45.792153],[4.460737,45.792182],[4.460742,45.79219],[4.460694,45.792204]]]}},{"type":"Feature","properties":{"osm_id":181167516,"building":"yes","source":"cadastre-dgi-fr source : Direction Générale des Impôts - Cadastre. Mise à jour : 2012"},"geometry":{"type":"Polygon","coordinates":[[[4.461071,45.785739],[4.461135,45.785776],[4.461109,45.785798],[4.461157,45.785827],[4.461108,45.785866],[4.461075,45.785846],[4.461088,45.785837],[4.461072,45.785828],[4.461042,45.785854],[4.460998,45.785828],[4.461065,45.785772],[4.461045,45.78576],[4.461071,45.785739]]]}},{"type":"Feature","properties":{"osm_id":181167518,"building":"yes","source":"cadastre-dgi-fr source : Direction Générale des Impôts - Cadastre. Mise à jour : 2012"},"geometry":{"type":"Polygon","coordinates":[[[4.465811,45.790504],[4.465797,45.790521],[4.465703,45.790484],[4.465652,45.790468],[4.465648,45.790472],[4.465511,45.790438],[4.4655,45.790432],[4.465498,45.790398],[4.465566,45.790395],[4.465627,45.790393],[4.465688,45.790423],[4.465674,45.79044],[4.465811,45.790504]]]}},{"type":"Feature","properties":{"osm_id":181167519,"building":"yes","source":"cadastre-dgi-fr source : Direction Générale des Impôts - Cadastre. Mise à jour : 2012"},"geometry":{"type":"Polygon","coordinates":[[[4.469898,45.789126],[4.469789,45.789199],[4.469747,45.78917],[4.469731,45.789181],[4.469684,45.789147],[4.469724,45.789116],[4.469734,45.789122],[4.469759,45.789103],[4.469743,45.789093],[4.469819,45.78904],[4.469882,45.789086],[4.469861,45.789102],[4.469898,45.789126]]]}},{"type":"Feature","properties":{"osm_id":181167523,"building":"yes","source":"cadastre-dgi-fr source : Direction Générale des Impôts - Cadastre. Mise à jour : 2012"},"geometry":{"type":"Polygon","coordinates":[[[4.458334,45.793258],[4.458273,45.793188],[4.458284,45.79318],[4.458293,45.793186],[4.4583272,45.7931601],[4.458447,45.793256],[4.45838,45.793302],[4.458406,45.793326],[4.458365,45.793338],[4.458254,45.793384],[4.458212,45.793382],[4.458166,45.793345],[4.458334,45.793258]]]}},{"type":"Feature","properties":{"osm_id":181167526,"building":"yes","source":"cadastre-dgi-fr source : Direction Générale des Impôts - Cadastre. Mise à jour : 2012"},"geometry":{"type":"Polygon","coordinates":[[[4.466555,45.790659],[4.466426,45.790644],[4.466421,45.790652],[4.466353,45.790642],[4.466367,45.790604],[4.466411,45.790611],[4.466427,45.790583],[4.46645,45.79054],[4.466467,45.790511],[4.466561,45.790532],[4.466567,45.790596],[4.466565,45.79062],[4.466555,45.790659]]]}},{"type":"Feature","properties":{"osm_id":181167528,"building":"yes","source":"cadastre-dgi-fr source : Direction Générale des Impôts - Cadastre. Mise à jour : 2012"},"geometry":{"type":"Polygon","coordinates":[[[4.462091,45.797224],[4.462119,45.797163],[4.462137,45.797167],[4.462146,45.797146],[4.462129,45.797142],[4.462151,45.797092],[4.462249,45.797115],[4.462237,45.797142],[4.462296,45.797156],[4.46226,45.797234],[4.4622,45.797221],[4.462188,45.797247],[4.462091,45.797224]]]}},{"type":"Feature","properties":{"osm_id":181167529,"building":"yes","source":"cadastre-dgi-fr source : Direction Générale des Impôts - Cadastre. Mise à jour : 2012"},"geometry":{"type":"Polygon","coordinates":[[[4.465465,45.792521],[4.465419,45.792575],[4.465346,45.792547],[4.465269,45.792516],[4.465231,45.7925],[4.465281,45.792441],[4.465298,45.792449],[4.465388,45.792343],[4.465567,45.792396],[4.465484,45.792497],[4.465455,45.792486],[4.465436,45.79251],[4.465465,45.792521]]]}},{"type":"Feature","properties":{"osm_id":181167530,"building":"yes","source":"cadastre-dgi-fr source : Direction Générale des Impôts - Cadastre. Mise à jour : 2012"},"geometry":{"type":"Polygon","coordinates":[[[4.468813,45.790082],[4.46892,45.79002],[4.468947,45.790038],[4.468978,45.79002],[4.469103,45.790034],[4.469104,45.790036],[4.469035,45.790109],[4.469021,45.790119],[4.46901,45.79011],[4.46902,45.790103],[4.468998,45.790086],[4.46889,45.790146],[4.468813,45.790082]]]}},{"type":"Feature","properties":{"osm_id":181167535,"building":"yes","source":"cadastre-dgi-fr source : Direction Générale des Impôts - Cadastre. Mise à jour : 2012"},"geometry":{"type":"Polygon","coordinates":[[[4.4652943,45.7914147],[4.4652293,45.7914187],[4.4652193,45.7913117],[4.4653433,45.7913037],[4.4653443,45.7913107],[4.4654023,45.7913067],[4.4654023,45.7913107],[4.4654183,45.7913097],[4.4654223,45.7913367],[4.4654073,45.7913377],[4.4654163,45.7914037],[4.4653573,45.7914067],[4.4653583,45.7914107],[4.4652943,45.7914147]]]}},{"type":"Feature","properties":{"osm_id":181167537,"building":"yes","source":"cadastre-dgi-fr source : Direction Générale des Impôts - Cadastre. Mise à jour : 2012"},"geometry":{"type":"Polygon","coordinates":[[[4.459444,45.800217],[4.4594609,45.8002421],[4.459477,45.800266],[4.459545,45.800245],[4.459586,45.800231],[4.459628,45.800242],[4.459653,45.800285],[4.459572,45.80031],[4.459562,45.800292],[4.459545,45.8003],[4.459414,45.800336],[4.459376,45.800301],[4.459335,45.800313],[4.459303,45.800259],[4.459444,45.800217]]]}},{"type":"Feature","properties":{"osm_id":181167538,"building":"yes","source":"cadastre-dgi-fr source : Direction Générale des Impôts - Cadastre. Mise à jour : 2012"},"geometry":{"type":"Polygon","coordinates":[[[4.461971,45.796461],[4.46205,45.796421],[4.462089,45.796452],[4.462113,45.796458],[4.46212,45.796448],[4.462124,45.796442],[4.462228,45.796475],[4.462188,45.796537],[4.462103,45.796515],[4.462087,45.79654],[4.462046,45.796529],[4.462052,45.79652],[4.462022,45.796509],[4.461971,45.796461]]]}},{"type":"Feature","properties":{"osm_id":181167539,"building":"yes","source":"cadastre-dgi-fr source : Direction Générale des Impôts - Cadastre. Mise à jour : 2012"},"geometry":{"type":"Polygon","coordinates":[[[4.462897,45.795099],[4.462792,45.795196],[4.462714,45.795156],[4.462754,45.795118],[4.462675,45.795075],[4.462682,45.795068],[4.462637,45.795045],[4.462713,45.794974],[4.462772,45.795003],[4.462772,45.795004],[4.462762,45.795014],[4.462846,45.795057],[4.462836,45.795067],[4.462897,45.795099]]]}},{"type":"Feature","properties":{"osm_id":181167545,"building":"yes","source":"cadastre-dgi-fr source : Direction Générale des Impôts - Cadastre. Mise à jour : 2012"},"geometry":{"type":"Polygon","coordinates":[[[4.4669378,45.79012],[4.4669473,45.7901811],[4.46695,45.790199],[4.466919,45.790203],[4.466912,45.790184],[4.466898,45.790191],[4.466885,45.790196],[4.466864,45.79013],[4.466877,45.790123],[4.466877,45.790102],[4.46689,45.790099],[4.466889,45.790091],[4.466934,45.79009],[4.4669378,45.79012]]]}},{"type":"Feature","properties":{"osm_id":181167547,"building":"yes","source":"cadastre-dgi-fr source : Direction Générale des Impôts - Cadastre. Mise à jour : 2012"},"geometry":{"type":"Polygon","coordinates":[[[4.4487282,45.7840795],[4.448685,45.7841534],[4.4486807,45.7841616],[4.448532,45.784082],[4.448483,45.784053],[4.4483455,45.7839772],[4.4483369,45.7839688],[4.448357,45.783951],[4.4484134,45.7839804],[4.4485028,45.7839258],[4.4486003,45.7840005],[4.4486193,45.7839906],[4.4486843,45.7840179],[4.4486618,45.7840583],[4.4487282,45.7840795]]]}},{"type":"Feature","properties":{"osm_id":181167548,"building":"yes","source":"cadastre-dgi-fr source : Direction Générale des Impôts - Cadastre. Mise à jour : 2012"},"geometry":{"type":"Polygon","coordinates":[[[4.460804,45.796705],[4.460788,45.796754],[4.460667,45.796723],[4.460653,45.796723],[4.460653,45.796742],[4.460559,45.796741],[4.460543,45.796644],[4.460645,45.796638],[4.460645,45.796652],[4.460678,45.796651],[4.460699,45.796656],[4.460709,45.796644],[4.460792,45.796661],[4.46078,45.796699],[4.460804,45.796705]]]}},{"type":"Feature","properties":{"osm_id":181167551,"building":"yes","source":"cadastre-dgi-fr source : Direction Générale des Impôts - Cadastre. Mise à jour : 2012"},"geometry":{"type":"Polygon","coordinates":[[[4.469914,45.788774],[4.469829,45.788826],[4.469605,45.788744],[4.469631,45.788712],[4.469586,45.788689],[4.469643,45.78863],[4.469683,45.788649],[4.469776,45.788539],[4.46986,45.788573],[4.469823,45.788619],[4.46975,45.788729],[4.469845,45.78877],[4.46989,45.788742],[4.469939,45.788756],[4.469914,45.788774]]]}},{"type":"Feature","properties":{"osm_id":181167553,"building":"yes","source":"cadastre-dgi-fr source : Direction Générale des Impôts - Cadastre. Mise à jour : 2012"},"geometry":{"type":"Polygon","coordinates":[[[4.460813,45.79559],[4.460851,45.79556],[4.460862,45.795568],[4.460884,45.795551],[4.460832,45.795514],[4.460875,45.795482],[4.460911,45.795504],[4.460924,45.795495],[4.461004,45.795545],[4.461018,45.795536],[4.461086,45.795578],[4.460987,45.795656],[4.460962,45.795639],[4.460931,45.795664],[4.460813,45.79559]]]}},{"type":"Feature","properties":{"osm_id":181167555,"building":"yes","source":"cadastre-dgi-fr source : Direction Générale des Impôts - Cadastre. Mise à jour : 2012"},"geometry":{"type":"Polygon","coordinates":[[[4.468165,45.790072],[4.468184,45.790081],[4.468098,45.790161],[4.468102,45.790164],[4.468024,45.790213],[4.468015,45.790206],[4.467964,45.790168],[4.46792,45.790134],[4.467943,45.790134],[4.467984,45.790131],[4.468006,45.790128],[4.468053,45.790117],[4.468085,45.790107],[4.468142,45.790083],[4.468165,45.790072]]]}},{"type":"Feature","properties":{"osm_id":181167557,"building":"yes","source":"cadastre-dgi-fr source : Direction Générale des Impôts - Cadastre. Mise à jour : 2012"},"geometry":{"type":"Polygon","coordinates":[[[4.458812,45.793349],[4.458904,45.793433],[4.458829,45.79348],[4.45882,45.793475],[4.45878,45.793501],[4.458733,45.79353],[4.458682,45.793492],[4.458665,45.793476],[4.458661,45.793468],[4.458661,45.793458],[4.458699,45.793447],[4.458792,45.793418],[4.458774,45.793406],[4.458742,45.793383],[4.458812,45.793349]]]}},{"type":"Feature","properties":{"osm_id":181167559,"building":"yes","source":"cadastre-dgi-fr source : Direction Générale des Impôts - Cadastre. Mise à jour : 2012"},"geometry":{"type":"Polygon","coordinates":[[[4.459385,45.79267],[4.459415,45.792687],[4.459459,45.792649],[4.459538,45.792694],[4.459492,45.792734],[4.459485,45.792729],[4.459463,45.792748],[4.459444,45.792738],[4.459375,45.792798],[4.459369,45.792794],[4.459333,45.792825],[4.459269,45.792789],[4.459305,45.792758],[4.459292,45.79275],[4.459385,45.79267]]]}},{"type":"Feature","properties":{"osm_id":181167561,"building":"yes","source":"cadastre-dgi-fr source : Direction Générale des Impôts - Cadastre. Mise à jour : 2012"},"geometry":{"type":"Polygon","coordinates":[[[4.458888,45.79938],[4.458791,45.799401],[4.458784,45.799386],[4.458755,45.799392],[4.4587615,45.799407],[4.458772,45.799431],[4.458719,45.799442],[4.458688,45.799372],[4.458652,45.799379],[4.458638,45.799343],[4.458683,45.799333],[4.458759,45.799317],[4.458756,45.79931],[4.458849,45.799291],[4.458888,45.79938]]]}},{"type":"Feature","properties":{"osm_id":181167563,"building":"yes","source":"cadastre-dgi-fr source : Direction Générale des Impôts - Cadastre. Mise à jour : 2012"},"geometry":{"type":"Polygon","coordinates":[[[4.4595737,45.800755],[4.4595742,45.8006515],[4.4595008,45.8006509],[4.459462,45.8006234],[4.4595083,45.8005912],[4.4595427,45.8006158],[4.4595892,45.8005848],[4.4596587,45.8005851],[4.4596729,45.8005956],[4.4597733,45.8005959],[4.4597732,45.8006613],[4.459678,45.800661],[4.4596777,45.8006829],[4.4597153,45.8006828],[4.4597147,45.8007556],[4.4595737,45.800755]]]}},{"type":"Feature","properties":{"osm_id":181167567,"building":"yes","source":"cadastre-dgi-fr source : Direction Générale des Impôts - Cadastre. Mise à jour : 2012"},"geometry":{"type":"Polygon","coordinates":[[[4.465995,45.7936],[4.465972,45.793531],[4.466022,45.793522],[4.466028,45.793539],[4.466046,45.793537],[4.466041,45.793519],[4.466021,45.793462],[4.466092,45.79345],[4.466103,45.79348],[4.466129,45.79349],[4.466144,45.793488],[4.466207,45.793477],[4.466233,45.793551],[4.466065,45.79358],[4.466068,45.793588],[4.465995,45.7936]]]}},{"type":"Feature","properties":{"osm_id":181167568,"building":"yes","source":"cadastre-dgi-fr source : Direction Générale des Impôts - Cadastre. Mise à jour : 2012"},"geometry":{"type":"Polygon","coordinates":[[[4.449317,45.787544],[4.449335,45.787612],[4.449365,45.787737],[4.449197,45.787771],[4.449212,45.787821],[4.449146,45.787837],[4.449123,45.787779],[4.449167,45.78777],[4.449125,45.787647],[4.449066,45.787656],[4.449007,45.7875],[4.449102,45.787483],[4.449166,45.787582],[4.449228,45.787576],[4.449232,45.787558],[4.449317,45.787544]]]}},{"type":"Feature","properties":{"osm_id":181167569,"building":"yes","source":"cadastre-dgi-fr source : Direction Générale des Impôts - Cadastre. Mise à jour : 2012"},"geometry":{"type":"Polygon","coordinates":[[[4.464426,45.78984],[4.464469,45.78982],[4.464448,45.789799],[4.464516,45.789767],[4.46453,45.789782],[4.464559,45.789769],[4.464545,45.789754],[4.464531,45.789739],[4.464597,45.789708],[4.4647088,45.7898249],[4.4646664,45.7898449],[4.464695,45.7898747],[4.4646102,45.7899146],[4.464559,45.789861],[4.464513,45.789883],[4.464461,45.789876],[4.464426,45.78984]]]}},{"type":"Feature","properties":{"osm_id":181167572,"building":"yes","source":"cadastre-dgi-fr source : Direction Générale des Impôts - Cadastre. Mise à jour : 2012"},"geometry":{"type":"Polygon","coordinates":[[[4.4600313,45.7996745],[4.4599637,45.7996301],[4.459999,45.799604],[4.4599483,45.7995712],[4.4599885,45.7995411],[4.4600168,45.7995595],[4.4600525,45.7995516],[4.460074,45.799566],[4.4600893,45.7995655],[4.46009,45.7995769],[4.4601079,45.7995766],[4.460107,45.799565],[4.4601057,45.7995407],[4.4602083,45.7995375],[4.4602137,45.7996226],[4.4601623,45.7996243],[4.4601631,45.7996378],[4.4600766,45.7996405],[4.4600313,45.7996745]]]}},{"type":"Feature","properties":{"osm_id":181167576,"building":"yes","source":"cadastre-dgi-fr source : Direction Générale des Impôts - Cadastre. Mise à jour : 2012"},"geometry":{"type":"Polygon","coordinates":[[[4.4499,45.793394],[4.449988,45.79337],[4.450001,45.793388],[4.45006,45.793373],[4.450075,45.793398],[4.450011,45.793416],[4.450068,45.793546],[4.449987,45.793564],[4.449962,45.79352],[4.449922,45.793533],[4.449919,45.793506],[4.449948,45.793492],[4.449919,45.793433],[4.449895,45.793439],[4.449879,45.793429],[4.449864,45.793404],[4.4499,45.793394]]]}},{"type":"Feature","properties":{"osm_id":181167577,"building":"yes","source":"cadastre-dgi-fr source : Direction Générale des Impôts - Cadastre. Mise à jour : 2012"},"geometry":{"type":"Polygon","coordinates":[[[4.463316,45.795003],[4.463333,45.79499],[4.463288,45.794957],[4.46326,45.794976],[4.463198,45.794932],[4.463238,45.794904],[4.46322,45.794826],[4.463329,45.794812],[4.463383,45.794902],[4.463374,45.79491],[4.463403,45.794929],[4.46342,45.794919],[4.463486,45.794971],[4.463441,45.795001],[4.463473,45.795026],[4.463409,45.795068],[4.463316,45.795003]]]}},{"type":"Feature","properties":{"osm_id":181167579,"building":"yes","source":"cadastre-dgi-fr source : Direction Générale des Impôts - Cadastre. Mise à jour : 2012"},"geometry":{"type":"Polygon","coordinates":[[[4.46444,45.78937],[4.464368,45.789394],[4.464403,45.789441],[4.464309,45.789473],[4.464288,45.789443],[4.464302,45.789438],[4.464284,45.789413],[4.46427,45.789418],[4.464261,45.789421],[4.464235,45.789385],[4.464316,45.789358],[4.464301,45.789339],[4.464294,45.789329],[4.46434,45.789313],[4.464368,45.78935],[4.464413,45.789334],[4.46444,45.78937]]]}},{"type":"Feature","properties":{"osm_id":181167584,"building":"yes","source":"cadastre-dgi-fr source : Direction Générale des Impôts - Cadastre. Mise à jour : 2012"},"geometry":{"type":"Polygon","coordinates":[[[4.46261,45.788669],[4.462643,45.788709],[4.462551,45.788749],[4.462535,45.788731],[4.462509,45.788742],[4.462556,45.788768],[4.462508,45.788811],[4.462489,45.788827],[4.462466,45.788847],[4.46234,45.788779],[4.462431,45.7887],[4.462464,45.788718],[4.462505,45.788695],[4.462489,45.788677],[4.462559,45.788647],[4.462586,45.788678],[4.46261,45.788669]]]}},{"type":"Feature","properties":{"osm_id":181167585,"building":"yes","source":"cadastre-dgi-fr source : Direction Générale des Impôts - Cadastre. Mise à jour : 2012"},"geometry":{"type":"Polygon","coordinates":[[[4.465144,45.794227],[4.465043,45.794285],[4.465006,45.794255],[4.464986,45.794267],[4.464997,45.794276],[4.464831,45.794416],[4.464731,45.794357],[4.464899,45.794217],[4.464909,45.794222],[4.464943,45.794201],[4.464923,45.794185],[4.464952,45.794168],[4.464977,45.794169],[4.464989,45.794162],[4.464992,45.794144],[4.465022,45.794126],[4.465144,45.794227]]]}},{"type":"Feature","properties":{"osm_id":181167586,"building":"yes","source":"cadastre-dgi-fr source : Direction Générale des Impôts - Cadastre. Mise à jour : 2012"},"geometry":{"type":"Polygon","coordinates":[[[4.46085,45.79254],[4.460852,45.792533],[4.460921,45.792512],[4.460922,45.792496],[4.46099,45.792477],[4.461045,45.792569],[4.460902,45.792613],[4.460893,45.792599],[4.460857,45.792606],[4.460861,45.792626],[4.460748,45.792646],[4.460741,45.792627],[4.46069,45.792636],[4.460662,45.792559],[4.46072,45.792549],[4.460726,45.792565],[4.460824,45.792547],[4.46085,45.79254]]]}},{"type":"Feature","properties":{"osm_id":181167587,"building":"yes","source":"cadastre-dgi-fr source : Direction Générale des Impôts - Cadastre. Mise à jour : 2012"},"geometry":{"type":"Polygon","coordinates":[[[4.4656,45.789559],[4.465637,45.78947],[4.465763,45.789492],[4.4659,45.789492],[4.466023,45.789471],[4.466054,45.789562],[4.465925,45.789582],[4.465917,45.789564],[4.465895,45.789572],[4.465894,45.78959],[4.465845,45.78959],[4.465832,45.789595],[4.465815,45.789595],[4.465803,45.789589],[4.465757,45.789589],[4.465756,45.789569],[4.465734,45.789563],[4.465725,45.789581],[4.4656,45.789559]]]}},{"type":"Feature","properties":{"osm_id":181167593,"building":"chapel","heritage":"3","heritage:operator":"mhs","historic":"yes","mhs:inscription_date":"1991-11-19","name":"Chapelle Saint-Martin","ref:mhs":"PA00118142","source":"cadastre-dgi-fr source : Direction Générale des Impôts - Cadastre. Mise à jour : 2012","source:heritage":"data.gouv.fr, Ministère de la Culture - 2016","start_date":"C12","wikidata":"Q22968340"},"geometry":{"type":"Polygon","coordinates":[[[4.45875,45.79279],[4.458751,45.792811],[4.45875,45.792816],[4.458754,45.792831],[4.458754,45.792841],[4.45875,45.792853],[4.458741,45.792863],[4.458723,45.792875],[4.458712,45.792877],[4.458712,45.792883],[4.458676,45.792889],[4.458679,45.792896],[4.458465,45.792927],[4.458451,45.792848],[4.458664,45.792818],[4.458665,45.792827],[4.458706,45.792822],[4.458703,45.792797],[4.45875,45.79279]]]}},{"type":"Feature","properties":{"osm_id":181167594,"building":"yes","source":"cadastre-dgi-fr source : Direction Générale des Impôts - Cadastre. Mise à jour : 2012"},"geometry":{"type":"Polygon","coordinates":[[[4.466159,45.790313],[4.4662486,45.7902418],[4.466334,45.790174],[4.466378,45.790202],[4.4663852,45.7901959],[4.466405,45.790211],[4.466384,45.790225],[4.466417,45.790255],[4.4664494,45.7902848],[4.466436,45.790295],[4.466492,45.79033],[4.466534,45.790358],[4.466538,45.790362],[4.466439,45.790442],[4.466279,45.790347],[4.466254,45.790366],[4.4662246,45.7903486],[4.466191,45.790331],[4.466186,45.790335],[4.466155,45.790317],[4.466159,45.790313]]]}},{"type":"Feature","properties":{"osm_id":181167595,"building":"yes","source":"cadastre-dgi-fr source : Direction Générale des Impôts - Cadastre. Mise à jour : 2012"},"geometry":{"type":"Polygon","coordinates":[[[4.468417,45.790468],[4.468413,45.790419],[4.468508,45.790412],[4.468526,45.790397],[4.468538,45.790396],[4.468518,45.790284],[4.468596,45.790234],[4.468675,45.790295],[4.468644,45.790315],[4.468685,45.79036],[4.468649,45.790439],[4.468636,45.790441],[4.468639,45.790459],[4.468593,45.790462],[4.468549,45.790455],[4.468549,45.79045],[4.468503,45.790454],[4.468503,45.790477],[4.468417,45.790468]]]}},{"type":"Feature","properties":{"osm_id":181167601,"building":"yes","source":"cadastre-dgi-fr source : Direction Générale des Impôts - Cadastre. Mise à jour : 2012"},"geometry":{"type":"Polygon","coordinates":[[[4.456401,45.796334],[4.456382,45.796367],[4.456342,45.796425],[4.456294,45.796429],[4.456296,45.796475],[4.456283,45.796489],[4.456266,45.796501],[4.456242,45.796514],[4.456183,45.796536],[4.456176,45.796488],[4.456188,45.796484],[4.456186,45.796446],[4.456182,45.796443],[4.456172,45.796443],[4.456167,45.79644],[4.456165,45.796367],[4.456171,45.796361],[4.456331,45.796361],[4.456354,45.796322],[4.456401,45.796334]]]}},{"type":"Feature","properties":{"osm_id":181167603,"building":"yes","source":"cadastre-dgi-fr source : Direction Générale des Impôts - Cadastre. Mise à jour : 2012"},"geometry":{"type":"Polygon","coordinates":[[[4.4653646,45.7905913],[4.465297,45.790568],[4.4652983,45.7905658],[4.465302,45.79056],[4.465283,45.790541],[4.465281,45.790526],[4.46529,45.790508],[4.465298,45.790502],[4.465333,45.790513],[4.4653405,45.7905029],[4.46537,45.790463],[4.465463,45.790491],[4.465477,45.790474],[4.465577,45.790507],[4.465529,45.790582],[4.465697,45.790673],[4.465648,45.790656],[4.46561,45.790716],[4.4653942,45.7906027],[4.4653646,45.7905913]]]}},{"type":"Feature","properties":{"osm_id":181167604,"building":"yes","source":"cadastre-dgi-fr source : Direction Générale des Impôts - Cadastre. Mise à jour : 2012"},"geometry":{"type":"Polygon","coordinates":[[[4.460217,45.799349],[4.460235,45.79929],[4.460209,45.799286],[4.460212,45.799277],[4.460187,45.799274],[4.460184,45.799283],[4.460137,45.799276],[4.460142,45.799258],[4.460126,45.799243],[4.460136,45.79921],[4.46016,45.799201],[4.460198,45.799206],[4.460231,45.799189],[4.460272,45.799194],[4.460296,45.79922],[4.460334,45.799225],[4.460354,45.799227],[4.460332,45.799303],[4.460316,45.799301],[4.460299,45.79936],[4.460217,45.799349]]]}},{"type":"Feature","properties":{"osm_id":181167605,"building":"yes","source":"cadastre-dgi-fr source : Direction Générale des Impôts - Cadastre. Mise à jour : 2012"},"geometry":{"type":"Polygon","coordinates":[[[4.460709,45.799467],[4.460739,45.799479],[4.460767,45.799445],[4.460849,45.799482],[4.460796,45.799539],[4.460805,45.799542],[4.460792,45.799557],[4.460827,45.799571],[4.46079,45.799612],[4.460706,45.799574],[4.460697,45.799586],[4.460665,45.799571],[4.460657,45.79958],[4.460616,45.799562],[4.460624,45.799553],[4.460538,45.799517],[4.460571,45.79948],[4.460608,45.799496],[4.460628,45.799473],[4.460613,45.799466],[4.4606262,45.7994512],[4.460638,45.799438],[4.460709,45.799467]]]}},{"type":"Feature","properties":{"osm_id":181167610,"building":"yes","source":"cadastre-dgi-fr source : Direction Générale des Impôts - Cadastre. Mise à jour : 2012"},"geometry":{"type":"Polygon","coordinates":[[[4.456636,45.788987],[4.456771,45.78895],[4.456836,45.788936],[4.456855,45.788981],[4.456868,45.788979],[4.456875,45.788995],[4.456863,45.788998],[4.456866,45.789006],[4.456755,45.789029],[4.456626,45.78906],[4.456618,45.78903],[4.45659,45.789031],[4.456581,45.789],[4.456547,45.789001],[4.45654,45.789033],[4.4564631,45.7890379],[4.45643,45.78904],[4.456419,45.788978],[4.456458,45.788975],[4.456508,45.788971],[4.456491,45.788876],[4.456603,45.788857],[4.456618,45.788916],[4.456636,45.788987]]]}},{"type":"Feature","properties":{"osm_id":181167614,"building":"yes","source":"cadastre-dgi-fr source : Direction Générale des Impôts - Cadastre. Mise à jour : 2012"},"geometry":{"type":"Polygon","coordinates":[[[4.444959,45.792249],[4.444959,45.79223],[4.444816,45.792137],[4.445349,45.79174],[4.445375,45.791757],[4.4454,45.791738],[4.445459,45.791778],[4.445529,45.791725],[4.445567,45.79175],[4.445496,45.791802],[4.445732,45.791958],[4.445802,45.791906],[4.44584,45.79193],[4.445769,45.791983],[4.445883,45.792058],[4.445859,45.792076],[4.445884,45.792093],[4.445715,45.792218],[4.445685,45.79224],[4.445856,45.792353],[4.445808,45.792387],[4.445421,45.792362],[4.445298,45.792453],[4.445014,45.792267],[4.444987,45.792268],[4.444959,45.792249]]]}},{"type":"Feature","properties":{"osm_id":181167617,"building":"yes","source":"cadastre-dgi-fr source : Direction Générale des Impôts - Cadastre. Mise à jour : 2012"},"geometry":{"type":"Polygon","coordinates":[[[4.46418,45.79051],[4.464251,45.790487],[4.464268,45.790513],[4.464318,45.790499],[4.46433,45.790519],[4.464342,45.790515],[4.464367,45.790559],[4.464358,45.790562],[4.464372,45.790587],[4.464383,45.790585],[4.464419,45.790647],[4.46441,45.790651],[4.464423,45.790673],[4.464433,45.79067],[4.464468,45.790729],[4.464322,45.790772],[4.464288,45.790718],[4.464304,45.790713],[4.464286,45.790683],[4.46427,45.790687],[4.464236,45.790634],[4.464252,45.790628],[4.464233,45.790597],[4.464217,45.790601],[4.464186,45.79055],[4.464202,45.790545],[4.46418,45.79051]]]}},{"type":"Feature","properties":{"osm_id":181167620,"amenity":"place_of_worship","building":"church","denomination":"catholic","name":"Église Saint-Sulpice","religion":"christian","source":"cadastre-dgi-fr source : Direction Générale des Impôts - Cadastre. Mise à jour : 2012","wikidata":"Q41794865"},"geometry":{"type":"Polygon","coordinates":[[[4.467216,45.790563],[4.467216,45.790575],[4.467263,45.790572],[4.467264,45.790582],[4.4673,45.790579],[4.467328,45.790578],[4.467329,45.790585],[4.467402,45.790579],[4.46741,45.790636],[4.467335,45.790643],[4.467345,45.790656],[4.467336,45.790661],[4.467328,45.790657],[4.46729,45.790659],[4.467289,45.790664],[4.467277,45.790665],[4.467273,45.79066],[4.467246,45.790662],[4.467244,45.790666],[4.467229,45.790664],[4.467222,45.790679],[4.467198,45.79069],[4.46718,45.79069],[4.46718,45.790681],[4.467022,45.79069],[4.467006,45.790592],[4.467164,45.790579],[4.467163,45.790567],[4.467216,45.790563]]]}},{"type":"Feature","properties":{"osm_id":181167623,"building":"yes","source":"cadastre-dgi-fr source : Direction Générale des Impôts - Cadastre. Mise à jour : 2012"},"geometry":{"type":"Polygon","coordinates":[[[4.464544,45.794044],[4.464431,45.793974],[4.464513,45.793905],[4.46464,45.793975],[4.464685,45.793941],[4.464664,45.793928],[4.464733,45.793865],[4.464698,45.793844],[4.46468,45.793857],[4.464632,45.79383],[4.464594,45.793861],[4.46457,45.793847],[4.464512,45.793894],[4.464406,45.793837],[4.464485,45.793763],[4.46446,45.793747],[4.464551,45.793672],[4.464652,45.793731],[4.464659,45.793725],[4.464753,45.793779],[4.464767,45.793767],[4.464866,45.793823],[4.464876,45.793815],[4.464982,45.793872],[4.464891,45.793954],[4.464855,45.793933],[4.464606,45.794142],[4.464498,45.794078],[4.464544,45.794044]]]}},{"type":"Feature","properties":{"osm_id":181167627,"building":"yes","source":"cadastre-dgi-fr source : Direction Générale des Impôts - Cadastre. Mise à jour : 2012"},"geometry":{"type":"Polygon","coordinates":[[[4.464158,45.795137],[4.46407,45.795094],[4.46412,45.795043],[4.464134,45.79505],[4.464179,45.795004],[4.464165,45.794998],[4.464215,45.794946],[4.464173,45.794927],[4.464197,45.794903],[4.464187,45.794899],[4.464284,45.794801],[4.464293,45.794805],[4.464339,45.79476],[4.464325,45.794754],[4.464374,45.794703],[4.464463,45.794747],[4.464414,45.794797],[4.464397,45.794789],[4.464352,45.794834],[4.464368,45.794842],[4.464272,45.794941],[4.464256,45.794933],[4.464234,45.794956],[4.464303,45.79499],[4.464254,45.795041],[4.464242,45.795035],[4.464219,45.795058],[4.464197,45.795081],[4.464208,45.795087],[4.464158,45.795137]]]}},{"type":"Feature","properties":{"osm_id":181167628,"building":"yes","source":"cadastre-dgi-fr source : Direction Générale des Impôts - Cadastre. Mise à jour : 2012","wall":"no"},"geometry":{"type":"Polygon","coordinates":[[[4.460465,45.79285],[4.460385,45.792893],[4.46037,45.79288],[4.460465,45.79285]]]}},{"type":"Feature","properties":{"osm_id":181167631,"building":"yes","source":"cadastre-dgi-fr source : Direction Générale des Impôts - Cadastre. Mise à jour : 2012","wall":"no"},"geometry":{"type":"Polygon","coordinates":[[[4.471762,45.787968],[4.471662,45.78795],[4.47168,45.787908],[4.471762,45.787968]]]}},{"type":"Feature","properties":{"osm_id":181167867,"building":"yes","source":"cadastre-dgi-fr source : Direction Générale des Impôts - Cadastre. Mise à jour : 2012","wall":"no"},"geometry":{"type":"Polygon","coordinates":[[[4.471785,45.785925],[4.471778,45.785965],[4.4717239,45.7859545],[4.471785,45.785925]]]}},{"type":"Feature","properties":{"osm_id":181167873,"building":"residential","name":"Résidence Gouttevine","source":"cadastre-dgi-fr source : Direction Générale des Impôts - Cadastre. Mise à jour : 2012"},"geometry":{"type":"Polygon","coordinates":[[[4.464419,45.790774],[4.464483,45.790755],[4.464568,45.790729],[4.464654,45.790875],[4.464641,45.790879],[4.464654,45.790903],[4.464669,45.790899],[4.464769,45.79107],[4.46479,45.791065],[4.464889,45.791239],[4.46487,45.791244],[4.46492,45.791329],[4.46479,45.791367],[4.464768,45.791331],[4.464751,45.791335],[4.464721,45.791286],[4.464753,45.791276],[4.464735,45.791245],[4.46472,45.791249],[4.464692,45.7912],[4.464707,45.791195],[4.464687,45.791159],[4.464672,45.791163],[4.464619,45.791074],[4.4646,45.79108],[4.464568,45.791027],[4.464587,45.791021],[4.46457,45.790992],[4.464551,45.790997],[4.464518,45.790942],[4.464536,45.790936],[4.464521,45.79091],[4.464503,45.790915],[4.464466,45.790856],[4.464486,45.790849],[4.464466,45.790817],[4.464446,45.790821],[4.464419,45.790774]]]}},{"type":"Feature","properties":{"osm_id":181167874,"building":"yes","source":"cadastre-dgi-fr source : Direction Générale des Impôts - Cadastre. Mise à jour : 2012","wall":"no"},"geometry":{"type":"Polygon","coordinates":[[[4.460325,45.79524],[4.460302,45.795172],[4.460342,45.795166],[4.460355,45.795224],[4.460325,45.79524]]]}},{"type":"Feature","properties":{"osm_id":181167875,"building":"yes","source":"cadastre-dgi-fr source : Direction Générale des Impôts - Cadastre. Mise à jour : 2012"},"geometry":{"type":"Polygon","coordinates":[[[4.462443,45.787613],[4.462345,45.787646],[4.462238,45.787541],[4.462316,45.787501],[4.462443,45.787613]]]}},{"type":"Feature","properties":{"osm_id":181167877,"building":"yes","source":"cadastre-dgi-fr source : Direction Générale des Impôts - Cadastre. Mise à jour : 2012","wall":"no"},"geometry":{"type":"Polygon","coordinates":[[[4.469882,45.789086],[4.469919,45.789111],[4.469898,45.789126],[4.469861,45.789102],[4.469882,45.789086]]]}},{"type":"Feature","properties":{"osm_id":181167878,"building":"yes","source":"cadastre-dgi-fr source : Direction Générale des Impôts - Cadastre. Mise à jour : 2012"},"geometry":{"type":"Polygon","coordinates":[[[4.468058,45.785599],[4.46802,45.785641],[4.467897,45.785577],[4.467946,45.785533],[4.468058,45.785599]]]}},{"type":"Feature","properties":{"osm_id":181167879,"building":"yes","source":"cadastre-dgi-fr source : Direction Générale des Impôts - Cadastre. Mise à jour : 2012","wall":"no"},"geometry":{"type":"Polygon","coordinates":[[[4.465309,45.793306],[4.465352,45.793256],[4.465381,45.793268],[4.465338,45.793318],[4.465309,45.793306]]]}},{"type":"Feature","properties":{"osm_id":181167880,"building":"yes","source":"cadastre-dgi-fr source : Direction Générale des Impôts - Cadastre. Mise à jour : 2012"},"geometry":{"type":"Polygon","coordinates":[[[4.456581,45.795853],[4.456751,45.795827],[4.456766,45.795891],[4.456598,45.795914],[4.456581,45.795853]]]}},{"type":"Feature","properties":{"osm_id":181167881,"building":"yes","source":"cadastre-dgi-fr source : Direction Générale des Impôts - Cadastre. Mise à jour : 2012"},"geometry":{"type":"Polygon","coordinates":[[[4.466851,45.79087],[4.466953,45.790817],[4.466991,45.790853],[4.466896,45.790909],[4.466851,45.79087]]]}},{"type":"Feature","properties":{"osm_id":181167882,"building":"yes","source":"cadastre-dgi-fr source : Direction Générale des Impôts - Cadastre. Mise à jour : 2012"},"geometry":{"type":"Polygon","coordinates":[[[4.465915,45.79217],[4.465991,45.792179],[4.465983,45.792229],[4.465907,45.792221],[4.465915,45.79217]]]}},{"type":"Feature","properties":{"osm_id":181167883,"building":"yes","source":"cadastre-dgi-fr source : Direction Générale des Impôts - Cadastre. Mise à jour : 2012"},"geometry":{"type":"Polygon","coordinates":[[[4.459018,45.800769],[4.458991,45.800698],[4.459178,45.800663],[4.4592039,45.800731],[4.459205,45.800734],[4.4591285,45.8007483],[4.459018,45.800769]]]}},{"type":"Feature","properties":{"osm_id":181167884,"building":"yes","source":"cadastre-dgi-fr source : Direction Générale des Impôts - Cadastre. Mise à jour : 2012","wall":"no"},"geometry":{"type":"Polygon","coordinates":[[[4.458952,45.793049],[4.4590125,45.7930739],[4.458997,45.793105],[4.458928,45.793077],[4.458952,45.793049]]]}},{"type":"Feature","properties":{"osm_id":181167888,"building":"yes","source":"cadastre-dgi-fr source : Direction Générale des Impôts - Cadastre. Mise à jour : 2012"},"geometry":{"type":"Polygon","coordinates":[[[4.448999,45.78424],[4.448988,45.784269],[4.448934,45.784259],[4.448945,45.78423],[4.448999,45.78424]]]}},{"type":"Feature","properties":{"osm_id":181167889,"building":"yes","source":"cadastre-dgi-fr source : Direction Générale des Impôts - Cadastre. Mise à jour : 2012"},"geometry":{"type":"Polygon","coordinates":[[[4.46134,45.791912],[4.461328,45.791886],[4.461373,45.791876],[4.461386,45.791901],[4.46134,45.791912]]]}},{"type":"Feature","properties":{"osm_id":181167890,"building":"yes","source":"cadastre-dgi-fr source : Direction Générale des Impôts - Cadastre. Mise à jour : 2012","wall":"no"},"geometry":{"type":"Polygon","coordinates":[[[4.445685,45.79224],[4.445715,45.792218],[4.445886,45.792331],[4.445856,45.792353],[4.445685,45.79224]]]}},{"type":"Feature","properties":{"osm_id":181167891,"building":"yes","source":"cadastre-dgi-fr source : Direction Générale des Impôts - Cadastre. Mise à jour : 2012","wall":"no"},"geometry":{"type":"Polygon","coordinates":[[[4.4718864,45.7856875],[4.4718891,45.7856691],[4.4719254,45.7856719],[4.4719232,45.7856904],[4.4718864,45.7856875]]]}},{"type":"Feature","properties":{"osm_id":181167898,"building":"yes","source":"cadastre-dgi-fr source : Direction Générale des Impôts - Cadastre. Mise à jour : 2012"},"geometry":{"type":"Polygon","coordinates":[[[4.472086,45.787586],[4.472084,45.787528],[4.472117,45.787526],[4.47212,45.787585],[4.472086,45.787586]]]}},{"type":"Feature","properties":{"osm_id":181167899,"building":"yes","source":"cadastre-dgi-fr source : Direction Générale des Impôts - Cadastre. Mise à jour : 2012","wall":"no"},"geometry":{"type":"Polygon","coordinates":[[[4.456508,45.788971],[4.456458,45.788975],[4.456454,45.788953],[4.456503,45.788948],[4.456508,45.788971]]]}},{"type":"Feature","properties":{"osm_id":181167900,"building":"yes","source":"cadastre-dgi-fr source : Direction Générale des Impôts - Cadastre. Mise à jour : 2012"},"geometry":{"type":"Polygon","coordinates":[[[4.465634,45.790036],[4.465709,45.790075],[4.465673,45.790106],[4.465599,45.790069],[4.465634,45.790036]]]}},{"type":"Feature","properties":{"osm_id":181167901,"building":"yes","source":"cadastre-dgi-fr source : Direction Générale des Impôts - Cadastre. Mise à jour : 2012","wall":"no"},"geometry":{"type":"Polygon","coordinates":[[[4.458626,45.799849],[4.458625,45.799833],[4.458687,45.79983],[4.458687,45.799846],[4.458626,45.799849]]]}},{"type":"Feature","properties":{"osm_id":181167903,"building":"yes","source":"cadastre-dgi-fr source : Direction Générale des Impôts - Cadastre. Mise à jour : 2012","wall":"no"},"geometry":{"type":"Polygon","coordinates":[[[4.47368,45.78436],[4.473644,45.784402],[4.473544,45.784355],[4.473581,45.784316],[4.47368,45.78436]]]}},{"type":"Feature","properties":{"osm_id":181167905,"building":"yes","source":"cadastre-dgi-fr source : Direction Générale des Impôts - Cadastre. Mise à jour : 2012","wall":"no"},"geometry":{"type":"Polygon","coordinates":[[[4.45878,45.793501],[4.458815,45.79353],[4.458766,45.793556],[4.458733,45.79353],[4.45878,45.793501]]]}},{"type":"Feature","properties":{"osm_id":181167909,"building":"yes","source":"cadastre-dgi-fr source : Direction Générale des Impôts - Cadastre. Mise à jour : 2012"},"geometry":{"type":"Polygon","coordinates":[[[4.462295,45.788672],[4.462275,45.788649],[4.462304,45.788637],[4.462323,45.788659],[4.462295,45.788672]]]}},{"type":"Feature","properties":{"osm_id":181167910,"building":"yes","source":"cadastre-dgi-fr source : Direction Générale des Impôts - Cadastre. Mise à jour : 2012","wall":"no"},"geometry":{"type":"Polygon","coordinates":[[[4.462496,45.794825],[4.462503,45.794813],[4.462529,45.79482],[4.462522,45.794832],[4.462496,45.794825]]]}},{"type":"Feature","properties":{"osm_id":181167912,"building":"yes","source":"cadastre-dgi-fr source : Direction Générale des Impôts - Cadastre. Mise à jour : 2012"},"geometry":{"type":"Polygon","coordinates":[[[4.46573,45.791928],[4.465584,45.791932],[4.465579,45.791879],[4.465725,45.791873],[4.46573,45.791928]]]}},{"type":"Feature","properties":{"osm_id":181167914,"building":"yes","source":"cadastre-dgi-fr source : Direction Générale des Impôts - Cadastre. Mise à jour : 2012"},"geometry":{"type":"Polygon","coordinates":[[[4.466154,45.790574],[4.466131,45.790638],[4.466055,45.790612],[4.4660896,45.7905634],[4.466154,45.790574]]]}},{"type":"Feature","properties":{"osm_id":181167916,"building":"yes","source":"cadastre-dgi-fr source : Direction Générale des Impôts - Cadastre. Mise à jour : 2012"},"geometry":{"type":"Polygon","coordinates":[[[4.466911,45.791439],[4.466917,45.791478],[4.466849,45.79149],[4.46686,45.791461],[4.466911,45.791439]]]}},{"type":"Feature","properties":{"osm_id":181167919,"building":"yes","source":"cadastre-dgi-fr source : Direction Générale des Impôts - Cadastre. Mise à jour : 2012","wall":"no"},"geometry":{"type":"Polygon","coordinates":[[[4.446823,45.7830408],[4.4468644,45.7829978],[4.446993,45.7830579],[4.4469516,45.7831009],[4.446823,45.7830408]]]}},{"type":"Feature","properties":{"osm_id":181167920,"building":"yes","source":"cadastre-dgi-fr source : Direction Générale des Impôts - Cadastre. Mise à jour : 2012","wall":"no"},"geometry":{"type":"Polygon","coordinates":[[[4.460797,45.792873],[4.46068,45.792936],[4.460665,45.792922],[4.460771,45.792856],[4.460797,45.792873]]]}},{"type":"Feature","properties":{"osm_id":181167922,"building":"yes","source":"cadastre-dgi-fr source : Direction Générale des Impôts - Cadastre. Mise à jour : 2012","wall":"no"},"geometry":{"type":"Polygon","coordinates":[[[4.461836,45.797356],[4.461834,45.797334],[4.461848,45.797334],[4.46185,45.797355],[4.461836,45.797356]]]}},{"type":"Feature","properties":{"osm_id":181167925,"building":"yes","source":"cadastre-dgi-fr source : Direction Générale des Impôts - Cadastre. Mise à jour : 2012"},"geometry":{"type":"Polygon","coordinates":[[[4.465112,45.792065],[4.465129,45.792034],[4.465183,45.792049],[4.465166,45.792079],[4.465112,45.792065]]]}},{"type":"Feature","properties":{"osm_id":181167927,"building":"yes","source":"cadastre-dgi-fr source : Direction Générale des Impôts - Cadastre. Mise à jour : 2012"},"geometry":{"type":"Polygon","coordinates":[[[4.467286,45.791793],[4.467271,45.791813],[4.467229,45.791799],[4.467244,45.791779],[4.467286,45.791793]]]}},{"type":"Feature","properties":{"osm_id":181167930,"building":"yes","source":"cadastre-dgi-fr source : Direction Générale des Impôts - Cadastre. Mise à jour : 2012","wall":"no"},"geometry":{"type":"Polygon","coordinates":[[[4.457083,45.799453],[4.457088,45.799487],[4.457037,45.799493],[4.45703,45.799459],[4.457083,45.799453]]]}},{"type":"Feature","properties":{"osm_id":181167931,"building":"yes","source":"cadastre-dgi-fr source : Direction Générale des Impôts - Cadastre. Mise à jour : 2012","wall":"no"},"geometry":{"type":"Polygon","coordinates":[[[4.468688,45.78836],[4.468664,45.788359],[4.468689,45.788271],[4.468714,45.788275],[4.468688,45.78836]]]}},{"type":"Feature","properties":{"osm_id":181167933,"building":"yes","source":"cadastre-dgi-fr source : Direction Générale des Impôts - Cadastre. Mise à jour : 2012"},"geometry":{"type":"Polygon","coordinates":[[[4.464518,45.794227],[4.464493,45.794231],[4.464489,45.794213],[4.464514,45.79421],[4.464518,45.794227]]]}},{"type":"Feature","properties":{"osm_id":181167934,"building":"yes","source":"cadastre-dgi-fr source : Direction Générale des Impôts - Cadastre. Mise à jour : 2012"},"geometry":{"type":"Polygon","coordinates":[[[4.466611,45.79124],[4.4666,45.791219],[4.466617,45.791215],[4.466628,45.791236],[4.466611,45.79124]]]}},{"type":"Feature","properties":{"osm_id":181167936,"building":"yes","source":"cadastre-dgi-fr source : Direction Générale des Impôts - Cadastre. Mise à jour : 2012","wall":"no"},"geometry":{"type":"Polygon","coordinates":[[[4.469678,45.786021],[4.469639,45.786026],[4.469628,45.785973],[4.469666,45.785969],[4.469678,45.786021]]]}},{"type":"Feature","properties":{"osm_id":181167938,"building":"yes","source":"cadastre-dgi-fr source : Direction Générale des Impôts - Cadastre. Mise à jour : 2012","wall":"no"},"geometry":{"type":"Polygon","coordinates":[[[4.450347,45.793469],[4.450296,45.793385],[4.450388,45.793358],[4.450439,45.793444],[4.450347,45.793469]]]}},{"type":"Feature","properties":{"osm_id":181167941,"building":"yes","source":"cadastre-dgi-fr source : Direction Générale des Impôts - Cadastre. Mise à jour : 2012"},"geometry":{"type":"Polygon","coordinates":[[[4.467009,45.790329],[4.467093,45.790355],[4.467029,45.790411],[4.466957,45.790372],[4.467009,45.790329]]]}},{"type":"Feature","properties":{"osm_id":181167943,"building":"yes","source":"cadastre-dgi-fr source : Direction Générale des Impôts - Cadastre. Mise à jour : 2012","wall":"no"},"geometry":{"type":"Polygon","coordinates":[[[4.464426,45.78984],[4.464437,45.789804],[4.464448,45.789799],[4.464469,45.78982],[4.464426,45.78984]]]}},{"type":"Feature","properties":{"osm_id":181167944,"building":"yes","source":"cadastre-dgi-fr source : Direction Générale des Impôts - Cadastre. Mise à jour : 2012","wall":"no"},"geometry":{"type":"Polygon","coordinates":[[[4.456584,45.789913],[4.456663,45.789955],[4.456592,45.790017],[4.456511,45.789972],[4.456584,45.789913]]]}},{"type":"Feature","properties":{"osm_id":181167946,"building":"yes","source":"cadastre-dgi-fr source : Direction Générale des Impôts - Cadastre. Mise à jour : 2012"},"geometry":{"type":"Polygon","coordinates":[[[4.472503,45.786081],[4.472432,45.786061],[4.472487,45.785968],[4.472559,45.785987],[4.472503,45.786081]]]}},{"type":"Feature","properties":{"osm_id":181167948,"building":"yes","source":"cadastre-dgi-fr source : Direction Générale des Impôts - Cadastre. Mise à jour : 2012","wall":"no"},"geometry":{"type":"Polygon","coordinates":[[[4.463573,45.792722],[4.463556,45.792706],[4.46359,45.792687],[4.463608,45.792704],[4.463573,45.792722]]]}},{"type":"Feature","properties":{"osm_id":181167951,"building":"yes","source":"cadastre-dgi-fr source : Direction Générale des Impôts - Cadastre. Mise à jour : 2012","wall":"no"},"geometry":{"type":"Polygon","coordinates":[[[4.459858,45.799854],[4.459943,45.799853],[4.459946,45.799879],[4.459858,45.799879],[4.459858,45.799854]]]}},{"type":"Feature","properties":{"osm_id":181167953,"building":"yes","source":"cadastre-dgi-fr source : Direction Générale des Impôts - Cadastre. Mise à jour : 2012","wall":"no"},"geometry":{"type":"Polygon","coordinates":[[[4.4701689,45.7902613],[4.47019,45.7902636],[4.470173,45.790332],[4.470153,45.79033],[4.4701689,45.7902613]]]}},{"type":"Feature","properties":{"osm_id":181167955,"building":"yes","source":"cadastre-dgi-fr source : Direction Générale des Impôts - Cadastre. Mise à jour : 2012"},"geometry":{"type":"Polygon","coordinates":[[[4.467076,45.789743],[4.467044,45.789741],[4.46705,45.789705],[4.467083,45.789706],[4.467076,45.789743]]]}},{"type":"Feature","properties":{"osm_id":181167957,"building":"yes","source":"cadastre-dgi-fr source : Direction Générale des Impôts - Cadastre. Mise à jour : 2012"},"geometry":{"type":"Polygon","coordinates":[[[4.456913,45.786221],[4.456844,45.786231],[4.456836,45.786196],[4.456903,45.786186],[4.456913,45.786221]]]}},{"type":"Feature","properties":{"osm_id":181167959,"building":"yes","source":"cadastre-dgi-fr source : Direction Générale des Impôts - Cadastre. Mise à jour : 2012"},"geometry":{"type":"Polygon","coordinates":[[[4.462638,45.793757],[4.462695,45.793807],[4.462646,45.793835],[4.46259,45.793785],[4.462638,45.793757]]]}},{"type":"Feature","properties":{"osm_id":181167961,"building":"yes","source":"cadastre-dgi-fr source : Direction Générale des Impôts - Cadastre. Mise à jour : 2012","wall":"no"},"geometry":{"type":"Polygon","coordinates":[[[4.4599885,45.7995411],[4.4600105,45.7995245],[4.4600525,45.7995516],[4.4600168,45.7995595],[4.4599885,45.7995411]]]}},{"type":"Feature","properties":{"osm_id":181167963,"building":"yes","source":"cadastre-dgi-fr source : Direction Générale des Impôts - Cadastre. Mise à jour : 2012"},"geometry":{"type":"Polygon","coordinates":[[[4.471284,45.790201],[4.471382,45.790223],[4.471316,45.790353],[4.471225,45.790331],[4.471284,45.790201]]]}},{"type":"Feature","properties":{"osm_id":181167964,"building":"yes","source":"cadastre-dgi-fr source : Direction Générale des Impôts - Cadastre. Mise à jour : 2012","wall":"no"},"geometry":{"type":"Polygon","coordinates":[[[4.466774,45.79184],[4.466753,45.791833],[4.466774,45.791777],[4.466801,45.791784],[4.466774,45.79184]]]}},{"type":"Feature","properties":{"osm_id":181167966,"building":"yes","source":"cadastre-dgi-fr source : Direction Générale des Impôts - Cadastre. Mise à jour : 2012"},"geometry":{"type":"Polygon","coordinates":[[[4.457102,45.786254],[4.457006,45.786287],[4.456986,45.786237],[4.457085,45.786214],[4.457102,45.786254]]]}},{"type":"Feature","properties":{"osm_id":181167968,"building":"yes","source":"cadastre-dgi-fr source : Direction Générale des Impôts - Cadastre. Mise à jour : 2012","wall":"no"},"geometry":{"type":"Polygon","coordinates":[[[4.456693,45.795743],[4.456723,45.795788],[4.456675,45.795803],[4.456644,45.795755],[4.456693,45.795743]]]}},{"type":"Feature","properties":{"osm_id":181167970,"building":"yes","source":"cadastre-dgi-fr source : Direction Générale des Impôts - Cadastre. Mise à jour : 2012"},"geometry":{"type":"Polygon","coordinates":[[[4.471708,45.787723],[4.471671,45.787716],[4.471691,45.787693],[4.471728,45.787699],[4.471708,45.787723]]]}},{"type":"Feature","properties":{"osm_id":181167972,"building":"yes","source":"cadastre-dgi-fr source : Direction Générale des Impôts - Cadastre. Mise à jour : 2012","wall":"no"},"geometry":{"type":"Polygon","coordinates":[[[4.466684,45.792262],[4.466695,45.792237],[4.466745,45.792247],[4.4667341,45.7922728],[4.466684,45.792262]]]}},{"type":"Feature","properties":{"osm_id":181167974,"building":"yes","source":"cadastre-dgi-fr source : Direction Générale des Impôts - Cadastre. Mise à jour : 2012","wall":"no"},"geometry":{"type":"Polygon","coordinates":[[[4.470163,45.788818],[4.470246,45.788768],[4.470268,45.788785],[4.470186,45.788836],[4.470163,45.788818]]]}},{"type":"Feature","properties":{"osm_id":181167976,"building":"yes","source":"cadastre-dgi-fr source : Direction Générale des Impôts - Cadastre. Mise à jour : 2012"},"geometry":{"type":"Polygon","coordinates":[[[4.459374,45.796549],[4.459412,45.79647],[4.459533,45.796494],[4.459499,45.796574],[4.459374,45.796549]]]}},{"type":"Feature","properties":{"osm_id":181167978,"building":"yes","source":"cadastre-dgi-fr source : Direction Générale des Impôts - Cadastre. Mise à jour : 2012","wall":"no"},"geometry":{"type":"Polygon","coordinates":[[[4.449817,45.793417],[4.449828,45.793437],[4.44977,45.793452],[4.449756,45.793433],[4.449817,45.793417]]]}},{"type":"Feature","properties":{"osm_id":181167980,"building":"yes","source":"cadastre-dgi-fr source : Direction Générale des Impôts - Cadastre. Mise à jour : 2012","wall":"no"},"geometry":{"type":"Polygon","coordinates":[[[4.461259,45.795328],[4.461154,45.795331],[4.461153,45.795318],[4.461259,45.795316],[4.461259,45.795328]]]}},{"type":"Feature","properties":{"osm_id":181167982,"building":"yes","source":"cadastre-dgi-fr source : Direction Générale des Impôts - Cadastre. Mise à jour : 2012"},"geometry":{"type":"Polygon","coordinates":[[[4.464432,45.791402],[4.464534,45.791375],[4.464598,45.791491],[4.464499,45.791519],[4.464432,45.791402]]]}},{"type":"Feature","properties":{"osm_id":181167985,"building":"yes","source":"cadastre-dgi-fr source : Direction Générale des Impôts - Cadastre. Mise à jour : 2012"},"geometry":{"type":"Polygon","coordinates":[[[4.460949,45.79745],[4.460852,45.797313],[4.460945,45.797281],[4.461042,45.797418],[4.460949,45.79745]]]}},{"type":"Feature","properties":{"osm_id":181167988,"building":"yes","source":"cadastre-dgi-fr source : Direction Générale des Impôts - Cadastre. Mise à jour : 2012"},"geometry":{"type":"Polygon","coordinates":[[[4.466084,45.791785],[4.466087,45.791767],[4.466178,45.791776],[4.466175,45.791793],[4.466084,45.791785]]]}},{"type":"Feature","properties":{"osm_id":181167993,"building":"yes","source":"cadastre-dgi-fr source : Direction Générale des Impôts - Cadastre. Mise à jour : 2012"},"geometry":{"type":"Polygon","coordinates":[[[4.456332,45.789233],[4.456346,45.789191],[4.45642,45.789202],[4.456405,45.789244],[4.456332,45.789233]]]}},{"type":"Feature","properties":{"osm_id":181167996,"building":"yes","source":"cadastre-dgi-fr source : Direction Générale des Impôts - Cadastre. Mise à jour : 2012"},"geometry":{"type":"Polygon","coordinates":[[[4.468553,45.785823],[4.468535,45.785841],[4.468508,45.785827],[4.468528,45.785809],[4.468553,45.785823]]]}},{"type":"Feature","properties":{"osm_id":181168001,"building":"yes","source":"cadastre-dgi-fr source : Direction Générale des Impôts - Cadastre. Mise à jour : 2012","wall":"no"},"geometry":{"type":"Polygon","coordinates":[[[4.460695,45.795191],[4.460696,45.795177],[4.46076,45.795177],[4.460759,45.795192],[4.460695,45.795191]]]}},{"type":"Feature","properties":{"osm_id":181168003,"building":"yes","source":"cadastre-dgi-fr source : Direction Générale des Impôts - Cadastre. Mise à jour : 2012","wall":"no"},"geometry":{"type":"Polygon","coordinates":[[[4.459385,45.79267],[4.45943,45.792632],[4.459459,45.792649],[4.459415,45.792687],[4.459385,45.79267]]]}},{"type":"Feature","properties":{"osm_id":181168005,"building":"yes","source":"cadastre-dgi-fr source : Direction Générale des Impôts - Cadastre. Mise à jour : 2012"},"geometry":{"type":"Polygon","coordinates":[[[4.46676,45.791864],[4.466742,45.791858],[4.466753,45.791833],[4.466774,45.79184],[4.46676,45.791864]]]}},{"type":"Feature","properties":{"osm_id":181168007,"building":"yes","source":"cadastre-dgi-fr source : Direction Générale des Impôts - Cadastre. Mise à jour : 2012"},"geometry":{"type":"Polygon","coordinates":[[[4.4658891,45.7897441],[4.465867,45.789745],[4.465865,45.789721],[4.4658873,45.7897201],[4.4658891,45.7897441]]]}},{"type":"Feature","properties":{"osm_id":181168009,"building":"yes","source":"cadastre-dgi-fr source : Direction Générale des Impôts - Cadastre. Mise à jour : 2012"},"geometry":{"type":"Polygon","coordinates":[[[4.467022,45.790885],[4.467094,45.790927],[4.467017,45.79099],[4.466968,45.79096],[4.467022,45.790885]]]}},{"type":"Feature","properties":{"osm_id":181168011,"building":"yes","source":"cadastre-dgi-fr source : Direction Générale des Impôts - Cadastre. Mise à jour : 2012","wall":"no"},"geometry":{"type":"Polygon","coordinates":[[[4.468678,45.79003],[4.46873,45.790066],[4.468706,45.790081],[4.468654,45.790046],[4.468678,45.79003]]]}},{"type":"Feature","properties":{"osm_id":181168013,"building":"yes","source":"cadastre-dgi-fr source : Direction Générale des Impôts - Cadastre. Mise à jour : 2012","wall":"no"},"geometry":{"type":"Polygon","coordinates":[[[4.4595897,45.8005573],[4.4596588,45.8005574],[4.4596587,45.8005851],[4.4595892,45.8005848],[4.4595897,45.8005573]]]}},{"type":"Feature","properties":{"osm_id":181168015,"building":"yes","source":"cadastre-dgi-fr source : Direction Générale des Impôts - Cadastre. Mise à jour : 2012"},"geometry":{"type":"Polygon","coordinates":[[[4.4616362,45.7923412],[4.4616473,45.792376],[4.4615627,45.792391],[4.4615506,45.7923541],[4.4616362,45.7923412]]]}},{"type":"Feature","properties":{"osm_id":181168017,"building":"yes","source":"cadastre-dgi-fr source : Direction Générale des Impôts - Cadastre. Mise à jour : 2012","wall":"no"},"geometry":{"type":"Polygon","coordinates":[[[4.44977,45.793452],[4.449781,45.793473],[4.449685,45.793494],[4.449668,45.793475],[4.44977,45.793452]]]}},{"type":"Feature","properties":{"osm_id":181168020,"building":"yes","source":"cadastre-dgi-fr source : Direction Générale des Impôts - Cadastre. Mise à jour : 2012"},"geometry":{"type":"Polygon","coordinates":[[[4.4659633,45.7899648],[4.4659272,45.7899339],[4.465952,45.78992],[4.465988,45.789951],[4.4659633,45.7899648]]]}},{"type":"Feature","properties":{"osm_id":181168022,"building":"yes","source":"cadastre-dgi-fr source : Direction Générale des Impôts - Cadastre. Mise à jour : 2012"},"geometry":{"type":"Polygon","coordinates":[[[4.466884,45.790597],[4.466875,45.790626],[4.466775,45.790615],[4.466786,45.790584],[4.466884,45.790597]]]}},{"type":"Feature","properties":{"osm_id":181168025,"building":"yes","source":"cadastre-dgi-fr source : Direction Générale des Impôts - Cadastre. Mise à jour : 2012"},"geometry":{"type":"Polygon","coordinates":[[[4.449625,45.787594],[4.449495,45.787586],[4.449496,45.787542],[4.44963,45.787546],[4.449625,45.787594]]]}},{"type":"Feature","properties":{"osm_id":181168026,"building":"yes","source":"cadastre-dgi-fr source : Direction Générale des Impôts - Cadastre. Mise à jour : 2012"},"geometry":{"type":"Polygon","coordinates":[[[4.461462,45.799599],[4.461515,45.799552],[4.461575,45.799591],[4.461525,45.799637],[4.461462,45.799599]]]}},{"type":"Feature","properties":{"osm_id":181168028,"building":"yes","source":"cadastre-dgi-fr source : Direction Générale des Impôts - Cadastre. Mise à jour : 2012"},"geometry":{"type":"Polygon","coordinates":[[[4.462026,45.792715],[4.462093,45.7926092],[4.4621755,45.7926344],[4.4621194,45.7927397],[4.462026,45.792715]]]}},{"type":"Feature","properties":{"osm_id":181168031,"building":"yes","source":"cadastre-dgi-fr source : Direction Générale des Impôts - Cadastre. Mise à jour : 2012","wall":"no"},"geometry":{"type":"Polygon","coordinates":[[[4.465864,45.791023],[4.4658625,45.790972],[4.465956,45.790964],[4.465965,45.791014],[4.465864,45.791023]]]}},{"type":"Feature","properties":{"osm_id":181168033,"building":"yes","source":"cadastre-dgi-fr source : Direction Générale des Impôts - Cadastre. Mise à jour : 2012","wall":"no"},"geometry":{"type":"Polygon","coordinates":[[[4.458755,45.799392],[4.458784,45.799386],[4.458791,45.799401],[4.4587615,45.799407],[4.458755,45.799392]]]}},{"type":"Feature","properties":{"osm_id":181168035,"building":"yes","source":"cadastre-dgi-fr source : Direction Générale des Impôts - Cadastre. Mise à jour : 2012"},"geometry":{"type":"Polygon","coordinates":[[[4.46115,45.795843],[4.461201,45.795871],[4.46119,45.795881],[4.46114,45.795853],[4.46115,45.795843]]]}},{"type":"Feature","properties":{"osm_id":181168037,"building":"yes","source":"cadastre-dgi-fr source : Direction Générale des Impôts - Cadastre. Mise à jour : 2012"},"geometry":{"type":"Polygon","coordinates":[[[4.4669378,45.79012],[4.466934,45.79009],[4.46703,45.790088],[4.467032,45.790117],[4.4669378,45.79012]]]}},{"type":"Feature","properties":{"osm_id":181168040,"building":"yes","source":"cadastre-dgi-fr source : Direction Générale des Impôts - Cadastre. Mise à jour : 2012"},"geometry":{"type":"Polygon","coordinates":[[[4.47431,45.784356],[4.474306,45.784304],[4.474364,45.7843],[4.47437,45.784353],[4.47431,45.784356]]]}},{"type":"Feature","properties":{"osm_id":181168041,"building":"yes","source":"cadastre-dgi-fr source : Direction Générale des Impôts - Cadastre. Mise à jour : 2012","wall":"no"},"geometry":{"type":"Polygon","coordinates":[[[4.457616,45.790384],[4.45755,45.790356],[4.457589,45.790309],[4.457656,45.790337],[4.457616,45.790384]]]}},{"type":"Feature","properties":{"osm_id":181168044,"building":"yes","source":"cadastre-dgi-fr source : Direction Générale des Impôts - Cadastre. Mise à jour : 2012","wall":"no"},"geometry":{"type":"Polygon","coordinates":[[[4.45566,45.79366],[4.455671,45.793635],[4.455762,45.793656],[4.45575,45.79368],[4.45566,45.79366]]]}},{"type":"Feature","properties":{"osm_id":181168047,"building":"yes","source":"cadastre-dgi-fr source : Direction Générale des Impôts - Cadastre. Mise à jour : 2012"},"geometry":{"type":"Polygon","coordinates":[[[4.469979,45.789503],[4.470006,45.789453],[4.470044,45.789463],[4.470018,45.789513],[4.469979,45.789503]]]}},{"type":"Feature","properties":{"osm_id":181168049,"building":"yes","source":"cadastre-dgi-fr source : Direction Générale des Impôts - Cadastre. Mise à jour : 2012","wall":"no"},"geometry":{"type":"Polygon","coordinates":[[[4.468102,45.785619],[4.468058,45.785661],[4.46802,45.785641],[4.468058,45.785599],[4.468102,45.785619]]]}},{"type":"Feature","properties":{"osm_id":181168051,"building":"yes","source":"cadastre-dgi-fr source : Direction Générale des Impôts - Cadastre. Mise à jour : 2012"},"geometry":{"type":"Polygon","coordinates":[[[4.466099,45.790732],[4.466049,45.790724],[4.466061,45.79069],[4.46611,45.790699],[4.466099,45.790732]]]}},{"type":"Feature","properties":{"osm_id":181168052,"building":"yes","source":"cadastre-dgi-fr source : Direction Générale des Impôts - Cadastre. Mise à jour : 2012"},"geometry":{"type":"Polygon","coordinates":[[[4.4485916,45.7838977],[4.4486234,45.7838525],[4.4487457,45.7838925],[4.4487145,45.7839407],[4.4485916,45.7838977]]]}},{"type":"Feature","properties":{"osm_id":181168055,"building":"yes","source":"cadastre-dgi-fr source : Direction Générale des Impôts - Cadastre. Mise à jour : 2012","wall":"no"},"geometry":{"type":"Polygon","coordinates":[[[4.460272,45.799194],[4.46034,45.799204],[4.460334,45.799225],[4.460296,45.79922],[4.460272,45.799194]]]}},{"type":"Feature","properties":{"osm_id":181168057,"building":"yes","source":"cadastre-dgi-fr source : Direction Générale des Impôts - Cadastre. Mise à jour : 2012","wall":"no"},"geometry":{"type":"Polygon","coordinates":[[[4.462584,45.788638],[4.46261,45.788669],[4.462586,45.788678],[4.462559,45.788647],[4.462584,45.788638]]]}},{"type":"Feature","properties":{"osm_id":181168059,"building":"yes","source":"cadastre-dgi-fr source : Direction Générale des Impôts - Cadastre. Mise à jour : 2012"},"geometry":{"type":"Polygon","coordinates":[[[4.467561,45.789817],[4.467395,45.789766],[4.467427,45.789714],[4.467593,45.789772],[4.467561,45.789817]]]}},{"type":"Feature","properties":{"osm_id":181168061,"building":"yes","source":"cadastre-dgi-fr source : Direction Générale des Impôts - Cadastre. Mise à jour : 2012"},"geometry":{"type":"Polygon","coordinates":[[[4.466095,45.792213],[4.466073,45.792205],[4.466083,45.792189],[4.466111,45.792192],[4.466095,45.792213]]]}},{"type":"Feature","properties":{"osm_id":181168062,"building":"yes","source":"cadastre-dgi-fr source : Direction Générale des Impôts - Cadastre. Mise à jour : 2012","wall":"no"},"geometry":{"type":"Polygon","coordinates":[[[4.4594609,45.8002421],[4.459527,45.800219],[4.459545,45.800245],[4.459477,45.800266],[4.4594609,45.8002421]]]}},{"type":"Feature","properties":{"osm_id":181168064,"building":"yes","source":"cadastre-dgi-fr source : Direction Générale des Impôts - Cadastre. Mise à jour : 2012"},"geometry":{"type":"Polygon","coordinates":[[[4.469561,45.78853],[4.469521,45.788481],[4.469651,45.788429],[4.46969,45.788479],[4.469561,45.78853]]]}},{"type":"Feature","properties":{"osm_id":181168066,"building":"yes","source":"cadastre-dgi-fr source : Direction Générale des Impôts - Cadastre. Mise à jour : 2012","wall":"no"},"geometry":{"type":"Polygon","coordinates":[[[4.460863,45.796257],[4.460843,45.796252],[4.460864,45.796222],[4.460883,45.796227],[4.460863,45.796257]]]}},{"type":"Feature","properties":{"osm_id":181168068,"building":"yes","source":"cadastre-dgi-fr source : Direction Générale des Impôts - Cadastre. Mise à jour : 2012"},"geometry":{"type":"Polygon","coordinates":[[[4.4446655,45.7921053],[4.4446564,45.7920686],[4.4446871,45.7920646],[4.4446972,45.7921014],[4.4446655,45.7921053]]]}},{"type":"Feature","properties":{"osm_id":181168070,"building":"yes","source":"cadastre-dgi-fr source : Direction Générale des Impôts - Cadastre. Mise à jour : 2012"},"geometry":{"type":"Polygon","coordinates":[[[4.458093,45.799708],[4.458091,45.799676],[4.458142,45.799675],[4.458144,45.799706],[4.458093,45.799708]]]}},{"type":"Feature","properties":{"osm_id":181168072,"building":"yes","source":"cadastre-dgi-fr source : Direction Générale des Impôts - Cadastre. Mise à jour : 2012"},"geometry":{"type":"Polygon","coordinates":[[[4.470557,45.788657],[4.470479,45.788591],[4.470664,45.788491],[4.47074,45.788554],[4.470557,45.788657]]]}},{"type":"Feature","properties":{"osm_id":181168073,"building":"yes","source":"cadastre-dgi-fr source : Direction Générale des Impôts - Cadastre. Mise à jour : 2012"},"geometry":{"type":"Polygon","coordinates":[[[4.456018,45.796349],[4.456078,45.796516],[4.455986,45.796531],[4.455931,45.796366],[4.456018,45.796349]]]}},{"type":"Feature","properties":{"osm_id":181168077,"building":"yes","source":"cadastre-dgi-fr source : Direction Générale des Impôts - Cadastre. Mise à jour : 2012","wall":"no"},"geometry":{"type":"Polygon","coordinates":[[[4.4713074,45.7858324],[4.4711104,45.7858229],[4.4711466,45.7857519],[4.4713158,45.7857604],[4.4713074,45.7858324]]]}},{"type":"Feature","properties":{"osm_id":181168079,"building":"yes","source":"cadastre-dgi-fr source : Direction Générale des Impôts - Cadastre. Mise à jour : 2012","wall":"no"},"geometry":{"type":"Polygon","coordinates":[[[4.461141,45.785887],[4.461108,45.785866],[4.461157,45.785827],[4.46119,45.785848],[4.461141,45.785887]]]}},{"type":"Feature","properties":{"osm_id":181168081,"building":"yes","source":"cadastre-dgi-fr source : Direction Générale des Impôts - Cadastre. Mise à jour : 2012"},"geometry":{"type":"Polygon","coordinates":[[[4.46713,45.79005],[4.467126,45.790142],[4.467074,45.790142],[4.467071,45.790048],[4.46713,45.79005]]]}},{"type":"Feature","properties":{"osm_id":181168082,"building":"yes","source":"cadastre-dgi-fr source : Direction Générale des Impôts - Cadastre. Mise à jour : 2012","wall":"no"},"geometry":{"type":"Polygon","coordinates":[[[4.464516,45.789767],[4.464545,45.789754],[4.464559,45.789769],[4.46453,45.789782],[4.464516,45.789767]]]}},{"type":"Feature","properties":{"osm_id":181168083,"building":"yes","source":"cadastre-dgi-fr source : Direction Générale des Impôts - Cadastre. Mise à jour : 2012"},"geometry":{"type":"Polygon","coordinates":[[[4.47359,45.783335],[4.473771,45.783338],[4.473766,45.783385],[4.473594,45.783385],[4.47359,45.783335]]]}},{"type":"Feature","properties":{"osm_id":181168088,"building":"yes","source":"cadastre-dgi-fr source : Direction Générale des Impôts - Cadastre. Mise à jour : 2012","wall":"no"},"geometry":{"type":"Polygon","coordinates":[[[4.457751,45.792138],[4.457696,45.792077],[4.457756,45.792051],[4.457811,45.792112],[4.457751,45.792138]]]}},{"type":"Feature","properties":{"osm_id":181168090,"building":"yes","source":"cadastre-dgi-fr source : Direction Générale des Impôts - Cadastre. Mise à jour : 2012","wall":"no"},"geometry":{"type":"Polygon","coordinates":[[[4.451791,45.793245],[4.451834,45.793204],[4.451868,45.793221],[4.451826,45.793262],[4.451791,45.793245]]]}},{"type":"Feature","properties":{"osm_id":181168092,"building":"yes","source":"cadastre-dgi-fr source : Direction Générale des Impôts - Cadastre. Mise à jour : 2012","wall":"no"},"geometry":{"type":"Polygon","coordinates":[[[4.460486,45.794622],[4.460369,45.7946471],[4.460364,45.794636],[4.460481,45.79461],[4.460486,45.794622]]]}},{"type":"Feature","properties":{"osm_id":181168093,"building":"yes","source":"cadastre-dgi-fr source : Direction Générale des Impôts - Cadastre. Mise à jour : 2012","wall":"no"},"geometry":{"type":"Polygon","coordinates":[[[4.462323,45.788659],[4.462304,45.788637],[4.462331,45.788626],[4.46235,45.788649],[4.462323,45.788659]]]}},{"type":"Feature","properties":{"osm_id":181168094,"building":"yes","source":"cadastre-dgi-fr source : Direction Générale des Impôts - Cadastre. Mise à jour : 2012","wall":"no"},"geometry":{"type":"Polygon","coordinates":[[[4.460166,45.799181],[4.460231,45.799189],[4.460198,45.799206],[4.46016,45.799201],[4.460166,45.799181]]]}},{"type":"Feature","properties":{"osm_id":181168098,"building":"yes","source":"cadastre-dgi-fr source : Direction Générale des Impôts - Cadastre. Mise à jour : 2012"},"geometry":{"type":"Polygon","coordinates":[[[4.465487,45.79194],[4.465485,45.791922],[4.465511,45.791921],[4.465512,45.791939],[4.465487,45.79194]]]}},{"type":"Feature","properties":{"osm_id":181168100,"building":"yes","source":"cadastre-dgi-fr source : Direction Générale des Impôts - Cadastre. Mise à jour : 2012"},"geometry":{"type":"Polygon","coordinates":[[[4.457203,45.78622],[4.457148,45.78623],[4.457133,45.786194],[4.457189,45.786183],[4.457203,45.78622]]]}},{"type":"Feature","properties":{"osm_id":181168102,"building":"yes","source":"cadastre-dgi-fr source : Direction Générale des Impôts - Cadastre. Mise à jour : 2012","wall":"no"},"geometry":{"type":"Polygon","coordinates":[[[4.465388,45.790615],[4.465358,45.7906],[4.4653646,45.7905913],[4.4653942,45.7906027],[4.465388,45.790615]]]}},{"type":"Feature","properties":{"osm_id":181168103,"building":"yes","source":"cadastre-dgi-fr source : Direction Générale des Impôts - Cadastre. Mise à jour : 2012"},"geometry":{"type":"Polygon","coordinates":[[[4.466911,45.790774],[4.466953,45.790817],[4.466851,45.79087],[4.466808,45.790829],[4.466911,45.790774]]]}},{"type":"Feature","properties":{"osm_id":181168104,"building":"yes","source":"cadastre-dgi-fr source : Direction Générale des Impôts - Cadastre. Mise à jour : 2012"},"geometry":{"type":"Polygon","coordinates":[[[4.464043,45.795742],[4.463972,45.795726],[4.463986,45.795696],[4.464057,45.795712],[4.464043,45.795742]]]}},{"type":"Feature","properties":{"osm_id":181168105,"building":"yes","source":"cadastre-dgi-fr source : Direction Générale des Impôts - Cadastre. Mise à jour : 2012","wall":"no"},"geometry":{"type":"Polygon","coordinates":[[[4.462119,45.797163],[4.462129,45.797142],[4.462146,45.797146],[4.462137,45.797167],[4.462119,45.797163]]]}},{"type":"Feature","properties":{"osm_id":181168110,"building":"yes","source":"cadastre-dgi-fr source : Direction Générale des Impôts - Cadastre. Mise à jour : 2012"},"geometry":{"type":"Polygon","coordinates":[[[4.4655,45.791987],[4.465679,45.791978],[4.46569,45.792082],[4.465512,45.792092],[4.4655,45.791987]]]}},{"type":"Feature","properties":{"osm_id":181168112,"building":"yes","source":"cadastre-dgi-fr source : Direction Générale des Impôts - Cadastre. Mise à jour : 2012"},"geometry":{"type":"Polygon","coordinates":[[[4.467239,45.790864],[4.467283,45.790817],[4.467367,45.790858],[4.467323,45.790904],[4.467239,45.790864]]]}},{"type":"Feature","properties":{"osm_id":181168114,"building":"yes","source":"cadastre-dgi-fr source : Direction Générale des Impôts - Cadastre. Mise à jour : 2012"},"geometry":{"type":"Polygon","coordinates":[[[4.461171,45.792614],[4.461157,45.792589],[4.461234,45.792566],[4.461249,45.792591],[4.461171,45.792614]]]}},{"type":"Feature","properties":{"osm_id":181168115,"building":"yes","source":"cadastre-dgi-fr source : Direction Générale des Impôts - Cadastre. Mise à jour : 2012"},"geometry":{"type":"Polygon","coordinates":[[[4.466658,45.791337],[4.466621,45.791348],[4.466606,45.791318],[4.466643,45.791308],[4.466658,45.791337]]]}},{"type":"Feature","properties":{"osm_id":181168116,"building":"yes","source":"cadastre-dgi-fr source : Direction Générale des Impôts - Cadastre. Mise à jour : 2012","wall":"no"},"geometry":{"type":"Polygon","coordinates":[[[4.469935,45.786236],[4.469834,45.78622],[4.469836,45.786213],[4.469937,45.786229],[4.469935,45.786236]]]}},{"type":"Feature","properties":{"osm_id":181168122,"building":"yes","source":"cadastre-dgi-fr source : Direction Générale des Impôts - Cadastre. Mise à jour : 2012","wall":"no"},"geometry":{"type":"Polygon","coordinates":[[[4.457409,45.799419],[4.457378,45.799424],[4.457363,45.799382],[4.457395,45.799378],[4.457409,45.799419]]]}},{"type":"Feature","properties":{"osm_id":181168123,"building":"yes","source":"cadastre-dgi-fr source : Direction Générale des Impôts - Cadastre. Mise à jour : 2012","wall":"no"},"geometry":{"type":"Polygon","coordinates":[[[4.465808,45.790111],[4.465829,45.790094],[4.4658484,45.7901058],[4.465828,45.790123],[4.465808,45.790111]]]}},{"type":"Feature","properties":{"osm_id":181168124,"building":"yes","source":"cadastre-dgi-fr source : Direction Générale des Impôts - Cadastre. Mise à jour : 2012","wall":"no"},"geometry":{"type":"Polygon","coordinates":[[[4.461045,45.78576],[4.461065,45.785772],[4.460998,45.785828],[4.460978,45.785816],[4.461045,45.78576]]]}},{"type":"Feature","properties":{"osm_id":181168125,"building":"yes","source":"cadastre-dgi-fr source : Direction Générale des Impôts - Cadastre. Mise à jour : 2012","wall":"no"},"geometry":{"type":"Polygon","coordinates":[[[4.469338,45.789443],[4.469394,45.789461],[4.469337,45.789569],[4.469261,45.789552],[4.469338,45.789443]]]}},{"type":"Feature","properties":{"osm_id":181168127,"building":"yes","source":"cadastre-dgi-fr source : Direction Générale des Impôts - Cadastre. Mise à jour : 2012","wall":"no"},"geometry":{"type":"Polygon","coordinates":[[[4.464662,45.793139],[4.464645,45.793128],[4.464674,45.793105],[4.46469,45.793116],[4.464662,45.793139]]]}},{"type":"Feature","properties":{"osm_id":181168133,"building":"yes","source":"cadastre-dgi-fr source : Direction Générale des Impôts - Cadastre. Mise à jour : 2012","wall":"no"},"geometry":{"type":"Polygon","coordinates":[[[4.465505,45.793109],[4.465496,45.793118],[4.465429,45.793089],[4.465438,45.793079],[4.465505,45.793109]]]}},{"type":"Feature","properties":{"osm_id":181168134,"building":"yes","source":"cadastre-dgi-fr source : Direction Générale des Impôts - Cadastre. Mise à jour : 2012","wall":"no"},"geometry":{"type":"Polygon","coordinates":[[[4.46001,45.799238],[4.460032,45.799154],[4.460087,45.799161],[4.460064,45.799245],[4.46001,45.799238]]]}},{"type":"Feature","properties":{"osm_id":181168135,"building":"yes","source":"cadastre-dgi-fr source : Direction Générale des Impôts - Cadastre. Mise à jour : 2012","wall":"no"},"geometry":{"type":"Polygon","coordinates":[[[4.462574,45.795824],[4.462583,45.79581],[4.462664,45.795835],[4.462655,45.795849],[4.462574,45.795824]]]}},{"type":"Feature","properties":{"osm_id":181168137,"building":"yes","source":"cadastre-dgi-fr source : Direction Générale des Impôts - Cadastre. Mise à jour : 2012"},"geometry":{"type":"Polygon","coordinates":[[[4.465827,45.792267],[4.465975,45.79228],[4.465956,45.792352],[4.46582,45.79231],[4.465827,45.792267]]]}},{"type":"Feature","properties":{"osm_id":181168139,"building":"yes","source":"cadastre-dgi-fr source : Direction Générale des Impôts - Cadastre. Mise à jour : 2012"},"geometry":{"type":"Polygon","coordinates":[[[4.467316,45.790783],[4.467403,45.790817],[4.467367,45.790858],[4.467283,45.790817],[4.467316,45.790783]]]}},{"type":"Feature","properties":{"osm_id":181168141,"building":"yes","source":"cadastre-dgi-fr source : Direction Générale des Impôts - Cadastre. Mise à jour : 2012","wall":"no"},"geometry":{"type":"Polygon","coordinates":[[[4.461359,45.792056],[4.461366,45.792077],[4.461228,45.792097],[4.461221,45.792076],[4.461359,45.792056]]]}},{"type":"Feature","properties":{"osm_id":181168145,"building":"yes","source":"cadastre-dgi-fr source : Direction Générale des Impôts - Cadastre. Mise à jour : 2012"},"geometry":{"type":"Polygon","coordinates":[[[4.468654,45.790046],[4.468706,45.790081],[4.468626,45.790132],[4.468575,45.790099],[4.468654,45.790046]]]}},{"type":"Feature","properties":{"osm_id":181168146,"building":"yes","source":"cadastre-dgi-fr source : Direction Générale des Impôts - Cadastre. Mise à jour : 2012"},"geometry":{"type":"Polygon","coordinates":[[[4.45575,45.789321],[4.455648,45.7893],[4.45568,45.789211],[4.455783,45.789235],[4.45575,45.789321]]]}},{"type":"Feature","properties":{"osm_id":181168148,"building":"yes","source":"cadastre-dgi-fr source : Direction Générale des Impôts - Cadastre. Mise à jour : 2012","wall":"no"},"geometry":{"type":"Polygon","coordinates":[[[4.469709,45.786037],[4.469682,45.78604],[4.469678,45.786021],[4.469705,45.786018],[4.469709,45.786037]]]}},{"type":"Feature","properties":{"osm_id":181168150,"building":"yes","source":"cadastre-dgi-fr source : Direction Générale des Impôts - Cadastre. Mise à jour : 2012"},"geometry":{"type":"Polygon","coordinates":[[[4.465572,45.791487],[4.465679,45.79148],[4.465706,45.791667],[4.465602,45.791672],[4.465572,45.791487]]]}},{"type":"Feature","properties":{"osm_id":181168152,"building":"yes","source":"cadastre-dgi-fr source : Direction Générale des Impôts - Cadastre. Mise à jour : 2012"},"geometry":{"type":"Polygon","coordinates":[[[4.4576378,45.7993627],[4.4578245,45.7993202],[4.4578667,45.799408],[4.4576793,45.7994512],[4.4576378,45.7993627]]]}},{"type":"Feature","properties":{"osm_id":181168156,"building":"yes","source":"cadastre-dgi-fr source : Direction Générale des Impôts - Cadastre. Mise à jour : 2012","wall":"no"},"geometry":{"type":"Polygon","coordinates":[[[4.4670562,45.7898409],[4.467049,45.789876],[4.467026,45.789874],[4.467033,45.789839],[4.4670562,45.7898409]]]}},{"type":"Feature","properties":{"osm_id":181168157,"building":"yes","source":"cadastre-dgi-fr source : Direction Générale des Impôts - Cadastre. Mise à jour : 2012","wall":"no"},"geometry":{"type":"Polygon","coordinates":[[[4.464301,45.789339],[4.464316,45.789358],[4.464235,45.789385],[4.464221,45.789367],[4.464301,45.789339]]]}},{"type":"Feature","properties":{"osm_id":181168159,"building":"yes","source":"cadastre-dgi-fr source : Direction Générale des Impôts - Cadastre. Mise à jour : 2012","wall":"no"},"geometry":{"type":"Polygon","coordinates":[[[4.458501,45.793103],[4.4584471,45.793065],[4.458493,45.79303],[4.458542,45.793064],[4.458501,45.793103]]]}},{"type":"Feature","properties":{"osm_id":181168161,"building":"yes","source":"cadastre-dgi-fr source : Direction Générale des Impôts - Cadastre. Mise à jour : 2012"},"geometry":{"type":"Polygon","coordinates":[[[4.471972,45.786894],[4.471978,45.786867],[4.472055,45.786871],[4.47205,45.786898],[4.471972,45.786894]]]}},{"type":"Feature","properties":{"osm_id":181168163,"building":"yes","source":"cadastre-dgi-fr source : Direction Générale des Impôts - Cadastre. Mise à jour : 2012"},"geometry":{"type":"Polygon","coordinates":[[[4.464875,45.791871],[4.464903,45.791742],[4.465083,45.791761],[4.465053,45.79189],[4.464875,45.791871]]]}},{"type":"Feature","properties":{"osm_id":181168166,"building":"yes","source":"cadastre-dgi-fr source : Direction Générale des Impôts - Cadastre. Mise à jour : 2012","wall":"no"},"geometry":{"type":"Polygon","coordinates":[[[4.460553,45.792633],[4.460523,45.792607],[4.460554,45.792591],[4.460583,45.792617],[4.460553,45.792633]]]}},{"type":"Feature","properties":{"osm_id":181168169,"building":"yes","source":"cadastre-dgi-fr source : Direction Générale des Impôts - Cadastre. Mise à jour : 2012","wall":"no"},"geometry":{"type":"Polygon","coordinates":[[[4.470731,45.789324],[4.470716,45.789305],[4.470807,45.789279],[4.470818,45.789299],[4.470731,45.789324]]]}},{"type":"Feature","properties":{"osm_id":181168171,"building":"yes","source":"cadastre-dgi-fr source : Direction Générale des Impôts - Cadastre. Mise à jour : 2012"},"geometry":{"type":"Polygon","coordinates":[[[4.458664,45.793524],[4.458696,45.793549],[4.45867,45.79356],[4.45864,45.793535],[4.458664,45.793524]]]}},{"type":"Feature","properties":{"osm_id":181168173,"building":"yes","source":"cadastre-dgi-fr source : Direction Générale des Impôts - Cadastre. Mise à jour : 2012"},"geometry":{"type":"Polygon","coordinates":[[[4.468564,45.785701],[4.468538,45.785652],[4.468631,45.785627],[4.468662,45.785675],[4.468564,45.785701]]]}},{"type":"Feature","properties":{"osm_id":181168175,"building":"yes","source":"cadastre-dgi-fr source : Direction Générale des Impôts - Cadastre. Mise à jour : 2012"},"geometry":{"type":"Polygon","coordinates":[[[4.465086,45.793136],[4.465131,45.793085],[4.465169,45.793101],[4.465122,45.793151],[4.465086,45.793136]]]}},{"type":"Feature","properties":{"osm_id":181168177,"building":"yes","source":"cadastre-dgi-fr source : Direction Générale des Impôts - Cadastre. Mise à jour : 2012","wall":"no"},"geometry":{"type":"Polygon","coordinates":[[[4.462241,45.795318],[4.462248,45.795308],[4.462273,45.795317],[4.462266,45.795326],[4.462241,45.795318]]]}},{"type":"Feature","properties":{"osm_id":181168179,"building":"yes","source":"cadastre-dgi-fr source : Direction Générale des Impôts - Cadastre. Mise à jour : 2012","wall":"no"},"geometry":{"type":"Polygon","coordinates":[[[4.460697,45.798548],[4.460698,45.79858],[4.460634,45.798581],[4.460633,45.798555],[4.460697,45.798548]]]}},{"type":"Feature","properties":{"osm_id":181168181,"building":"yes","source":"cadastre-dgi-fr source : Direction Générale des Impôts - Cadastre. Mise à jour : 2012"},"geometry":{"type":"Polygon","coordinates":[[[4.46606,45.789774],[4.466033,45.789771],[4.4660327,45.7897432],[4.466062,45.789744],[4.46606,45.789774]]]}},{"type":"Feature","properties":{"osm_id":181168183,"building":"yes","source":"cadastre-dgi-fr source : Direction Générale des Impôts - Cadastre. Mise à jour : 2012","wall":"no"},"geometry":{"type":"Polygon","coordinates":[[[4.459799,45.793194],[4.459752,45.793147],[4.459768,45.793139],[4.459815,45.793187],[4.459799,45.793194]]]}},{"type":"Feature","properties":{"osm_id":181168185,"building":"yes","source":"cadastre-dgi-fr source : Direction Générale des Impôts - Cadastre. Mise à jour : 2012"},"geometry":{"type":"Polygon","coordinates":[[[4.462773,45.783916],[4.462745,45.783878],[4.462912,45.783838],[4.462925,45.783884],[4.462773,45.783916]]]}},{"type":"Feature","properties":{"osm_id":181168187,"building":"yes","source":"cadastre-dgi-fr source : Direction Générale des Impôts - Cadastre. Mise à jour : 2012"},"geometry":{"type":"Polygon","coordinates":[[[4.467278,45.791749],[4.467188,45.791705],[4.467299,45.791596],[4.467387,45.791639],[4.467278,45.791749]]]}},{"type":"Feature","properties":{"osm_id":181168189,"building":"yes","source":"cadastre-dgi-fr source : Direction Générale des Impôts - Cadastre. Mise à jour : 2012","wall":"no"},"geometry":{"type":"Polygon","coordinates":[[[4.466199,45.791154],[4.466198,45.791144],[4.466259,45.791138],[4.466261,45.791148],[4.466199,45.791154]]]}},{"type":"Feature","properties":{"osm_id":181168192,"building":"yes","source":"cadastre-dgi-fr source : Direction Générale des Impôts - Cadastre. Mise à jour : 2012","wall":"no"},"geometry":{"type":"Polygon","coordinates":[[[4.462151,45.797092],[4.462164,45.797065],[4.462262,45.797087],[4.462249,45.797115],[4.462151,45.797092]]]}},{"type":"Feature","properties":{"osm_id":181168194,"building":"yes","source":"cadastre-dgi-fr source : Direction Générale des Impôts - Cadastre. Mise à jour : 2012","wall":"no"},"geometry":{"type":"Polygon","coordinates":[[[4.4597733,45.8005959],[4.4596729,45.8005956],[4.4596587,45.8005851],[4.4597735,45.8005854],[4.4597733,45.8005959]]]}},{"type":"Feature","properties":{"osm_id":181168196,"building":"yes","source":"cadastre-dgi-fr source : Direction Générale des Impôts - Cadastre. Mise à jour : 2012","wall":"no"},"geometry":{"type":"Polygon","coordinates":[[[4.4617277,45.7923271],[4.4617393,45.7923663],[4.4616473,45.792376],[4.4616362,45.7923412],[4.4617277,45.7923271]]]}},{"type":"Feature","properties":{"osm_id":181168198,"building":"yes","source":"cadastre-dgi-fr source : Direction Générale des Impôts - Cadastre. Mise à jour : 2012"},"geometry":{"type":"Polygon","coordinates":[[[4.445826,45.793541],[4.44593,45.793652],[4.445846,45.793688],[4.445745,45.793576],[4.445826,45.793541]]]}},{"type":"Feature","properties":{"osm_id":181168201,"building":"yes","source":"cadastre-dgi-fr source : Direction Générale des Impôts - Cadastre. Mise à jour : 2012"},"geometry":{"type":"Polygon","coordinates":[[[4.458838,45.793193],[4.458922,45.793187],[4.458942,45.793275],[4.458857,45.793282],[4.458838,45.793193]]]}},{"type":"Feature","properties":{"osm_id":181168203,"building":"yes","source":"cadastre-dgi-fr source : Direction Générale des Impôts - Cadastre. Mise à jour : 2012","wall":"no"},"geometry":{"type":"Polygon","coordinates":[[[4.46421,45.791088],[4.464194,45.791026],[4.464219,45.791023],[4.464235,45.791085],[4.46421,45.791088]]]}},{"type":"Feature","properties":{"osm_id":181168205,"building":"yes","source":"cadastre-dgi-fr source : Direction Générale des Impôts - Cadastre. Mise à jour : 2012","wall":"no"},"geometry":{"type":"Polygon","coordinates":[[[4.460135,45.796551],[4.460123,45.796536],[4.460219,45.796496],[4.460229,45.796513],[4.460135,45.796551]]]}},{"type":"Feature","properties":{"osm_id":181168207,"building":"yes","source":"cadastre-dgi-fr source : Direction Générale des Impôts - Cadastre. Mise à jour : 2012","wall":"no"},"geometry":{"type":"Polygon","coordinates":[[[4.461856,45.799871],[4.461876,45.799854],[4.461957,45.799902],[4.46194,45.799918],[4.461856,45.799871]]]}},{"type":"Feature","properties":{"osm_id":181168209,"building":"yes","source":"cadastre-dgi-fr source : Direction Générale des Impôts - Cadastre. Mise à jour : 2012"},"geometry":{"type":"Polygon","coordinates":[[[4.46603,45.790133],[4.466137,45.790197],[4.466049,45.790272],[4.465938,45.790209],[4.46603,45.790133]]]}},{"type":"Feature","properties":{"osm_id":181168211,"building":"yes","source":"cadastre-dgi-fr source : Direction Générale des Impôts - Cadastre. Mise à jour : 2012"},"geometry":{"type":"Polygon","coordinates":[[[4.461959,45.792445],[4.461817,45.792444],[4.46182,45.792418],[4.461961,45.792419],[4.461959,45.792445]]]}},{"type":"Feature","properties":{"osm_id":181168214,"building":"yes","source":"cadastre-dgi-fr source : Direction Générale des Impôts - Cadastre. Mise à jour : 2012"},"geometry":{"type":"Polygon","coordinates":[[[4.450033,45.793324],[4.449998,45.793333],[4.449981,45.793303],[4.450018,45.793294],[4.450033,45.793324]]]}},{"type":"Feature","properties":{"osm_id":181168216,"building":"yes","source":"cadastre-dgi-fr source : Direction Générale des Impôts - Cadastre. Mise à jour : 2012","wall":"no"},"geometry":{"type":"Polygon","coordinates":[[[4.465964,45.791651],[4.46597,45.791683],[4.465926,45.791684],[4.46592,45.791651],[4.465964,45.791651]]]}},{"type":"Feature","properties":{"osm_id":181168219,"building":"yes","source":"cadastre-dgi-fr source : Direction Générale des Impôts - Cadastre. Mise à jour : 2012"},"geometry":{"type":"Polygon","coordinates":[[[4.466983,45.789871],[4.466896,45.789866],[4.4668766,45.789787],[4.466985,45.789788],[4.466983,45.789871]]]}},{"type":"Feature","properties":{"osm_id":181168220,"building":"yes","source":"cadastre-dgi-fr source : Direction Générale des Impôts - Cadastre. Mise à jour : 2012"},"geometry":{"type":"Polygon","coordinates":[[[4.456165,45.789803],[4.45609,45.789872],[4.455822,45.78973],[4.455893,45.78966],[4.456165,45.789803]]]}},{"type":"Feature","properties":{"osm_id":181168221,"building":"yes","source":"cadastre-dgi-fr source : Direction Générale des Impôts - Cadastre. Mise à jour : 2012","wall":"no"},"geometry":{"type":"Polygon","coordinates":[[[4.462063,45.794807],[4.462057,45.794796],[4.462207,45.794758],[4.462212,45.794769],[4.462063,45.794807]]]}},{"type":"Feature","properties":{"osm_id":181168225,"building":"yes","source":"cadastre-dgi-fr source : Direction Générale des Impôts - Cadastre. Mise à jour : 2012"},"geometry":{"type":"Polygon","coordinates":[[[4.460573,45.792652],[4.460553,45.792633],[4.460583,45.792617],[4.460604,45.792635],[4.460573,45.792652]]]}},{"type":"Feature","properties":{"osm_id":181168227,"building":"yes","source":"cadastre-dgi-fr source : Direction Générale des Impôts - Cadastre. Mise à jour : 2012","wall":"no"},"geometry":{"type":"Polygon","coordinates":[[[4.460219,45.792317],[4.460203,45.792291],[4.460282,45.79227],[4.460298,45.792295],[4.460219,45.792317]]]}},{"type":"Feature","properties":{"osm_id":181168229,"building":"yes","source":"cadastre-dgi-fr source : Direction Générale des Impôts - Cadastre. Mise à jour : 2012","wall":"no"},"geometry":{"type":"Polygon","coordinates":[[[4.456464,45.789044],[4.4564631,45.7890379],[4.45654,45.789033],[4.456538,45.78904],[4.456464,45.789044]]]}},{"type":"Feature","properties":{"osm_id":181168230,"building":"yes","source":"cadastre-dgi-fr source : Direction Générale des Impôts - Cadastre. Mise à jour : 2012"},"geometry":{"type":"Polygon","coordinates":[[[4.449932,45.795384],[4.44995,45.795451],[4.449784,45.795478],[4.449766,45.795411],[4.449932,45.795384]]]}},{"type":"Feature","properties":{"osm_id":181168231,"building":"yes","source":"cadastre-dgi-fr source : Direction Générale des Impôts - Cadastre. Mise à jour : 2012","wall":"no"},"geometry":{"type":"Polygon","coordinates":[[[4.463203,45.796073],[4.463118,45.796046],[4.46313,45.796027],[4.463216,45.796055],[4.463203,45.796073]]]}},{"type":"Feature","properties":{"osm_id":181168235,"building":"yes","source":"cadastre-dgi-fr source : Direction Générale des Impôts - Cadastre. Mise à jour : 2012","wall":"no"},"geometry":{"type":"Polygon","coordinates":[[[4.463486,45.794971],[4.463518,45.794997],[4.463473,45.795026],[4.463441,45.795001],[4.463486,45.794971]]]}},{"type":"Feature","properties":{"osm_id":181168237,"building":"yes","source":"cadastre-dgi-fr source : Direction Générale des Impôts - Cadastre. Mise à jour : 2012","wall":"no"},"geometry":{"type":"Polygon","coordinates":[[[4.462489,45.788827],[4.462508,45.788811],[4.462542,45.788829],[4.4625237,45.7888448],[4.462489,45.788827]]]}},{"type":"Feature","properties":{"osm_id":181168239,"building":"yes","source":"cadastre-dgi-fr source : Direction Générale des Impôts - Cadastre. Mise à jour : 2012","wall":"no"},"geometry":{"type":"Polygon","coordinates":[[[4.4595427,45.8006158],[4.4595083,45.8005912],[4.4595181,45.8005846],[4.4595892,45.8005848],[4.4595427,45.8006158]]]}},{"type":"Feature","properties":{"osm_id":181168240,"building":"yes","source":"cadastre-dgi-fr source : Direction Générale des Impôts - Cadastre. Mise à jour : 2012","wall":"no"},"geometry":{"type":"Polygon","coordinates":[[[4.466062,45.789744],[4.466104,45.789746],[4.466102,45.789778],[4.46606,45.789774],[4.466062,45.789744]]]}},{"type":"Feature","properties":{"osm_id":181168241,"building":"yes","source":"cadastre-dgi-fr source : Direction Générale des Impôts - Cadastre. Mise à jour : 2012"},"geometry":{"type":"Polygon","coordinates":[[[4.467105,45.790972],[4.467131,45.790986],[4.467115,45.791046],[4.46705,45.79101],[4.467105,45.790972]]]}},{"type":"Feature","properties":{"osm_id":181168246,"building":"yes","source":"cadastre-dgi-fr source : Direction Générale des Impôts - Cadastre. Mise à jour : 2012","wall":"no"},"geometry":{"type":"Polygon","coordinates":[[[4.461344,45.799496],[4.461389,45.799523],[4.46137,45.799543],[4.461324,45.799514],[4.461344,45.799496]]]}},{"type":"Feature","properties":{"osm_id":181168248,"building":"yes","source":"cadastre-dgi-fr source : Direction Générale des Impôts - Cadastre. Mise à jour : 2012","wall":"no"},"geometry":{"type":"Polygon","coordinates":[[[4.466675,45.79226],[4.466647,45.792322],[4.466535,45.792298],[4.466562,45.792237],[4.466675,45.79226]]]}},{"type":"Feature","properties":{"osm_id":181168250,"building":"yes","source":"cadastre-dgi-fr source : Direction Générale des Impôts - Cadastre. Mise à jour : 2012"},"geometry":{"type":"Polygon","coordinates":[[[4.467919,45.790926],[4.467924,45.790899],[4.467947,45.790901],[4.467941,45.790931],[4.467919,45.790926]]]}},{"type":"Feature","properties":{"osm_id":181168251,"building":"yes","source":"cadastre-dgi-fr source : Direction Générale des Impôts - Cadastre. Mise à jour : 2012","wall":"no"},"geometry":{"type":"Polygon","coordinates":[[[4.460956,45.79568],[4.460931,45.795664],[4.460962,45.795639],[4.460987,45.795656],[4.460956,45.79568]]]}},{"type":"Feature","properties":{"osm_id":181168252,"building":"yes","source":"cadastre-dgi-fr source : Direction Générale des Impôts - Cadastre. Mise à jour : 2012","wall":"no"},"geometry":{"type":"Polygon","coordinates":[[[4.466825,45.78977],[4.466822,45.789754],[4.466867,45.789748],[4.466871,45.789764],[4.466825,45.78977]]]}},{"type":"Feature","properties":{"osm_id":181168255,"building":"yes","source":"cadastre-dgi-fr source : Direction Générale des Impôts - Cadastre. Mise à jour : 2012"},"geometry":{"type":"Polygon","coordinates":[[[4.461676,45.787123],[4.461651,45.787133],[4.461637,45.787116],[4.46166,45.787106],[4.461676,45.787123]]]}},{"type":"Feature","properties":{"osm_id":181168258,"building":"yes","source":"cadastre-dgi-fr source : Direction Générale des Impôts - Cadastre. Mise à jour : 2012"},"geometry":{"type":"Polygon","coordinates":[[[4.465752,45.791138],[4.465806,45.791134],[4.465838,45.791345],[4.465782,45.791351],[4.465752,45.791138]]]}},{"type":"Feature","properties":{"osm_id":181168260,"building":"yes","source":"cadastre-dgi-fr source : Direction Générale des Impôts - Cadastre. Mise à jour : 2012","wall":"no"},"geometry":{"type":"Polygon","coordinates":[[[4.458161,45.799832],[4.458282,45.799824],[4.458281,45.799852],[4.458161,45.799859],[4.458161,45.799832]]]}},{"type":"Feature","properties":{"osm_id":181168261,"building":"yes","source":"cadastre-dgi-fr source : Direction Générale des Impôts - Cadastre. Mise à jour : 2012","wall":"no"},"geometry":{"type":"Polygon","coordinates":[[[4.464905,45.792815],[4.464855,45.792823],[4.46483,45.792752],[4.46488,45.792744],[4.464905,45.792815]]]}},{"type":"Feature","properties":{"osm_id":181168262,"building":"yes","source":"cadastre-dgi-fr source : Direction Générale des Impôts - Cadastre. Mise à jour : 2012"},"geometry":{"type":"Polygon","coordinates":[[[4.460519,45.794693],[4.460351,45.79473],[4.460318,45.794658],[4.460369,45.7946471],[4.460486,45.794622],[4.460519,45.794693]]]}},{"type":"Feature","properties":{"osm_id":181168263,"building":"yes","source":"cadastre-dgi-fr source : Direction Générale des Impôts - Cadastre. Mise à jour : 2012","wall":"no"},"geometry":{"type":"Polygon","coordinates":[[[4.463097,45.795247],[4.463083,45.79524],[4.463089,45.795234],[4.463103,45.795242],[4.463097,45.795247]]]}},{"type":"Feature","properties":{"osm_id":181168268,"building":"yes","source":"cadastre-dgi-fr source : Direction Générale des Impôts - Cadastre. Mise à jour : 2012","wall":"no"},"geometry":{"type":"Polygon","coordinates":[[[4.460184,45.799283],[4.460187,45.799274],[4.460212,45.799277],[4.460209,45.799286],[4.460184,45.799283]]]}},{"type":"Feature","properties":{"osm_id":181168270,"building":"yes","source":"cadastre-dgi-fr source : Direction Générale des Impôts - Cadastre. Mise à jour : 2012"},"geometry":{"type":"Polygon","coordinates":[[[4.46011,45.79256],[4.460222,45.792471],[4.460311,45.792526],[4.460199,45.792615],[4.46011,45.79256]]]}},{"type":"Feature","properties":{"osm_id":181168271,"building":"yes","source":"cadastre-dgi-fr source : Direction Générale des Impôts - Cadastre. Mise à jour : 2012","wall":"no"},"geometry":{"type":"Polygon","coordinates":[[[4.466022,45.793522],[4.466041,45.793519],[4.466046,45.793537],[4.466028,45.793539],[4.466022,45.793522]]]}},{"type":"Feature","properties":{"osm_id":181168272,"building":"yes","source":"cadastre-dgi-fr source : Direction Générale des Impôts - Cadastre. Mise à jour : 2012"},"geometry":{"type":"Polygon","coordinates":[[[4.456383,45.79579],[4.456461,45.795767],[4.456509,45.795864],[4.456445,45.795885],[4.456383,45.79579]]]}},{"type":"Feature","properties":{"osm_id":181168273,"building":"yes","source":"cadastre-dgi-fr source : Direction Générale des Impôts - Cadastre. Mise à jour : 2012"},"geometry":{"type":"Polygon","coordinates":[[[4.46645,45.79054],[4.466427,45.790583],[4.46639,45.790573],[4.466414,45.790528],[4.46645,45.79054]]]}},{"type":"Feature","properties":{"osm_id":181168277,"building":"yes","source":"cadastre-dgi-fr source : Direction Générale des Impôts - Cadastre. Mise à jour : 2012","wall":"no"},"geometry":{"type":"Polygon","coordinates":[[[4.461916,45.797315],[4.461913,45.797275],[4.461939,45.797275],[4.461942,45.797314],[4.461916,45.797315]]]}},{"type":"Feature","properties":{"osm_id":181168279,"building":"yes","source":"cadastre-dgi-fr source : Direction Générale des Impôts - Cadastre. Mise à jour : 2012"},"geometry":{"type":"Polygon","coordinates":[[[4.468563,45.789805],[4.468624,45.78984],[4.468603,45.789861],[4.468535,45.789823],[4.468563,45.789805]]]}},{"type":"Feature","properties":{"osm_id":181168281,"building":"yes","source":"cadastre-dgi-fr source : Direction Générale des Impôts - Cadastre. Mise à jour : 2012"},"geometry":{"type":"Polygon","coordinates":[[[4.466775,45.792078],[4.466808,45.791994],[4.466905,45.792017],[4.466871,45.792096],[4.466775,45.792078]]]}},{"type":"Feature","properties":{"osm_id":181168282,"building":"yes","source":"cadastre-dgi-fr source : Direction Générale des Impôts - Cadastre. Mise à jour : 2012"},"geometry":{"type":"Polygon","coordinates":[[[4.46772,45.792944],[4.467686,45.792809],[4.467743,45.792802],[4.467777,45.792937],[4.46772,45.792944]]]}},{"type":"Feature","properties":{"osm_id":181168283,"building":"yes","source":"cadastre-dgi-fr source : Direction Générale des Impôts - Cadastre. Mise à jour : 2012"},"geometry":{"type":"Polygon","coordinates":[[[4.458911,45.793134],[4.458957,45.793124],[4.458962,45.793144],[4.458915,45.793152],[4.458911,45.793134]]]}},{"type":"Feature","properties":{"osm_id":181168284,"building":"yes","source":"cadastre-dgi-fr source : Direction Générale des Impôts - Cadastre. Mise à jour : 2012"},"geometry":{"type":"Polygon","coordinates":[[[4.469893,45.788064],[4.469841,45.788044],[4.469856,45.788023],[4.469909,45.788043],[4.469893,45.788064]]]}},{"type":"Feature","properties":{"osm_id":181168289,"building":"yes","source":"cadastre-dgi-fr source : Direction Générale des Impôts - Cadastre. Mise à jour : 2012"},"geometry":{"type":"Polygon","coordinates":[[[4.464526,45.79468],[4.464488,45.794662],[4.464503,45.794647],[4.464541,45.794665],[4.464526,45.79468]]]}},{"type":"Feature","properties":{"osm_id":181168291,"building":"yes","source":"cadastre-dgi-fr source : Direction Générale des Impôts - Cadastre. Mise à jour : 2012"},"geometry":{"type":"Polygon","coordinates":[[[4.4711104,45.7858229],[4.4713074,45.7858324],[4.4712924,45.7859682],[4.4710962,45.7859586],[4.4711104,45.7858229]]]}},{"type":"Feature","properties":{"osm_id":181168293,"building":"yes","source":"cadastre-dgi-fr source : Direction Générale des Impôts - Cadastre. Mise à jour : 2012","wall":"no"},"geometry":{"type":"Polygon","coordinates":[[[4.461402,45.797656],[4.461406,45.797636],[4.461491,45.797644],[4.461487,45.797664],[4.461402,45.797656]]]}},{"type":"Feature","properties":{"osm_id":181168294,"building":"yes","source":"cadastre-dgi-fr source : Direction Générale des Impôts - Cadastre. Mise à jour : 2012"},"geometry":{"type":"Polygon","coordinates":[[[4.468799,45.789895],[4.468865,45.789933],[4.468818,45.789983],[4.468751,45.789945],[4.468799,45.789895]]]}},{"type":"Feature","properties":{"osm_id":181168295,"building":"yes","source":"cadastre-dgi-fr source : Direction Générale des Impôts - Cadastre. Mise à jour : 2012"},"geometry":{"type":"Polygon","coordinates":[[[4.44522,45.788642],[4.445399,45.7887],[4.445367,45.788748],[4.445189,45.78869],[4.44522,45.788642]]]}},{"type":"Feature","properties":{"osm_id":181168301,"building":"yes","source":"cadastre-dgi-fr source : Direction Générale des Impôts - Cadastre. Mise à jour : 2012","wall":"no"},"geometry":{"type":"Polygon","coordinates":[[[4.4582762,45.7995605],[4.4582745,45.7995945],[4.4581663,45.7995938],[4.4581687,45.7995619],[4.4582762,45.7995605]]]}},{"type":"Feature","properties":{"osm_id":181168303,"building":"yes","source":"cadastre-dgi-fr source : Direction Générale des Impôts - Cadastre. Mise à jour : 2012"},"geometry":{"type":"Polygon","coordinates":[[[4.46892,45.789877],[4.468865,45.789933],[4.468799,45.789895],[4.468849,45.789843],[4.46892,45.789877]]]}},{"type":"Feature","properties":{"osm_id":181168304,"building":"yes","source":"cadastre-dgi-fr source : Direction Générale des Impôts - Cadastre. Mise à jour : 2012","wall":"no"},"geometry":{"type":"Polygon","coordinates":[[[4.4652726,45.7926332],[4.465247,45.792622],[4.465314,45.792544],[4.4653394,45.7925548],[4.4652726,45.7926332]]]}},{"type":"Feature","properties":{"osm_id":181168309,"building":"yes","source":"cadastre-dgi-fr source : Direction Générale des Impôts - Cadastre. Mise à jour : 2012"},"geometry":{"type":"Polygon","coordinates":[[[4.462361,45.793795],[4.462292,45.79373],[4.462486,45.793624],[4.462559,45.793688],[4.462361,45.793795]]]}},{"type":"Feature","properties":{"osm_id":181168311,"building":"yes","source":"cadastre-dgi-fr source : Direction Générale des Impôts - Cadastre. Mise à jour : 2012"},"geometry":{"type":"Polygon","coordinates":[[[4.46713,45.79005],[4.467187,45.790054],[4.467179,45.79014],[4.467126,45.790142],[4.46713,45.79005]]]}},{"type":"Feature","properties":{"osm_id":181168313,"building":"yes","source":"cadastre-dgi-fr source : Direction Générale des Impôts - Cadastre. Mise à jour : 2012","wall":"no"},"geometry":{"type":"Polygon","coordinates":[[[4.458699,45.793447],[4.458695,45.793441],[4.458774,45.793406],[4.458792,45.793418],[4.458699,45.793447]]]}},{"type":"Feature","properties":{"osm_id":181168314,"building":"yes","source":"cadastre-dgi-fr source : Direction Générale des Impôts - Cadastre. Mise à jour : 2012"},"geometry":{"type":"Polygon","coordinates":[[[4.460888,45.79471],[4.460917,45.794769],[4.460767,45.794803],[4.460739,45.794743],[4.460888,45.79471]]]}},{"type":"Feature","properties":{"osm_id":181168315,"building":"yes","source":"cadastre-dgi-fr source : Direction Générale des Impôts - Cadastre. Mise à jour : 2012","wall":"no"},"geometry":{"type":"Polygon","coordinates":[[[4.4625,45.79682],[4.462521,45.796794],[4.462563,45.796811],[4.462541,45.796836],[4.4625,45.79682]]]}},{"type":"Feature","properties":{"osm_id":181168316,"building":"yes","source":"cadastre-dgi-fr source : Direction Générale des Impôts - Cadastre. Mise à jour : 2012"},"geometry":{"type":"Polygon","coordinates":[[[4.462694,45.793867],[4.46277,45.793932],[4.462533,45.794053],[4.462466,45.793993],[4.462694,45.793867]]]}},{"type":"Feature","properties":{"osm_id":181168322,"building":"yes","source":"cadastre-dgi-fr source : Direction Générale des Impôts - Cadastre. Mise à jour : 2012","wall":"no"},"geometry":{"type":"Polygon","coordinates":[[[4.460663,45.792149],[4.460654,45.792133],[4.460711,45.792117],[4.460699,45.792139],[4.460663,45.792149]]]}},{"type":"Feature","properties":{"osm_id":181168323,"building":"yes","source":"cadastre-dgi-fr source : Direction Générale des Impôts - Cadastre. Mise à jour : 2012","wall":"no"},"geometry":{"type":"Polygon","coordinates":[[[4.466775,45.792078],[4.466626,45.79205],[4.466662,45.791961],[4.466808,45.791994],[4.466775,45.792078]]]}},{"type":"Feature","properties":{"osm_id":181168325,"building":"yes","source":"cadastre-dgi-fr source : Direction Générale des Impôts - Cadastre. Mise à jour : 2012","wall":"no"},"geometry":{"type":"Polygon","coordinates":[[[4.456796,45.799978],[4.456711,45.799997],[4.456699,45.799972],[4.456784,45.799952],[4.456796,45.799978]]]}},{"type":"Feature","properties":{"osm_id":181168327,"building":"yes","source":"cadastre-dgi-fr source : Direction Générale des Impôts - Cadastre. Mise à jour : 2012","wall":"no"},"geometry":{"type":"Polygon","coordinates":[[[4.4652181,45.7931078],[4.4652549,45.793125],[4.465245,45.793135],[4.465208,45.793119],[4.4652181,45.7931078]]]}},{"type":"Feature","properties":{"osm_id":181168328,"building":"yes","source":"cadastre-dgi-fr source : Direction Générale des Impôts - Cadastre. Mise à jour : 2012"},"geometry":{"type":"Polygon","coordinates":[[[4.458577,45.79568],[4.458627,45.795704],[4.458573,45.795759],[4.45853,45.795727],[4.458577,45.79568]]]}},{"type":"Feature","properties":{"osm_id":181168335,"building":"yes","source":"cadastre-dgi-fr source : Direction Générale des Impôts - Cadastre. Mise à jour : 2012"},"geometry":{"type":"Polygon","coordinates":[[[4.469629,45.78798],[4.469593,45.788002],[4.469556,45.787971],[4.469593,45.787949],[4.469629,45.78798]]]}},{"type":"Feature","properties":{"osm_id":181168336,"building":"yes","source":"cadastre-dgi-fr source : Direction Générale des Impôts - Cadastre. Mise à jour : 2012","wall":"no"},"geometry":{"type":"Polygon","coordinates":[[[4.445885,45.788519],[4.445872,45.788485],[4.445934,45.788473],[4.445947,45.788508],[4.445885,45.788519]]]}},{"type":"Feature","properties":{"osm_id":181168338,"building":"yes","source":"cadastre-dgi-fr source : Direction Générale des Impôts - Cadastre. Mise à jour : 2012"},"geometry":{"type":"Polygon","coordinates":[[[4.459352,45.793048],[4.459366,45.793038],[4.459379,45.793047],[4.459364,45.793057],[4.459352,45.793048]]]}},{"type":"Feature","properties":{"osm_id":181168341,"building":"yes","source":"cadastre-dgi-fr source : Direction Générale des Impôts - Cadastre. Mise à jour : 2012"},"geometry":{"type":"Polygon","coordinates":[[[4.467343,45.790718],[4.467437,45.790734],[4.467403,45.790817],[4.467316,45.790783],[4.467343,45.790718]]]}},{"type":"Feature","properties":{"osm_id":181168344,"building":"yes","source":"cadastre-dgi-fr source : Direction Générale des Impôts - Cadastre. Mise à jour : 2012","wall":"no"},"geometry":{"type":"Polygon","coordinates":[[[4.464508,45.795168],[4.464531,45.795117],[4.464567,45.795125],[4.464545,45.795176],[4.464508,45.795168]]]}},{"type":"Feature","properties":{"osm_id":181168350,"building":"yes","source":"cadastre-dgi-fr source : Direction Générale des Impôts - Cadastre. Mise à jour : 2012","wall":"no"},"geometry":{"type":"Polygon","coordinates":[[[4.465743,45.789176],[4.465744,45.789139],[4.46577,45.789137],[4.46577,45.789176],[4.465743,45.789176]]]}},{"type":"Feature","properties":{"osm_id":181168352,"building":"yes","source":"cadastre-dgi-fr source : Direction Générale des Impôts - Cadastre. Mise à jour : 2012"},"geometry":{"type":"Polygon","coordinates":[[[4.463014,45.79278],[4.463109,45.792858],[4.463048,45.792894],[4.462953,45.792817],[4.463014,45.79278]]]}},{"type":"Feature","properties":{"osm_id":181168354,"building":"yes","source":"cadastre-dgi-fr source : Direction Générale des Impôts - Cadastre. Mise à jour : 2012","wall":"no"},"geometry":{"type":"Polygon","coordinates":[[[4.457866,45.79961],[4.457867,45.799577],[4.457944,45.799577],[4.457944,45.799611],[4.457866,45.79961]]]}},{"type":"Feature","properties":{"osm_id":181168355,"building":"yes","source":"cadastre-dgi-fr source : Direction Générale des Impôts - Cadastre. Mise à jour : 2012"},"geometry":{"type":"Polygon","coordinates":[[[4.467216,45.790563],[4.467262,45.79056],[4.467263,45.790572],[4.467216,45.790575],[4.467216,45.790563]]]}},{"type":"Feature","properties":{"osm_id":181168356,"building":"yes","source":"cadastre-dgi-fr source : Direction Générale des Impôts - Cadastre. Mise à jour : 2012"},"geometry":{"type":"Polygon","coordinates":[[[4.46695,45.790199],[4.4669473,45.7901811],[4.467011,45.790176],[4.4670139,45.7901944],[4.46695,45.790199]]]}},{"type":"Feature","properties":{"osm_id":181168358,"building":"yes","source":"cadastre-dgi-fr source : Direction Générale des Impôts - Cadastre. Mise à jour : 2012"},"geometry":{"type":"Polygon","coordinates":[[[4.465951,45.791333],[4.465981,45.79133],[4.465985,45.791351],[4.465956,45.791354],[4.465951,45.791333]]]}},{"type":"Feature","properties":{"osm_id":181168364,"building":"yes","source":"cadastre-dgi-fr source : Direction Générale des Impôts - Cadastre. Mise à jour : 2012"},"geometry":{"type":"Polygon","coordinates":[[[4.466629,45.790301],[4.466541,45.790354],[4.466481,45.790312],[4.466583,45.790261],[4.466629,45.790301]]]}},{"type":"Feature","properties":{"osm_id":181168365,"building":"yes","source":"cadastre-dgi-fr source : Direction Générale des Impôts - Cadastre. Mise à jour : 2012"},"geometry":{"type":"Polygon","coordinates":[[[4.4612008,45.7891105],[4.4612522,45.7890863],[4.4612804,45.7891154],[4.4612291,45.7891396],[4.4612008,45.7891105]]]}},{"type":"Feature","properties":{"osm_id":181168366,"building":"yes","source":"cadastre-dgi-fr source : Direction Générale des Impôts - Cadastre. Mise à jour : 2012","wall":"no"},"geometry":{"type":"Polygon","coordinates":[[[4.451638,45.79317],[4.451613,45.793157],[4.451811,45.792972],[4.451834,45.792984],[4.451638,45.79317]]]}},{"type":"Feature","properties":{"osm_id":181168367,"building":"yes","source":"cadastre-dgi-fr source : Direction Générale des Impôts - Cadastre. Mise à jour : 2012","wall":"no"},"geometry":{"type":"Polygon","coordinates":[[[4.461504,45.79525],[4.461505,45.79523],[4.461572,45.795232],[4.461571,45.795251],[4.461504,45.79525]]]}},{"type":"Feature","properties":{"osm_id":181168368,"building":"yes","source":"cadastre-dgi-fr source : Direction Générale des Impôts - Cadastre. Mise à jour : 2012","wall":"no"},"geometry":{"type":"Polygon","coordinates":[[[4.458627,45.795704],[4.458577,45.79568],[4.458619,45.795638],[4.458669,45.795662],[4.458627,45.795704]]]}},{"type":"Feature","properties":{"osm_id":181168374,"building":"yes","source":"cadastre-dgi-fr source : Direction Générale des Impôts - Cadastre. Mise à jour : 2012","wall":"no"},"geometry":{"type":"Polygon","coordinates":[[[4.462529,45.796906],[4.4624949,45.796893],[4.4625354,45.7968429],[4.462569,45.796856],[4.462529,45.796906]]]}},{"type":"Feature","properties":{"osm_id":181168375,"building":"yes","source":"cadastre-dgi-fr source : Direction Générale des Impôts - Cadastre. Mise à jour : 2012"},"geometry":{"type":"Polygon","coordinates":[[[4.46051,45.795688],[4.460579,45.795782],[4.460491,45.79582],[4.460418,45.795727],[4.46051,45.795688]]]}},{"type":"Feature","properties":{"osm_id":181168376,"building":"yes","source":"cadastre-dgi-fr source : Direction Générale des Impôts - Cadastre. Mise à jour : 2012"},"geometry":{"type":"Polygon","coordinates":[[[4.467239,45.790864],[4.467323,45.790904],[4.467281,45.790951],[4.467196,45.790908],[4.467239,45.790864]]]}},{"type":"Feature","properties":{"osm_id":181168377,"building":"yes","source":"cadastre-dgi-fr source : Direction Générale des Impôts - Cadastre. Mise à jour : 2012","wall":"no"},"geometry":{"type":"Polygon","coordinates":[[[4.46254,45.795419],[4.46255,45.795405],[4.46265,45.79544],[4.46264,45.795453],[4.46254,45.795419]]]}},{"type":"Feature","properties":{"osm_id":181168379,"building":"yes","source":"cadastre-dgi-fr source : Direction Générale des Impôts - Cadastre. Mise à jour : 2012"},"geometry":{"type":"Polygon","coordinates":[[[4.449043,45.784279],[4.449054,45.78425],[4.449103,45.784259],[4.449092,45.784288],[4.449043,45.784279]]]}},{"type":"Feature","properties":{"osm_id":181168381,"building":"yes","source":"cadastre-dgi-fr source : Direction Générale des Impôts - Cadastre. Mise à jour : 2012"},"geometry":{"type":"Polygon","coordinates":[[[4.458733,45.7932],[4.458838,45.793193],[4.458857,45.793282],[4.458755,45.79329],[4.458733,45.7932]]]}},{"type":"Feature","properties":{"osm_id":181168385,"building":"yes","source":"cadastre-dgi-fr source : Direction Générale des Impôts - Cadastre. Mise à jour : 2012","wall":"no"},"geometry":{"type":"Polygon","coordinates":[[[4.462556,45.78404],[4.462516,45.783991],[4.462618,45.783951],[4.462658,45.784001],[4.462556,45.78404]]]}},{"type":"Feature","properties":{"osm_id":181168386,"building":"yes","source":"cadastre-dgi-fr source : Direction Générale des Impôts - Cadastre. Mise à jour : 2012"},"geometry":{"type":"Polygon","coordinates":[[[4.459374,45.796549],[4.459499,45.796574],[4.459452,45.796674],[4.459331,45.796646],[4.459374,45.796549]]]}},{"type":"Feature","properties":{"osm_id":181168387,"building":"yes","source":"cadastre-dgi-fr source : Direction Générale des Impôts - Cadastre. Mise à jour : 2012"},"geometry":{"type":"Polygon","coordinates":[[[4.4619718,45.7927057],[4.4619347,45.7926991],[4.4619401,45.7926832],[4.4619775,45.7926898],[4.4619718,45.7927057]]]}},{"type":"Feature","properties":{"osm_id":181168389,"building":"yes","source":"cadastre-dgi-fr source : Direction Générale des Impôts - Cadastre. Mise à jour : 2012","wall":"no"},"geometry":{"type":"Polygon","coordinates":[[[4.46427,45.789418],[4.464284,45.789413],[4.464302,45.789438],[4.464288,45.789443],[4.46427,45.789418]]]}},{"type":"Feature","properties":{"osm_id":181168391,"building":"yes","source":"cadastre-dgi-fr source : Direction Générale des Impôts - Cadastre. Mise à jour : 2012"},"geometry":{"type":"Polygon","coordinates":[[[4.459657,45.795191],[4.459588,45.795103],[4.45978,45.795028],[4.459848,45.795116],[4.459657,45.795191]]]}},{"type":"Feature","properties":{"osm_id":181168395,"building":"yes","source":"cadastre-dgi-fr source : Direction Générale des Impôts - Cadastre. Mise à jour : 2012"},"geometry":{"type":"Polygon","coordinates":[[[4.462391,45.795108],[4.462219,45.795079],[4.462251,45.794993],[4.462424,45.795024],[4.462391,45.795108]]]}},{"type":"Feature","properties":{"osm_id":181168396,"building":"yes","source":"cadastre-dgi-fr source : Direction Générale des Impôts - Cadastre. Mise à jour : 2012"},"geometry":{"type":"Polygon","coordinates":[[[4.458733,45.7932],[4.458755,45.79329],[4.458669,45.793297],[4.458659,45.793205],[4.458733,45.7932]]]}},{"type":"Feature","properties":{"osm_id":181168398,"building":"yes","source":"cadastre-dgi-fr source : Direction Générale des Impôts - Cadastre. Mise à jour : 2012"},"geometry":{"type":"Polygon","coordinates":[[[4.466736,45.792782],[4.466748,45.792772],[4.466762,45.792782],[4.466749,45.792791],[4.466736,45.792782]]]}},{"type":"Feature","properties":{"osm_id":181168400,"building":"yes","source":"cadastre-dgi-fr source : Direction Générale des Impôts - Cadastre. Mise à jour : 2012","wall":"no"},"geometry":{"type":"Polygon","coordinates":[[[4.45965,45.795206],[4.459543,45.795249],[4.459527,45.795231],[4.459634,45.795188],[4.45965,45.795206]]]}},{"type":"Feature","properties":{"osm_id":181168402,"building":"yes","source":"cadastre-dgi-fr source : Direction Générale des Impôts - Cadastre. Mise à jour : 2012"},"geometry":{"type":"Polygon","coordinates":[[[4.462071,45.79615],[4.46214,45.796079],[4.462291,45.796147],[4.462223,45.796217],[4.462071,45.79615]]]}},{"type":"Feature","properties":{"osm_id":181168404,"building":"yes","source":"cadastre-dgi-fr source : Direction Générale des Impôts - Cadastre. Mise à jour : 2012","wall":"no"},"geometry":{"type":"Polygon","coordinates":[[[4.463564,45.795403],[4.463512,45.795367],[4.463521,45.795361],[4.463573,45.795397],[4.463564,45.795403]]]}},{"type":"Feature","properties":{"osm_id":181168409,"building":"yes","source":"cadastre-dgi-fr source : Direction Générale des Impôts - Cadastre. Mise à jour : 2012"},"geometry":{"type":"Polygon","coordinates":[[[4.460033,45.792615],[4.460138,45.79268],[4.460047,45.792758],[4.459941,45.792693],[4.460033,45.792615]]]}},{"type":"Feature","properties":{"osm_id":181168411,"building":"yes","source":"cadastre-dgi-fr source : Direction Générale des Impôts - Cadastre. Mise à jour : 2012"},"geometry":{"type":"Polygon","coordinates":[[[4.467813,45.790289],[4.467865,45.790344],[4.467833,45.790365],[4.467741,45.790336],[4.467813,45.790289]]]}},{"type":"Feature","properties":{"osm_id":181168413,"building":"yes","source":"cadastre-dgi-fr source : Direction Générale des Impôts - Cadastre. Mise à jour : 2012"},"geometry":{"type":"Polygon","coordinates":[[[4.465915,45.79217],[4.465907,45.792221],[4.465836,45.792215],[4.465844,45.792163],[4.465915,45.79217]]]}},{"type":"Feature","properties":{"osm_id":181168416,"building":"yes","source":"cadastre-dgi-fr source : Direction Générale des Impôts - Cadastre. Mise à jour : 2012","wall":"no"},"geometry":{"type":"Polygon","coordinates":[[[4.459306,45.799897],[4.459416,45.799897],[4.459416,45.799919],[4.459307,45.79992],[4.459306,45.799897]]]}},{"type":"Feature","properties":{"osm_id":181168419,"building":"yes","source":"cadastre-dgi-fr source : Direction Générale des Impôts - Cadastre. Mise à jour : 2012","wall":"no"},"geometry":{"type":"Polygon","coordinates":[[[4.468214,45.788339],[4.468213,45.788434],[4.468194,45.788434],[4.468194,45.788339],[4.468214,45.788339]]]}},{"type":"Feature","properties":{"osm_id":181168422,"building":"yes","source":"cadastre-dgi-fr source : Direction Générale des Impôts - Cadastre. Mise à jour : 2012"},"geometry":{"type":"Polygon","coordinates":[[[4.463071,45.783903],[4.463143,45.783908],[4.46314,45.783957],[4.463073,45.783951],[4.463071,45.783903]]]}},{"type":"Feature","properties":{"osm_id":181168423,"building":"yes","source":"cadastre-dgi-fr source : Direction Générale des Impôts - Cadastre. Mise à jour : 2012","wall":"no"},"geometry":{"type":"Polygon","coordinates":[[[4.466979,45.792226],[4.467003,45.79216],[4.467019,45.792164],[4.466994,45.792227],[4.466979,45.792226]]]}},{"type":"Feature","properties":{"osm_id":181168425,"building":"yes","source":"cadastre-dgi-fr source : Direction Générale des Impôts - Cadastre. Mise à jour : 2012","wall":"no"},"geometry":{"type":"Polygon","coordinates":[[[4.464652,45.794928],[4.464639,45.79492],[4.464685,45.794882],[4.464698,45.79489],[4.464652,45.794928]]]}},{"type":"Feature","properties":{"osm_id":181168428,"building":"yes","source":"cadastre-dgi-fr source : Direction Générale des Impôts - Cadastre. Mise à jour : 2012","wall":"no"},"geometry":{"type":"Polygon","coordinates":[[[4.466389,45.790904],[4.466358,45.790906],[4.466349,45.790842],[4.46638,45.79084],[4.466389,45.790904]]]}},{"type":"Feature","properties":{"osm_id":181168430,"building":"yes","source":"cadastre-dgi-fr source : Direction Générale des Impôts - Cadastre. Mise à jour : 2012","wall":"no"},"geometry":{"type":"Polygon","coordinates":[[[4.468469,45.79003],[4.468426,45.790062],[4.468396,45.790042],[4.468439,45.79001],[4.468469,45.79003]]]}},{"type":"Feature","properties":{"osm_id":181168433,"building":"yes","source":"cadastre-dgi-fr source : Direction Générale des Impôts - Cadastre. Mise à jour : 2012","wall":"no"},"geometry":{"type":"Polygon","coordinates":[[[4.461817,45.792444],[4.461959,45.792445],[4.461955,45.792515],[4.461813,45.79251],[4.461817,45.792444]]]}},{"type":"Feature","properties":{"osm_id":181168435,"building":"yes","source":"cadastre-dgi-fr source : Direction Générale des Impôts - Cadastre. Mise à jour : 2012"},"geometry":{"type":"Polygon","coordinates":[[[4.46562,45.789917],[4.465707,45.789977],[4.465661,45.79001],[4.465578,45.789948],[4.46562,45.789917]]]}},{"type":"Feature","properties":{"osm_id":181168437,"building":"yes","source":"cadastre-dgi-fr source : Direction Générale des Impôts - Cadastre. Mise à jour : 2012","wall":"no"},"geometry":{"type":"Polygon","coordinates":[[[4.461011,45.793476],[4.461025,45.793494],[4.460961,45.793517],[4.460948,45.793498],[4.461011,45.793476]]]}},{"type":"Feature","properties":{"osm_id":181168439,"building":"yes","source":"cadastre-dgi-fr source : Direction Générale des Impôts - Cadastre. Mise à jour : 2012","wall":"no"},"geometry":{"type":"Polygon","coordinates":[[[4.469202,45.788521],[4.46918,45.788519],[4.469193,45.78845],[4.469214,45.788453],[4.469202,45.788521]]]}},{"type":"Feature","properties":{"osm_id":181168441,"building":"yes","source":"cadastre-dgi-fr source : Direction Générale des Impôts - Cadastre. Mise à jour : 2012"},"geometry":{"type":"Polygon","coordinates":[[[4.460962,45.794951],[4.46098,45.794972],[4.460944,45.79499],[4.460926,45.794971],[4.460962,45.794951]]]}},{"type":"Feature","properties":{"osm_id":181168444,"building":"yes","source":"cadastre-dgi-fr source : Direction Générale des Impôts - Cadastre. Mise à jour : 2012","wall":"no"},"geometry":{"type":"Polygon","coordinates":[[[4.455931,45.796366],[4.455918,45.796329],[4.45601,45.796316],[4.456018,45.796349],[4.455931,45.796366]]]}},{"type":"Feature","properties":{"osm_id":181168446,"building":"yes","source":"cadastre-dgi-fr source : Direction Générale des Impôts - Cadastre. Mise à jour : 2012","wall":"no"},"geometry":{"type":"Polygon","coordinates":[[[4.4618604,45.7999852],[4.461907,45.800013],[4.461879,45.800037],[4.461831,45.80001],[4.4618604,45.7999852]]]}},{"type":"Feature","properties":{"osm_id":181168448,"building":"yes","source":"cadastre-dgi-fr source : Direction Générale des Impôts - Cadastre. Mise à jour : 2012"},"geometry":{"type":"Polygon","coordinates":[[[4.461997,45.792521],[4.462077,45.792533],[4.462066,45.792559],[4.46199,45.792549],[4.461997,45.792521]]]}},{"type":"Feature","properties":{"osm_id":181168450,"building":"yes","source":"cadastre-dgi-fr source : Direction Générale des Impôts - Cadastre. Mise à jour : 2012","wall":"no"},"geometry":{"type":"Polygon","coordinates":[[[4.458401,45.799798],[4.458402,45.79986],[4.45835,45.79986],[4.45835,45.799798],[4.458401,45.799798]]]}},{"type":"Feature","properties":{"osm_id":181168452,"building":"yes","source":"cadastre-dgi-fr source : Direction Générale des Impôts - Cadastre. Mise à jour : 2012"},"geometry":{"type":"Polygon","coordinates":[[[4.466912,45.789933],[4.467029,45.789938],[4.467033,45.790073],[4.466932,45.790075],[4.466912,45.789933]]]}},{"type":"Feature","properties":{"osm_id":181168454,"building":"yes","source":"cadastre-dgi-fr source : Direction Générale des Impôts - Cadastre. Mise à jour : 2012","wall":"no"},"geometry":{"type":"Polygon","coordinates":[[[4.45728,45.790678],[4.457309,45.790687],[4.457262,45.790752],[4.457233,45.790744],[4.45728,45.790678]]]}},{"type":"Feature","properties":{"osm_id":181168457,"building":"yes","source":"cadastre-dgi-fr source : Direction Générale des Impôts - Cadastre. Mise à jour : 2012","wall":"no"},"geometry":{"type":"Polygon","coordinates":[[[4.465191,45.794052],[4.465203,45.794043],[4.465214,45.79405],[4.465202,45.79406],[4.465191,45.794052]]]}},{"type":"Feature","properties":{"osm_id":181168459,"building":"yes","man_made":"reservoir_covered","source":"cadastre-dgi-fr source : Direction Générale des Impôts - Cadastre. Mise à jour : 2012"},"geometry":{"type":"Polygon","coordinates":[[[4.455447,45.802467],[4.455434,45.802462],[4.455415,45.802449],[4.455411,45.802444],[4.455407,45.802435],[4.455404,45.802416],[4.455408,45.802401],[4.455416,45.802392],[4.455435,45.802375],[4.45541,45.802362],[4.455386,45.802386],[4.45538,45.80239],[4.45536,45.802397],[4.455339,45.802401],[4.455331,45.802401],[4.455315,45.802398],[4.455299,45.802392],[4.455278,45.802381],[4.455264,45.802358],[4.455263,45.802348],[4.455267,45.802335],[4.455274,45.802324],[4.455286,45.802313],[4.455312,45.8023],[4.455327,45.802297],[4.455339,45.802296],[4.455354,45.802298],[4.45538,45.802306],[4.455395,45.802314],[4.455407,45.802303],[4.455493,45.802341],[4.455463,45.80237],[4.455481,45.802369],[4.455509,45.802373],[4.455527,45.802382],[4.455536,45.802388],[4.455546,45.8024],[4.455548,45.802408],[4.45555,45.802425],[4.455547,45.802438],[4.455544,45.802443],[4.455534,45.802453],[4.455524,45.80246],[4.455515,45.802465],[4.455506,45.802468],[4.455483,45.802471],[4.455465,45.802471],[4.455457,45.80247],[4.455447,45.802467]]]}},{"type":"Feature","properties":{"osm_id":181168465,"building":"yes","source":"cadastre-dgi-fr source : Direction Générale des Impôts - Cadastre. Mise à jour : 2012","wall":"no"},"geometry":{"type":"Polygon","coordinates":[[[4.462762,45.795014],[4.462772,45.795004],[4.462855,45.795046],[4.462857,45.795047],[4.462846,45.795057],[4.462762,45.795014]]]}},{"type":"Feature","properties":{"osm_id":181168468,"building":"yes","source":"cadastre-dgi-fr source : Direction Générale des Impôts - Cadastre. Mise à jour : 2012"},"geometry":{"type":"Polygon","coordinates":[[[4.465844,45.791068],[4.465855,45.791129],[4.465806,45.791134],[4.465752,45.791138],[4.465743,45.791076],[4.465844,45.791068]]]}},{"type":"Feature","properties":{"osm_id":181168470,"building":"yes","source":"cadastre-dgi-fr source : Direction Générale des Impôts - Cadastre. Mise à jour : 2012","wall":"no"},"geometry":{"type":"Polygon","coordinates":[[[4.459145,45.79746],[4.459129,45.797459],[4.459131,45.797437],[4.459197,45.797445],[4.459191,45.797464],[4.459145,45.79746]]]}},{"type":"Feature","properties":{"osm_id":181168471,"building":"yes","source":"cadastre-dgi-fr source : Direction Générale des Impôts - Cadastre. Mise à jour : 2012"},"geometry":{"type":"Polygon","coordinates":[[[4.46592,45.791651],[4.465926,45.791684],[4.46593,45.791708],[4.465829,45.791715],[4.465819,45.791649],[4.46592,45.791651]]]}},{"type":"Feature","properties":{"osm_id":181168472,"building":"yes","source":"cadastre-dgi-fr source : Direction Générale des Impôts - Cadastre. Mise à jour : 2012","wall":"no"},"geometry":{"type":"Polygon","coordinates":[[[4.461788,45.795274],[4.461786,45.795254],[4.461877,45.795248],[4.461879,45.795258],[4.46188,45.795268],[4.461788,45.795274]]]}},{"type":"Feature","properties":{"osm_id":181168476,"building":"yes","source":"cadastre-dgi-fr source : Direction Générale des Impôts - Cadastre. Mise à jour : 2012"},"geometry":{"type":"Polygon","coordinates":[[[4.467136,45.789944],[4.467207,45.789947],[4.467208,45.789952],[4.467187,45.790054],[4.46713,45.79005],[4.467136,45.789944]]]}},{"type":"Feature","properties":{"osm_id":181168478,"building":"yes","source":"cadastre-dgi-fr source : Direction Générale des Impôts - Cadastre. Mise à jour : 2012"},"geometry":{"type":"Polygon","coordinates":[[[4.44738,45.795103],[4.447527,45.795123],[4.447497,45.795211],[4.447351,45.795189],[4.447363,45.795153],[4.44738,45.795103]]]}},{"type":"Feature","properties":{"osm_id":181168480,"building":"yes","source":"cadastre-dgi-fr source : Direction Générale des Impôts - Cadastre. Mise à jour : 2012"},"geometry":{"type":"Polygon","coordinates":[[[4.465875,45.790552],[4.465892,45.79053],[4.4659749,45.7905438],[4.466041,45.790555],[4.466011,45.790598],[4.465875,45.790552]]]}},{"type":"Feature","properties":{"osm_id":181168481,"building":"yes","source":"cadastre-dgi-fr source : Direction Générale des Impôts - Cadastre. Mise à jour : 2012","wall":"no"},"geometry":{"type":"Polygon","coordinates":[[[4.471581,45.787917],[4.471532,45.787894],[4.471588,45.787814],[4.471622,45.787771],[4.471674,45.787791],[4.471581,45.787917]]]}},{"type":"Feature","properties":{"osm_id":181168482,"building":"yes","source":"cadastre-dgi-fr source : Direction Générale des Impôts - Cadastre. Mise à jour : 2012","wall":"no"},"geometry":{"type":"Polygon","coordinates":[[[4.466457,45.79128],[4.466406,45.791286],[4.466397,45.791243],[4.4663961,45.791238],[4.4664472,45.791233],[4.466457,45.79128]]]}},{"type":"Feature","properties":{"osm_id":181168486,"building":"yes","source":"cadastre-dgi-fr source : Direction Générale des Impôts - Cadastre. Mise à jour : 2012"},"geometry":{"type":"Polygon","coordinates":[[[4.465094,45.791275],[4.465048,45.791294],[4.465022,45.791261],[4.465066,45.791242],[4.465073,45.791249],[4.465094,45.791275]]]}},{"type":"Feature","properties":{"osm_id":181168488,"building":"yes","source":"cadastre-dgi-fr source : Direction Générale des Impôts - Cadastre. Mise à jour : 2012"},"geometry":{"type":"Polygon","coordinates":[[[4.463005,45.792772],[4.4631,45.792718],[4.463211,45.792653],[4.463326,45.792748],[4.463122,45.792868],[4.463005,45.792772]]]}},{"type":"Feature","properties":{"osm_id":181168490,"building":"yes","source":"cadastre-dgi-fr source : Direction Générale des Impôts - Cadastre. Mise à jour : 2012"},"geometry":{"type":"Polygon","coordinates":[[[4.465978,45.79174],[4.466036,45.791745],[4.46603,45.79178],[4.465983,45.791775],[4.465982,45.791762],[4.465978,45.79174]]]}},{"type":"Feature","properties":{"osm_id":181168492,"building":"yes","source":"cadastre-dgi-fr source : Direction Générale des Impôts - Cadastre. Mise à jour : 2012"},"geometry":{"type":"Polygon","coordinates":[[[4.464062,45.788307],[4.464099,45.7883],[4.464105,45.788301],[4.464107,45.78833],[4.464066,45.788336],[4.464062,45.788307]]]}},{"type":"Feature","properties":{"osm_id":181168497,"building":"yes","source":"cadastre-dgi-fr source : Direction Générale des Impôts - Cadastre. Mise à jour : 2012"},"geometry":{"type":"Polygon","coordinates":[[[4.467955,45.790483],[4.467883,45.790522],[4.467877,45.790524],[4.467834,45.79048],[4.467914,45.790441],[4.467955,45.790483]]]}},{"type":"Feature","properties":{"osm_id":181168499,"building":"yes","source":"cadastre-dgi-fr source : Direction Générale des Impôts - Cadastre. Mise à jour : 2012"},"geometry":{"type":"Polygon","coordinates":[[[4.46957,45.786054],[4.469334,45.786058],[4.469253,45.786059],[4.469245,45.785992],[4.469568,45.785985],[4.46957,45.786054]]]}},{"type":"Feature","properties":{"osm_id":181168501,"building":"yes","source":"cadastre-dgi-fr source : Direction Générale des Impôts - Cadastre. Mise à jour : 2012","wall":"no"},"geometry":{"type":"Polygon","coordinates":[[[4.465056,45.791226],[4.465101,45.791203],[4.465121,45.791223],[4.465073,45.791249],[4.465066,45.791242],[4.465056,45.791226]]]}},{"type":"Feature","properties":{"osm_id":181168502,"building":"yes","source":"cadastre-dgi-fr source : Direction Générale des Impôts - Cadastre. Mise à jour : 2012"},"geometry":{"type":"Polygon","coordinates":[[[4.449406,45.788008],[4.44941,45.787932],[4.449412,45.787886],[4.449485,45.787893],[4.449479,45.78801],[4.449406,45.788008]]]}},{"type":"Feature","properties":{"osm_id":181168503,"building":"yes","source":"cadastre-dgi-fr source : Direction Générale des Impôts - Cadastre. Mise à jour : 2012","wall":"no"},"geometry":{"type":"Polygon","coordinates":[[[4.458673,45.799309],[4.458749,45.799294],[4.458756,45.79931],[4.458759,45.799317],[4.458683,45.799333],[4.458673,45.799309]]]}},{"type":"Feature","properties":{"osm_id":181168508,"building":"yes","source":"cadastre-dgi-fr source : Direction Générale des Impôts - Cadastre. Mise à jour : 2012"},"geometry":{"type":"Polygon","coordinates":[[[4.473707,45.784536],[4.473796,45.784459],[4.473868,45.784495],[4.473718,45.784627],[4.473649,45.784589],[4.473707,45.784536]]]}},{"type":"Feature","properties":{"osm_id":181168510,"building":"yes","source":"cadastre-dgi-fr source : Direction Générale des Impôts - Cadastre. Mise à jour : 2012","wall":"no"},"geometry":{"type":"Polygon","coordinates":[[[4.462369,45.787673],[4.462345,45.787646],[4.462443,45.787613],[4.462552,45.787576],[4.462566,45.787607],[4.462369,45.787673]]]}},{"type":"Feature","properties":{"osm_id":181168511,"building":"yes","source":"cadastre-dgi-fr source : Direction Générale des Impôts - Cadastre. Mise à jour : 2012","wall":"no"},"geometry":{"type":"Polygon","coordinates":[[[4.460726,45.792565],[4.46072,45.792549],[4.460715,45.792536],[4.460814,45.792519],[4.460824,45.792547],[4.460726,45.792565]]]}},{"type":"Feature","properties":{"osm_id":181168512,"building":"yes","source":"cadastre-dgi-fr source : Direction Générale des Impôts - Cadastre. Mise à jour : 2012"},"geometry":{"type":"Polygon","coordinates":[[[4.465697,45.790673],[4.465672,45.790721],[4.465661,45.790742],[4.46561,45.790716],[4.465648,45.790656],[4.465697,45.790673]]]}},{"type":"Feature","properties":{"osm_id":181168513,"building":"yes","source":"cadastre-dgi-fr source : Direction Générale des Impôts - Cadastre. Mise à jour : 2012","wall":"no"},"geometry":{"type":"Polygon","coordinates":[[[4.46314,45.783957],[4.463143,45.783908],[4.463287,45.783918],[4.46328,45.783968],[4.46314,45.783957]]]}},{"type":"Feature","properties":{"osm_id":181168519,"building":"yes","source":"cadastre-dgi-fr source : Direction Générale des Impôts - Cadastre. Mise à jour : 2012","wall":"no"},"geometry":{"type":"Polygon","coordinates":[[[4.462895,45.795543],[4.462906,45.795527],[4.46291,45.795519],[4.462998,45.795548],[4.462982,45.795571],[4.462895,45.795543]]]}},{"type":"Feature","properties":{"osm_id":181168520,"building":"yes","source":"cadastre-dgi-fr source : Direction Générale des Impôts - Cadastre. Mise à jour : 2012"},"geometry":{"type":"Polygon","coordinates":[[[4.465827,45.792267],[4.465836,45.792215],[4.465907,45.792221],[4.465983,45.792229],[4.465975,45.79228],[4.465827,45.792267]]]}},{"type":"Feature","properties":{"osm_id":181168522,"building":"yes","source":"cadastre-dgi-fr source : Direction Générale des Impôts - Cadastre. Mise à jour : 2012"},"geometry":{"type":"Polygon","coordinates":[[[4.460754,45.795266],[4.460585,45.795265],[4.460589,45.79519],[4.460695,45.795191],[4.460759,45.795192],[4.460754,45.795266]]]}},{"type":"Feature","properties":{"osm_id":181168523,"building":"yes","source":"cadastre-dgi-fr source : Direction Générale des Impôts - Cadastre. Mise à jour : 2012"},"geometry":{"type":"Polygon","coordinates":[[[4.466991,45.790853],[4.467022,45.790885],[4.466968,45.79096],[4.466936,45.790939],[4.466896,45.790909],[4.466991,45.790853]]]}},{"type":"Feature","properties":{"osm_id":181168525,"building":"yes","source":"cadastre-dgi-fr source : Direction Générale des Impôts - Cadastre. Mise à jour : 2012"},"geometry":{"type":"Polygon","coordinates":[[[4.467017,45.79099],[4.467094,45.790927],[4.467134,45.790952],[4.467105,45.790972],[4.46705,45.79101],[4.467017,45.79099]]]}},{"type":"Feature","properties":{"osm_id":181168530,"building":"yes","source":"cadastre-dgi-fr source : Direction Générale des Impôts - Cadastre. Mise à jour : 2012"},"geometry":{"type":"Polygon","coordinates":[[[4.4488238,45.7839254],[4.448778,45.784003],[4.4487703,45.7840152],[4.4487238,45.7840014],[4.4487807,45.7839121],[4.4488238,45.7839254]]]}},{"type":"Feature","properties":{"osm_id":181168531,"building":"yes","source":"cadastre-dgi-fr source : Direction Générale des Impôts - Cadastre. Mise à jour : 2012","wall":"no"},"geometry":{"type":"Polygon","coordinates":[[[4.463722,45.792813],[4.4637,45.792826],[4.4636259,45.7927601],[4.463618,45.792753],[4.46364,45.792741],[4.463722,45.792813]]]}},{"type":"Feature","properties":{"osm_id":181168532,"building":"yes","source":"cadastre-dgi-fr source : Direction Générale des Impôts - Cadastre. Mise à jour : 2012","wall":"no"},"geometry":{"type":"Polygon","coordinates":[[[4.463108,45.795176],[4.463077,45.795158],[4.463094,45.795143],[4.463125,45.795161],[4.463119,45.795167],[4.463108,45.795176]]]}},{"type":"Feature","properties":{"osm_id":181168534,"building":"yes","source":"cadastre-dgi-fr source : Direction Générale des Impôts - Cadastre. Mise à jour : 2012","wall":"no"},"geometry":{"type":"Polygon","coordinates":[[[4.468454,45.785905],[4.468343,45.785859],[4.468386,45.785821],[4.468529,45.785883],[4.468494,45.785922],[4.468454,45.785905]]]}},{"type":"Feature","properties":{"osm_id":181168536,"building":"yes","source":"cadastre-dgi-fr source : Direction Générale des Impôts - Cadastre. Mise à jour : 2012","wall":"no"},"geometry":{"type":"Polygon","coordinates":[[[4.469593,45.788002],[4.469555,45.788024],[4.469509,45.787987],[4.469547,45.787965],[4.469556,45.787971],[4.469593,45.788002]]]}},{"type":"Feature","properties":{"osm_id":181168540,"building":"yes","source":"cadastre-dgi-fr source : Direction Générale des Impôts - Cadastre. Mise à jour : 2012"},"geometry":{"type":"Polygon","coordinates":[[[4.4614835,45.7923653],[4.4615289,45.792505],[4.4615351,45.7925528],[4.4615511,45.792645],[4.4615298,45.7926439],[4.461486,45.792636],[4.461456,45.792632],[4.461386,45.79238],[4.4614835,45.7923653]]]}},{"type":"Feature","properties":{"osm_id":181168541,"building":"yes","source":"cadastre-dgi-fr source : Direction Générale des Impôts - Cadastre. Mise à jour : 2012","wall":"no"},"geometry":{"type":"Polygon","coordinates":[[[4.450938,45.789397],[4.450942,45.789414],[4.450782,45.789492],[4.450741,45.789444],[4.450916,45.78935],[4.450938,45.789397]]]}},{"type":"Feature","properties":{"osm_id":181168542,"building":"yes","source":"cadastre-dgi-fr source : Direction Générale des Impôts - Cadastre. Mise à jour : 2012"},"geometry":{"type":"Polygon","coordinates":[[[4.469198,45.789599],[4.469188,45.789614],[4.46918,45.789623],[4.469128,45.789608],[4.469145,45.789586],[4.469198,45.789599]]]}},{"type":"Feature","properties":{"osm_id":181168544,"building":"yes","source":"cadastre-dgi-fr source : Direction Générale des Impôts - Cadastre. Mise à jour : 2012","wall":"no"},"geometry":{"type":"Polygon","coordinates":[[[4.458501,45.795509],[4.45829,45.795681],[4.45826,45.795668],[4.458211,45.795645],[4.458439,45.79548],[4.458501,45.795509]]]}},{"type":"Feature","properties":{"osm_id":181168546,"building":"yes","source":"cadastre-dgi-fr source : Direction Générale des Impôts - Cadastre. Mise à jour : 2012"},"geometry":{"type":"Polygon","coordinates":[[[4.45829,45.795681],[4.458534,45.795797],[4.45844,45.795892],[4.458167,45.795767],[4.45826,45.795668],[4.45829,45.795681]]]}},{"type":"Feature","properties":{"osm_id":181168551,"building":"yes","source":"cadastre-dgi-fr source : Direction Générale des Impôts - Cadastre. Mise à jour : 2012"},"geometry":{"type":"Polygon","coordinates":[[[4.467281,45.790951],[4.467244,45.790991],[4.467172,45.790954],[4.46716,45.790947],[4.467196,45.790908],[4.467281,45.790951]]]}},{"type":"Feature","properties":{"osm_id":181168552,"building":"yes","source":"cadastre-dgi-fr source : Direction Générale des Impôts - Cadastre. Mise à jour : 2012"},"geometry":{"type":"Polygon","coordinates":[[[4.46662,45.791264],[4.466457,45.79128],[4.4664472,45.791233],[4.466447,45.791232],[4.466596,45.791217],[4.46662,45.791264]]]}},{"type":"Feature","properties":{"osm_id":181168553,"building":"yes","source":"cadastre-dgi-fr source : Direction Générale des Impôts - Cadastre. Mise à jour : 2012","wall":"no"},"geometry":{"type":"Polygon","coordinates":[[[4.459366,45.793038],[4.459435,45.79299],[4.459478,45.793014],[4.459405,45.793065],[4.459379,45.793047],[4.459366,45.793038]]]}},{"type":"Feature","properties":{"osm_id":181168555,"building":"yes","source":"cadastre-dgi-fr source : Direction Générale des Impôts - Cadastre. Mise à jour : 2012","wall":"no"},"geometry":{"type":"Polygon","coordinates":[[[4.457336,45.79982],[4.457331,45.799794],[4.457436,45.799783],[4.457438,45.799793],[4.457442,45.799809],[4.457336,45.79982]]]}},{"type":"Feature","properties":{"osm_id":181168557,"building":"yes","source":"cadastre-dgi-fr source : Direction Générale des Impôts - Cadastre. Mise à jour : 2012"},"geometry":{"type":"Polygon","coordinates":[[[4.466765,45.790785],[4.46667,45.790804],[4.466652,45.790785],[4.466638,45.790765],[4.466734,45.790747],[4.466765,45.790785]]]}},{"type":"Feature","properties":{"osm_id":181168561,"building":"yes","source":"cadastre-dgi-fr source : Direction Générale des Impôts - Cadastre. Mise à jour : 2012","wall":"no"},"geometry":{"type":"Polygon","coordinates":[[[4.456078,45.796516],[4.456094,45.796559],[4.456097,45.796576],[4.456004,45.79658],[4.455986,45.796531],[4.456078,45.796516]]]}},{"type":"Feature","properties":{"osm_id":181168562,"building":"yes","source":"cadastre-dgi-fr source : Direction Générale des Impôts - Cadastre. Mise à jour : 2012"},"geometry":{"type":"Polygon","coordinates":[[[4.467211,45.790161],[4.467223,45.790161],[4.467275,45.79016],[4.467252,45.790212],[4.467188,45.790213],[4.467211,45.790161]]]}},{"type":"Feature","properties":{"osm_id":181168564,"building":"yes","source":"cadastre-dgi-fr source : Direction Générale des Impôts - Cadastre. Mise à jour : 2012"},"geometry":{"type":"Polygon","coordinates":[[[4.463052,45.796025],[4.463118,45.796046],[4.463203,45.796073],[4.463154,45.796147],[4.463004,45.796097],[4.463052,45.796025]]]}},{"type":"Feature","properties":{"osm_id":181168566,"building":"yes","source":"cadastre-dgi-fr source : Direction Générale des Impôts - Cadastre. Mise à jour : 2012","wall":"no"},"geometry":{"type":"Polygon","coordinates":[[[4.461748,45.796915],[4.461731,45.79688],[4.461756,45.796874],[4.461772,45.79691],[4.46176,45.796913],[4.461748,45.796915]]]}},{"type":"Feature","properties":{"osm_id":181168568,"building":"yes","source":"cadastre-dgi-fr source : Direction Générale des Impôts - Cadastre. Mise à jour : 2012"},"geometry":{"type":"Polygon","coordinates":[[[4.46825,45.790297],[4.468288,45.790277],[4.468324,45.790305],[4.468296,45.790321],[4.468268,45.790337],[4.46825,45.790297]]]}},{"type":"Feature","properties":{"osm_id":181168571,"building":"yes","source":"cadastre-dgi-fr source : Direction Générale des Impôts - Cadastre. Mise à jour : 2012"},"geometry":{"type":"Polygon","coordinates":[[[4.457135,45.78633],[4.457034,45.786358],[4.457006,45.786297],[4.457006,45.786287],[4.457102,45.786254],[4.457135,45.78633]]]}},{"type":"Feature","properties":{"osm_id":181168572,"building":"yes","source":"cadastre-dgi-fr source : Direction Générale des Impôts - Cadastre. Mise à jour : 2012"},"geometry":{"type":"Polygon","coordinates":[[[4.471913,45.78773],[4.472022,45.787749],[4.472003,45.787817],[4.471971,45.78781],[4.471894,45.787793],[4.471913,45.78773]]]}},{"type":"Feature","properties":{"osm_id":181168574,"building":"yes","source":"cadastre-dgi-fr source : Direction Générale des Impôts - Cadastre. Mise à jour : 2012"},"geometry":{"type":"Polygon","coordinates":[[[4.447363,45.795153],[4.447351,45.795189],[4.447346,45.795208],[4.447285,45.795198],[4.447305,45.795143],[4.447363,45.795153]]]}},{"type":"Feature","properties":{"osm_id":181168576,"building":"yes","source":"cadastre-dgi-fr source : Direction Générale des Impôts - Cadastre. Mise à jour : 2012"},"geometry":{"type":"Polygon","coordinates":[[[4.462476,45.788886],[4.4625237,45.7888448],[4.462542,45.788829],[4.462613,45.78887],[4.46258,45.788912],[4.462476,45.788886]]]}},{"type":"Feature","properties":{"osm_id":181168578,"building":"yes","source":"cadastre-dgi-fr source : Direction Générale des Impôts - Cadastre. Mise à jour : 2012"},"geometry":{"type":"Polygon","coordinates":[[[4.465737,45.790795],[4.465777,45.790698],[4.465908,45.790741],[4.46588,45.79078],[4.465851,45.79082],[4.465737,45.790795]]]}},{"type":"Feature","properties":{"osm_id":181168581,"building":"yes","source":"cadastre-dgi-fr source : Direction Générale des Impôts - Cadastre. Mise à jour : 2012"},"geometry":{"type":"Polygon","coordinates":[[[4.468678,45.788394],[4.468688,45.78836],[4.468714,45.788275],[4.468811,45.788288],[4.468775,45.788406],[4.468678,45.788394]]]}},{"type":"Feature","properties":{"osm_id":181168582,"building":"yes","source":"cadastre-dgi-fr source : Direction Générale des Impôts - Cadastre. Mise à jour : 2012"},"geometry":{"type":"Polygon","coordinates":[[[4.464678,45.795034],[4.464588,45.794979],[4.464652,45.794928],[4.464698,45.79489],[4.464788,45.794944],[4.464678,45.795034]]]}},{"type":"Feature","properties":{"osm_id":181168584,"building":"yes","source":"cadastre-dgi-fr source : Direction Générale des Impôts - Cadastre. Mise à jour : 2012","wall":"no"},"geometry":{"type":"Polygon","coordinates":[[[4.44879,45.78639],[4.448862,45.786388],[4.44888,45.786388],[4.448882,45.786424],[4.448792,45.786427],[4.44879,45.78639]]]}},{"type":"Feature","properties":{"osm_id":181168586,"building":"yes","source":"cadastre-dgi-fr source : Direction Générale des Impôts - Cadastre. Mise à jour : 2012"},"geometry":{"type":"Polygon","coordinates":[[[4.448773,45.786391],[4.448765,45.786267],[4.448854,45.786264],[4.448862,45.786388],[4.44879,45.78639],[4.448773,45.786391]]]}},{"type":"Feature","properties":{"osm_id":181168588,"building":"yes","source":"cadastre-dgi-fr source : Direction Générale des Impôts - Cadastre. Mise à jour : 2012"},"geometry":{"type":"Polygon","coordinates":[[[4.467417,45.790171],[4.467534,45.790211],[4.467503,45.790254],[4.467485,45.790252],[4.467387,45.790234],[4.467417,45.790171]]]}},{"type":"Feature","properties":{"osm_id":181168590,"building":"yes","source":"cadastre-dgi-fr source : Direction Générale des Impôts - Cadastre. Mise à jour : 2012"},"geometry":{"type":"Polygon","coordinates":[[[4.465724,45.790836],[4.465737,45.790795],[4.465851,45.79082],[4.465872,45.790825],[4.465864,45.790835],[4.465724,45.790836]]]}},{"type":"Feature","properties":{"osm_id":181168592,"building":"yes","source":"cadastre-dgi-fr source : Direction Générale des Impôts - Cadastre. Mise à jour : 2012","wall":"no"},"geometry":{"type":"Polygon","coordinates":[[[4.4618,45.796176],[4.461827,45.796135],[4.461864,45.796148],[4.461867,45.796149],[4.461841,45.79619],[4.4618,45.796176]]]}},{"type":"Feature","properties":{"osm_id":181168595,"building":"yes","source":"cadastre-dgi-fr source : Direction Générale des Impôts - Cadastre. Mise à jour : 2012"},"geometry":{"type":"Polygon","coordinates":[[[4.468331,45.790419],[4.468318,45.790393],[4.468316,45.790387],[4.468351,45.790378],[4.468367,45.790411],[4.468331,45.790419]]]}},{"type":"Feature","properties":{"osm_id":181168596,"building":"yes","source":"cadastre-dgi-fr source : Direction Générale des Impôts - Cadastre. Mise à jour : 2012"},"geometry":{"type":"Polygon","coordinates":[[[4.456081,45.785446],[4.456123,45.785478],[4.456094,45.785499],[4.456076,45.785507],[4.456033,45.785477],[4.456081,45.785446]]]}},{"type":"Feature","properties":{"osm_id":181168598,"building":"yes","source":"cadastre-dgi-fr source : Direction Générale des Impôts - Cadastre. Mise à jour : 2012"},"geometry":{"type":"Polygon","coordinates":[[[4.451177,45.789355],[4.450938,45.789397],[4.450916,45.78935],[4.451129,45.789286],[4.45114,45.789285],[4.451177,45.789355]]]}},{"type":"Feature","properties":{"osm_id":181168601,"building":"yes","source":"cadastre-dgi-fr source : Direction Générale des Impôts - Cadastre. Mise à jour : 2012"},"geometry":{"type":"Polygon","coordinates":[[[4.459168,45.79721],[4.459176,45.797132],[4.459241,45.797134],[4.459409,45.797145],[4.459402,45.797221],[4.459168,45.79721]]]}},{"type":"Feature","properties":{"osm_id":181168603,"building":"yes","source":"cadastre-dgi-fr source : Direction Générale des Impôts - Cadastre. Mise à jour : 2012","wall":"no"},"geometry":{"type":"Polygon","coordinates":[[[4.456205,45.785505],[4.456152,45.78553],[4.456094,45.785499],[4.456123,45.785478],[4.456158,45.785458],[4.456205,45.785505]]]}},{"type":"Feature","properties":{"osm_id":181168605,"building":"yes","source":"cadastre-dgi-fr source : Direction Générale des Impôts - Cadastre. Mise à jour : 2012"},"geometry":{"type":"Polygon","coordinates":[[[4.467136,45.789944],[4.46713,45.79005],[4.467071,45.790048],[4.467069,45.789982],[4.467068,45.789941],[4.467136,45.789944]]]}},{"type":"Feature","properties":{"osm_id":181168608,"building":"yes","source":"cadastre-dgi-fr source : Direction Générale des Impôts - Cadastre. Mise à jour : 2012","wall":"no"},"geometry":{"type":"Polygon","coordinates":[[[4.466092,45.79345],[4.466129,45.793444],[4.466144,45.793488],[4.466129,45.79349],[4.466103,45.79348],[4.466092,45.79345]]]}},{"type":"Feature","properties":{"osm_id":181168610,"building":"yes","source":"cadastre-dgi-fr source : Direction Générale des Impôts - Cadastre. Mise à jour : 2012","wall":"no"},"geometry":{"type":"Polygon","coordinates":[[[4.456879,45.788816],[4.456945,45.788809],[4.456978,45.788856],[4.456946,45.788866],[4.456913,45.788874],[4.456879,45.788816]]]}},{"type":"Feature","properties":{"osm_id":181168612,"building":"yes","source":"cadastre-dgi-fr source : Direction Générale des Impôts - Cadastre. Mise à jour : 2012"},"geometry":{"type":"Polygon","coordinates":[[[4.4659749,45.7905438],[4.465892,45.79053],[4.46594,45.790475],[4.465985,45.790427],[4.466047,45.790456],[4.4659749,45.7905438]]]}},{"type":"Feature","properties":{"osm_id":181168614,"building":"yes","source":"cadastre-dgi-fr source : Direction Générale des Impôts - Cadastre. Mise à jour : 2012"},"geometry":{"type":"Polygon","coordinates":[[[4.47204,45.787268],[4.471947,45.787258],[4.471957,45.787168],[4.472049,45.787173],[4.4720423,45.7872115],[4.47204,45.787268]]]}},{"type":"Feature","properties":{"osm_id":181168616,"building":"yes","source":"cadastre-dgi-fr source : Direction Générale des Impôts - Cadastre. Mise à jour : 2012","wall":"no"},"geometry":{"type":"Polygon","coordinates":[[[4.457145,45.786353],[4.45709,45.786366],[4.457042,45.786379],[4.457034,45.786358],[4.457135,45.78633],[4.457145,45.786353]]]}},{"type":"Feature","properties":{"osm_id":181168619,"building":"yes","source":"cadastre-dgi-fr source : Direction Générale des Impôts - Cadastre. Mise à jour : 2012"},"geometry":{"type":"Polygon","coordinates":[[[4.465089,45.793242],[4.465044,45.793291],[4.464973,45.79326],[4.465057,45.793168],[4.465126,45.7932],[4.465089,45.793242]]]}},{"type":"Feature","properties":{"osm_id":181168621,"building":"yes","source":"cadastre-dgi-fr source : Direction Générale des Impôts - Cadastre. Mise à jour : 2012"},"geometry":{"type":"Polygon","coordinates":[[[4.468391,45.790046],[4.468328,45.790004],[4.468376,45.789969],[4.468439,45.79001],[4.468396,45.790042],[4.468391,45.790046]]]}},{"type":"Feature","properties":{"osm_id":181168622,"building":"yes","source":"cadastre-dgi-fr source : Direction Générale des Impôts - Cadastre. Mise à jour : 2012"},"geometry":{"type":"Polygon","coordinates":[[[4.464235,45.791085],[4.464219,45.791023],[4.464204,45.790965],[4.464296,45.790954],[4.464327,45.791073],[4.464235,45.791085]]]}},{"type":"Feature","properties":{"osm_id":181168625,"building":"yes","source":"cadastre-dgi-fr source : Direction Générale des Impôts - Cadastre. Mise à jour : 2012"},"geometry":{"type":"Polygon","coordinates":[[[4.449247,45.788097],[4.449371,45.788099],[4.449451,45.788101],[4.449448,45.788157],[4.449255,45.788152],[4.449247,45.788097]]]}},{"type":"Feature","properties":{"osm_id":181168627,"building":"yes","source":"cadastre-dgi-fr source : Direction Générale des Impôts - Cadastre. Mise à jour : 2012","wall":"no"},"geometry":{"type":"Polygon","coordinates":[[[4.467387,45.790234],[4.467249,45.79022],[4.467275,45.79016],[4.467291,45.790127],[4.467417,45.790171],[4.467387,45.790234]]]}},{"type":"Feature","properties":{"osm_id":181168629,"building":"yes","source":"cadastre-dgi-fr source : Direction Générale des Impôts - Cadastre. Mise à jour : 2012","wall":"no"},"geometry":{"type":"Polygon","coordinates":[[[4.469743,45.789093],[4.469759,45.789103],[4.469734,45.789122],[4.469724,45.789116],[4.469718,45.789111],[4.469743,45.789093]]]}},{"type":"Feature","properties":{"osm_id":181168631,"building":"yes","source":"cadastre-dgi-fr source : Direction Générale des Impôts - Cadastre. Mise à jour : 2012","wall":"no"},"geometry":{"type":"Polygon","coordinates":[[[4.468653,45.785981],[4.468645,45.785974],[4.46874,45.785915],[4.468801,45.785961],[4.46871,45.786016],[4.468653,45.785981]]]}},{"type":"Feature","properties":{"osm_id":181168632,"building":"yes","source":"cadastre-dgi-fr source : Direction Générale des Impôts - Cadastre. Mise à jour : 2012","wall":"no"},"geometry":{"type":"Polygon","coordinates":[[[4.471887,45.787263],[4.47204,45.787278],[4.472046,45.787336],[4.471999,45.787336],[4.471865,45.787336],[4.471887,45.787263]]]}},{"type":"Feature","properties":{"osm_id":181168636,"building":"yes","source":"cadastre-dgi-fr source : Direction Générale des Impôts - Cadastre. Mise à jour : 2012"},"geometry":{"type":"Polygon","coordinates":[[[4.467028,45.791389],[4.466911,45.791439],[4.46686,45.791461],[4.466891,45.791385],[4.466982,45.791342],[4.467028,45.791389]]]}},{"type":"Feature","properties":{"osm_id":181168638,"building":"yes","source":"cadastre-dgi-fr source : Direction Générale des Impôts - Cadastre. Mise à jour : 2012","wall":"no"},"geometry":{"type":"Polygon","coordinates":[[[4.4624694,45.7870516],[4.462502,45.7869592],[4.4625684,45.7869704],[4.4625375,45.7870627],[4.4624694,45.7870516]]]}},{"type":"Feature","properties":{"osm_id":181168640,"building":"yes","source":"cadastre-dgi-fr source : Direction Générale des Impôts - Cadastre. Mise à jour : 2012"},"geometry":{"type":"Polygon","coordinates":[[[4.46911,45.785723],[4.468866,45.785772],[4.468845,45.785719],[4.469045,45.785681],[4.469093,45.78567],[4.46911,45.785723]]]}},{"type":"Feature","properties":{"osm_id":181168642,"building":"yes","source":"cadastre-dgi-fr source : Direction Générale des Impôts - Cadastre. Mise à jour : 2012","wall":"no"},"geometry":{"type":"Polygon","coordinates":[[[4.449276,45.787409],[4.449293,45.787465],[4.449239,45.787471],[4.449163,45.787477],[4.449135,45.787418],[4.449276,45.787409]]]}},{"type":"Feature","properties":{"osm_id":181168643,"building":"yes","source":"cadastre-dgi-fr source : Direction Générale des Impôts - Cadastre. Mise à jour : 2012"},"geometry":{"type":"Polygon","coordinates":[[[4.466417,45.790255],[4.466384,45.790225],[4.466405,45.790211],[4.466487,45.790163],[4.466516,45.790193],[4.466417,45.790255]]]}},{"type":"Feature","properties":{"osm_id":181168647,"building":"yes","source":"cadastre-dgi-fr source : Direction Générale des Impôts - Cadastre. Mise à jour : 2012"},"geometry":{"type":"Polygon","coordinates":[[[4.461261,45.795404],[4.461069,45.79541],[4.461067,45.795334],[4.461154,45.795331],[4.461259,45.795328],[4.461261,45.795404]]]}},{"type":"Feature","properties":{"osm_id":181168650,"building":"yes","source":"cadastre-dgi-fr source : Direction Générale des Impôts - Cadastre. Mise à jour : 2012"},"geometry":{"type":"Polygon","coordinates":[[[4.464759,45.78958],[4.464776,45.789581],[4.464796,45.789583],[4.464907,45.789606],[4.46484,45.789648],[4.464759,45.78958]]]}},{"type":"Feature","properties":{"osm_id":181168651,"building":"yes","source":"cadastre-dgi-fr source : Direction Générale des Impôts - Cadastre. Mise à jour : 2012","wall":"no"},"geometry":{"type":"Polygon","coordinates":[[[4.456453,45.789406],[4.456054,45.789332],[4.45607,45.789288],[4.456469,45.789363],[4.456456,45.789398],[4.456453,45.789406]]]}},{"type":"Feature","properties":{"osm_id":181168652,"building":"yes","source":"cadastre-dgi-fr source : Direction Générale des Impôts - Cadastre. Mise à jour : 2012"},"geometry":{"type":"Polygon","coordinates":[[[4.466226,45.792332],[4.466256,45.792261],[4.466251,45.79226],[4.466347,45.792014],[4.466502,45.792028],[4.466493,45.792054],[4.466469,45.792061],[4.466484,45.792076],[4.466483,45.792085],[4.466501,45.792089],[4.466493,45.792114],[4.466471,45.792111],[4.466467,45.792123],[4.466444,45.792129],[4.466459,45.792142],[4.466445,45.792178],[4.466422,45.792184],[4.466438,45.792199],[4.466432,45.792212],[4.466452,45.792217],[4.466442,45.792242],[4.466423,45.792239],[4.466418,45.792253],[4.466395,45.792259],[4.46641,45.792273],[4.466402,45.792295],[4.466385,45.792293],[4.466371,45.792331],[4.466345,45.792339],[4.466363,45.792353],[4.466358,45.792365],[4.466374,45.792367],[4.46634,45.792457],[4.466287,45.792447],[4.466279,45.79243],[4.46626,45.79244],[4.466196,45.792428],[4.466184,45.79241],[4.466164,45.792422],[4.466087,45.792406],[4.466085,45.792409],[4.466078,45.792414],[4.46607,45.792416],[4.466057,45.792415],[4.466046,45.79241],[4.466044,45.792408],[4.466041,45.792398],[4.466048,45.792387],[4.466062,45.792383],[4.466072,45.792383],[4.466077,45.792385],[4.466107,45.79231],[4.466226,45.792332]]]}},{"type":"Feature","properties":{"osm_id":181168658,"building":"yes","source":"cadastre-dgi-fr source : Direction Générale des Impôts - Cadastre. Mise à jour : 2012","wall":"no"},"geometry":{"type":"Polygon","coordinates":[[[4.460571,45.79948],[4.460605,45.799442],[4.4606262,45.7994512],[4.460613,45.799466],[4.460628,45.799473],[4.460608,45.799496],[4.460571,45.79948]]]}},{"type":"Feature","properties":{"osm_id":181168659,"building":"yes","source":"cadastre-dgi-fr source : Direction Générale des Impôts - Cadastre. Mise à jour : 2012"},"geometry":{"type":"Polygon","coordinates":[[[4.467825,45.79124],[4.46775,45.791336],[4.467707,45.791319],[4.467733,45.79128],[4.467722,45.791275],[4.467764,45.791218],[4.467825,45.79124]]]}},{"type":"Feature","properties":{"osm_id":181168660,"building":"yes","source":"cadastre-dgi-fr source : Direction Générale des Impôts - Cadastre. Mise à jour : 2012","wall":"no"},"geometry":{"type":"Polygon","coordinates":[[[4.462925,45.783884],[4.462912,45.783838],[4.462973,45.783826],[4.462974,45.783852],[4.462986,45.783851],[4.462984,45.783873],[4.462925,45.783884]]]}},{"type":"Feature","properties":{"osm_id":181168661,"building":"yes","source":"cadastre-dgi-fr source : Direction Générale des Impôts - Cadastre. Mise à jour : 2012","wall":"no"},"geometry":{"type":"Polygon","coordinates":[[[4.466001,45.789997],[4.46591,45.790062],[4.46583,45.790014],[4.465901,45.789968],[4.465939,45.789997],[4.465974,45.789974],[4.466001,45.789997]]]}},{"type":"Feature","properties":{"osm_id":181168668,"building":"yes","source":"cadastre-dgi-fr source : Direction Générale des Impôts - Cadastre. Mise à jour : 2012"},"geometry":{"type":"Polygon","coordinates":[[[4.466775,45.790165],[4.466793,45.79019],[4.466756,45.790207],[4.46678,45.790238],[4.466673,45.790266],[4.46663,45.790205],[4.466775,45.790165]]]}},{"type":"Feature","properties":{"osm_id":181168669,"building":"yes","source":"cadastre-dgi-fr source : Direction Générale des Impôts - Cadastre. Mise à jour : 2012"},"geometry":{"type":"Polygon","coordinates":[[[4.457219,45.790254],[4.457138,45.790332],[4.457065,45.790295],[4.457174,45.790194],[4.45721,45.790212],[4.457183,45.790236],[4.457219,45.790254]]]}},{"type":"Feature","properties":{"osm_id":181168670,"building":"yes","source":"cadastre-dgi-fr source : Direction Générale des Impôts - Cadastre. Mise à jour : 2012","wall":"no"},"geometry":{"type":"Polygon","coordinates":[[[4.465794,45.792655],[4.465915,45.792688],[4.465937,45.792695],[4.465904,45.792749],[4.4657634,45.7927071],[4.46577,45.792696],[4.465794,45.792655]]]}},{"type":"Feature","properties":{"osm_id":181168671,"building":"yes","source":"cadastre-dgi-fr source : Direction Générale des Impôts - Cadastre. Mise à jour : 2012"},"geometry":{"type":"Polygon","coordinates":[[[4.466734,45.790747],[4.466813,45.790739],[4.466871,45.790734],[4.466911,45.790774],[4.466808,45.790829],[4.466765,45.790785],[4.466734,45.790747]]]}},{"type":"Feature","properties":{"osm_id":181168672,"building":"yes","source":"cadastre-dgi-fr source : Direction Générale des Impôts - Cadastre. Mise à jour : 2012"},"geometry":{"type":"Polygon","coordinates":[[[4.462089,45.7949],[4.462002,45.794922],[4.461957,45.794835],[4.462212,45.794769],[4.462251,45.794845],[4.462085,45.794887],[4.462089,45.7949]]]}},{"type":"Feature","properties":{"osm_id":181168678,"building":"yes","source":"cadastre-dgi-fr source : Direction Générale des Impôts - Cadastre. Mise à jour : 2012"},"geometry":{"type":"Polygon","coordinates":[[[4.467964,45.790168],[4.468015,45.790206],[4.468,45.790218],[4.467989,45.79021],[4.467938,45.790258],[4.467898,45.790223],[4.467964,45.790168]]]}},{"type":"Feature","properties":{"osm_id":181168679,"building":"yes","source":"cadastre-dgi-fr source : Direction Générale des Impôts - Cadastre. Mise à jour : 2012"},"geometry":{"type":"Polygon","coordinates":[[[4.456711,45.799997],[4.456796,45.799978],[4.456784,45.799952],[4.456882,45.799929],[4.456925,45.800024],[4.45674,45.800066],[4.456711,45.799997]]]}},{"type":"Feature","properties":{"osm_id":181168680,"building":"yes","source":"cadastre-dgi-fr source : Direction Générale des Impôts - Cadastre. Mise à jour : 2012"},"geometry":{"type":"Polygon","coordinates":[[[4.459369,45.796075],[4.459291,45.79603],[4.459345,45.795984],[4.459329,45.795974],[4.459408,45.795907],[4.459502,45.795959],[4.459369,45.796075]]]}},{"type":"Feature","properties":{"osm_id":181168681,"building":"yes","source":"cadastre-dgi-fr source : Direction Générale des Impôts - Cadastre. Mise à jour : 2012"},"geometry":{"type":"Polygon","coordinates":[[[4.459307,45.79992],[4.459416,45.799919],[4.459418,45.799993],[4.459208,45.799996],[4.459207,45.799898],[4.459306,45.799897],[4.459307,45.79992]]]}},{"type":"Feature","properties":{"osm_id":181168683,"building":"yes","source":"cadastre-dgi-fr source : Direction Générale des Impôts - Cadastre. Mise à jour : 2012","wall":"no"},"geometry":{"type":"Polygon","coordinates":[[[4.462579,45.784072],[4.462727,45.784017],[4.462762,45.784062],[4.462734,45.784091],[4.462535,45.784129],[4.462511,45.784098],[4.462579,45.784072]]]}},{"type":"Feature","properties":{"osm_id":181168689,"building":"yes","source":"cadastre-dgi-fr source : Direction Générale des Impôts - Cadastre. Mise à jour : 2012"},"geometry":{"type":"Polygon","coordinates":[[[4.457336,45.79982],[4.457442,45.799809],[4.457438,45.799793],[4.457529,45.799783],[4.457547,45.799866],[4.45735,45.799885],[4.457336,45.79982]]]}},{"type":"Feature","properties":{"osm_id":181168690,"building":"yes","source":"cadastre-dgi-fr source : Direction Générale des Impôts - Cadastre. Mise à jour : 2012"},"geometry":{"type":"Polygon","coordinates":[[[4.468983,45.789893],[4.468999,45.789858],[4.469024,45.789808],[4.469091,45.789824],[4.469019,45.789969],[4.468953,45.789954],[4.468983,45.789893]]]}},{"type":"Feature","properties":{"osm_id":181168691,"building":"yes","source":"cadastre-dgi-fr source : Direction Générale des Impôts - Cadastre. Mise à jour : 2012","wall":"no"},"geometry":{"type":"Polygon","coordinates":[[[4.460911,45.795504],[4.460875,45.795482],[4.460902,45.795462],[4.461018,45.795536],[4.461004,45.795545],[4.460924,45.795495],[4.460911,45.795504]]]}},{"type":"Feature","properties":{"osm_id":181168693,"building":"yes","source":"cadastre-dgi-fr source : Direction Générale des Impôts - Cadastre. Mise à jour : 2012","wall":"no"},"geometry":{"type":"Polygon","coordinates":[[[4.465536,45.790278],[4.46564,45.790339],[4.465617,45.790362],[4.465627,45.790393],[4.465566,45.790395],[4.465466,45.790334],[4.465536,45.790278]]]}},{"type":"Feature","properties":{"osm_id":181168695,"building":"yes","source":"cadastre-dgi-fr source : Direction Générale des Impôts - Cadastre. Mise à jour : 2012"},"geometry":{"type":"Polygon","coordinates":[[[4.461788,45.795274],[4.46188,45.795268],[4.461879,45.795258],[4.461975,45.79525],[4.461985,45.795339],[4.461797,45.795352],[4.461788,45.795274]]]}},{"type":"Feature","properties":{"osm_id":181168699,"building":"yes","source":"cadastre-dgi-fr source : Direction Générale des Impôts - Cadastre. Mise à jour : 2012","wall":"no"},"geometry":{"type":"Polygon","coordinates":[[[4.464968,45.793455],[4.465072,45.793362],[4.465151,45.793395],[4.465113,45.793428],[4.465073,45.793462],[4.465032,45.793492],[4.464968,45.793455]]]}},{"type":"Feature","properties":{"osm_id":181168700,"building":"yes","source":"cadastre-dgi-fr source : Direction Générale des Impôts - Cadastre. Mise à jour : 2012"},"geometry":{"type":"Polygon","coordinates":[[[4.462769,45.795572],[4.462818,45.795498],[4.462906,45.795527],[4.462895,45.795543],[4.462982,45.795571],[4.462945,45.795629],[4.462769,45.795572]]]}},{"type":"Feature","properties":{"osm_id":181168702,"building":"yes","source":"cadastre-dgi-fr source : Direction Générale des Impôts - Cadastre. Mise à jour : 2012"},"geometry":{"type":"Polygon","coordinates":[[[4.466469,45.790969],[4.466407,45.790975],[4.466402,45.790975],[4.466396,45.790903],[4.466566,45.790892],[4.466587,45.790958],[4.466469,45.790969]]]}},{"type":"Feature","properties":{"osm_id":181168704,"building":"yes","source":"cadastre-dgi-fr source : Direction Générale des Impôts - Cadastre. Mise à jour : 2012"},"geometry":{"type":"Polygon","coordinates":[[[4.46792,45.790134],[4.467964,45.790168],[4.467898,45.790223],[4.467847,45.790182],[4.467891,45.790134],[4.467907,45.790135],[4.46792,45.790134]]]}},{"type":"Feature","properties":{"osm_id":181168705,"building":"yes","source":"cadastre-dgi-fr source : Direction Générale des Impôts - Cadastre. Mise à jour : 2012"},"geometry":{"type":"Polygon","coordinates":[[[4.469855,45.786021],[4.469709,45.786037],[4.469705,45.786018],[4.469678,45.786021],[4.469666,45.785969],[4.46984,45.785951],[4.469855,45.786021]]]}},{"type":"Feature","properties":{"osm_id":181168710,"building":"yes","source":"cadastre-dgi-fr source : Direction Générale des Impôts - Cadastre. Mise à jour : 2012","wall":"no"},"geometry":{"type":"Polygon","coordinates":[[[4.461706,45.796063],[4.461687,45.796056],[4.461701,45.796032],[4.461768,45.796055],[4.46176,45.796068],[4.461713,45.796053],[4.461706,45.796063]]]}},{"type":"Feature","properties":{"osm_id":181168711,"building":"yes","source":"cadastre-dgi-fr source : Direction Générale des Impôts - Cadastre. Mise à jour : 2012"},"geometry":{"type":"Polygon","coordinates":[[[4.462924,45.796043],[4.462774,45.795993],[4.462817,45.795931],[4.462886,45.795954],[4.462893,45.795943],[4.462975,45.79597],[4.462924,45.796043]]]}},{"type":"Feature","properties":{"osm_id":181168712,"building":"yes","source":"cadastre-dgi-fr source : Direction Générale des Impôts - Cadastre. Mise à jour : 2012"},"geometry":{"type":"Polygon","coordinates":[[[4.46242,45.795445],[4.462469,45.795377],[4.46255,45.795405],[4.46254,45.795419],[4.46264,45.795453],[4.462601,45.795508],[4.46242,45.795445]]]}},{"type":"Feature","properties":{"osm_id":181168714,"building":"yes","source":"cadastre-dgi-fr source : Direction Générale des Impôts - Cadastre. Mise à jour : 2012","wall":"no"},"geometry":{"type":"Polygon","coordinates":[[[4.462333,45.796873],[4.462359,45.796841],[4.462393,45.796854],[4.462389,45.796858],[4.462426,45.796873],[4.462383,45.796926],[4.462333,45.796873]]]}},{"type":"Feature","properties":{"osm_id":181168716,"building":"yes","source":"cadastre-dgi-fr source : Direction Générale des Impôts - Cadastre. Mise à jour : 2012"},"geometry":{"type":"Polygon","coordinates":[[[4.467813,45.790289],[4.467816,45.790285],[4.467853,45.790261],[4.467861,45.790255],[4.467917,45.790308],[4.467865,45.790344],[4.467813,45.790289]]]}},{"type":"Feature","properties":{"osm_id":181168720,"building":"yes","source":"cadastre-dgi-fr source : Direction Générale des Impôts - Cadastre. Mise à jour : 2012"},"geometry":{"type":"Polygon","coordinates":[[[4.468975,45.785889],[4.469156,45.785825],[4.469191,45.785814],[4.469173,45.78589],[4.469037,45.785944],[4.468986,45.785903],[4.468975,45.785889]]]}},{"type":"Feature","properties":{"osm_id":181168721,"building":"yes","source":"cadastre-dgi-fr source : Direction Générale des Impôts - Cadastre. Mise à jour : 2012"},"geometry":{"type":"Polygon","coordinates":[[[4.4602302,45.7931682],[4.460087,45.793238],[4.460011,45.793162],[4.460052,45.793142],[4.460085,45.793175],[4.4601876,45.7931249],[4.4602302,45.7931682]]]}},{"type":"Feature","properties":{"osm_id":181168722,"building":"yes","source":"cadastre-dgi-fr source : Direction Générale des Impôts - Cadastre. Mise à jour : 2012","wall":"no"},"geometry":{"type":"Polygon","coordinates":[[[4.466366,45.79129],[4.46636,45.791265],[4.466381,45.791263],[4.4663769,45.7912448],[4.466397,45.791243],[4.466406,45.791286],[4.466366,45.79129]]]}},{"type":"Feature","properties":{"osm_id":181168725,"building":"yes","source":"cadastre-dgi-fr source : Direction Générale des Impôts - Cadastre. Mise à jour : 2012"},"geometry":{"type":"Polygon","coordinates":[[[4.461025,45.793494],[4.461068,45.793548],[4.460885,45.793614],[4.460819,45.793524],[4.460935,45.793482],[4.460961,45.793517],[4.461025,45.793494]]]}},{"type":"Feature","properties":{"osm_id":181168726,"building":"yes","source":"cadastre-dgi-fr source : Direction Générale des Impôts - Cadastre. Mise à jour : 2012"},"geometry":{"type":"Polygon","coordinates":[[[4.465251,45.793282],[4.465297,45.793302],[4.465262,45.79334],[4.465219,45.793324],[4.465213,45.793321],[4.465221,45.793313],[4.465251,45.793282]]]}},{"type":"Feature","properties":{"osm_id":181168730,"building":"yes","source":"cadastre-dgi-fr source : Direction Générale des Impôts - Cadastre. Mise à jour : 2012"},"geometry":{"type":"Polygon","coordinates":[[[4.46572,45.79278],[4.465825,45.792827],[4.465811,45.792842],[4.465876,45.792875],[4.465837,45.792912],[4.465691,45.792837],[4.46572,45.79278]]]}},{"type":"Feature","properties":{"osm_id":181168731,"building":"yes","source":"cadastre-dgi-fr source : Direction Générale des Impôts - Cadastre. Mise à jour : 2012"},"geometry":{"type":"Polygon","coordinates":[[[4.460117,45.795183],[4.460163,45.795177],[4.460169,45.795193],[4.460302,45.795172],[4.460325,45.79524],[4.460151,45.795262],[4.460117,45.795183]]]}},{"type":"Feature","properties":{"osm_id":181168733,"building":"yes","source":"cadastre-dgi-fr source : Direction Générale des Impôts - Cadastre. Mise à jour : 2012","wall":"no"},"geometry":{"type":"Polygon","coordinates":[[[4.464711,45.794734],[4.464693,45.79475],[4.464688,45.794775],[4.464679,45.794782],[4.464653,45.794766],[4.4646996,45.7947273],[4.464711,45.794734]]]}},{"type":"Feature","properties":{"osm_id":181168735,"building":"yes","source":"cadastre-dgi-fr source : Direction Générale des Impôts - Cadastre. Mise à jour : 2012"},"geometry":{"type":"Polygon","coordinates":[[[4.467579,45.789917],[4.467614,45.789929],[4.467646,45.78994],[4.467607,45.789994],[4.46749,45.789953],[4.467524,45.7899],[4.467579,45.789917]]]}},{"type":"Feature","properties":{"osm_id":181168737,"building":"yes","source":"cadastre-dgi-fr source : Direction Générale des Impôts - Cadastre. Mise à jour : 2012"},"geometry":{"type":"Polygon","coordinates":[[[4.465713,45.790926],[4.465839,45.790923],[4.465861,45.790923],[4.4658625,45.790972],[4.465864,45.791023],[4.465713,45.791035],[4.465713,45.790926]]]}},{"type":"Feature","properties":{"osm_id":181168739,"building":"yes","source":"cadastre-dgi-fr source : Direction Générale des Impôts - Cadastre. Mise à jour : 2012","wall":"no"},"geometry":{"type":"Polygon","coordinates":[[[4.46097,45.79513],[4.46097,45.795121],[4.46097,45.795113],[4.461043,45.795111],[4.461043,45.79512],[4.461043,45.795129],[4.46097,45.79513]]]}},{"type":"Feature","properties":{"osm_id":181168742,"building":"yes","source":"cadastre-dgi-fr source : Direction Générale des Impôts - Cadastre. Mise à jour : 2012"},"geometry":{"type":"Polygon","coordinates":[[[4.457262,45.790752],[4.457221,45.790811],[4.457097,45.790773],[4.457186,45.790648],[4.45728,45.790678],[4.457233,45.790744],[4.457262,45.790752]]]}},{"type":"Feature","properties":{"osm_id":181168744,"building":"yes","source":"cadastre-dgi-fr source : Direction Générale des Impôts - Cadastre. Mise à jour : 2012"},"geometry":{"type":"Polygon","coordinates":[[[4.458795,45.799824],[4.458798,45.7999],[4.45863,45.799908],[4.458626,45.799849],[4.458687,45.799846],[4.458687,45.79983],[4.458795,45.799824]]]}},{"type":"Feature","properties":{"osm_id":181168746,"building":"yes","source":"cadastre-dgi-fr source : Direction Générale des Impôts - Cadastre. Mise à jour : 2012"},"geometry":{"type":"Polygon","coordinates":[[[4.465346,45.792547],[4.465419,45.792575],[4.465336,45.792671],[4.465266,45.792641],[4.4652726,45.7926332],[4.4653394,45.7925548],[4.465346,45.792547]]]}},{"type":"Feature","properties":{"osm_id":181168748,"building":"yes","source":"cadastre-dgi-fr source : Direction Générale des Impôts - Cadastre. Mise à jour : 2012","wall":"no"},"geometry":{"type":"Polygon","coordinates":[[[4.46205,45.796421],[4.462063,45.796415],[4.462101,45.796443],[4.46212,45.796448],[4.462113,45.796458],[4.462089,45.796452],[4.46205,45.796421]]]}},{"type":"Feature","properties":{"osm_id":181168751,"building":"yes","source":"cadastre-dgi-fr source : Direction Générale des Impôts - Cadastre. Mise à jour : 2012"},"geometry":{"type":"Polygon","coordinates":[[[4.46441,45.795215],[4.464462,45.7951],[4.464531,45.795117],[4.464508,45.795168],[4.464545,45.795176],[4.464515,45.795241],[4.46441,45.795215]]]}},{"type":"Feature","properties":{"osm_id":181168752,"building":"yes","source":"cadastre-dgi-fr source : Direction Générale des Impôts - Cadastre. Mise à jour : 2012"},"geometry":{"type":"Polygon","coordinates":[[[4.459675,45.79596],[4.459747,45.795999],[4.459647,45.79609],[4.459565,45.796044],[4.459598,45.796011],[4.459612,45.796018],[4.459675,45.79596]]]}},{"type":"Feature","properties":{"osm_id":181168754,"building":"yes","source":"cadastre-dgi-fr source : Direction Générale des Impôts - Cadastre. Mise à jour : 2012"},"geometry":{"type":"Polygon","coordinates":[[[4.465949,45.789668],[4.466032,45.789672],[4.4660327,45.7897432],[4.466033,45.789771],[4.466032,45.789785],[4.4659625,45.789784],[4.465949,45.789668]]]}},{"type":"Feature","properties":{"osm_id":181168755,"building":"yes","source":"cadastre-dgi-fr source : Direction Générale des Impôts - Cadastre. Mise à jour : 2012"},"geometry":{"type":"Polygon","coordinates":[[[4.466618,45.790606],[4.466629,45.790574],[4.466646,45.790538],[4.466688,45.790477],[4.466745,45.790507],[4.466691,45.790616],[4.466618,45.790606]]]}},{"type":"Feature","properties":{"osm_id":181168756,"building":"yes","source":"cadastre-dgi-fr source : Direction Générale des Impôts - Cadastre. Mise à jour : 2012","wall":"no"},"geometry":{"type":"Polygon","coordinates":[[[4.465803,45.789589],[4.465815,45.789595],[4.465832,45.789595],[4.465845,45.78959],[4.465844,45.789613],[4.465803,45.789612],[4.465803,45.789589]]]}},{"type":"Feature","properties":{"osm_id":181168757,"building":"yes","source":"cadastre-dgi-fr source : Direction Générale des Impôts - Cadastre. Mise à jour : 2012"},"geometry":{"type":"Polygon","coordinates":[[[4.464475,45.790061],[4.464477,45.790038],[4.464506,45.790038],[4.464528,45.790022],[4.464551,45.790037],[4.46452,45.79006],[4.464475,45.790061]]]}},{"type":"Feature","properties":{"osm_id":181168760,"building":"yes","source":"cadastre-dgi-fr source : Direction Générale des Impôts - Cadastre. Mise à jour : 2012"},"geometry":{"type":"Polygon","coordinates":[[[4.460927,45.798136],[4.46093,45.798013],[4.461039,45.798014],[4.461038,45.798067],[4.461046,45.798067],[4.461044,45.798137],[4.460927,45.798136]]]}},{"type":"Feature","properties":{"osm_id":181168761,"building":"yes","source":"cadastre-dgi-fr source : Direction Générale des Impôts - Cadastre. Mise à jour : 2012"},"geometry":{"type":"Polygon","coordinates":[[[4.465794,45.792655],[4.465862,45.792535],[4.465943,45.79256],[4.465887,45.79266],[4.465925,45.792671],[4.465915,45.792688],[4.465794,45.792655]]]}},{"type":"Feature","properties":{"osm_id":181168762,"building":"yes","source":"cadastre-dgi-fr source : Direction Générale des Impôts - Cadastre. Mise à jour : 2012","wall":"no"},"geometry":{"type":"Polygon","coordinates":[[[4.459457,45.799581],[4.45946,45.799537],[4.459576,45.79954],[4.459572,45.799586],[4.459525,45.799564],[4.459475,45.799582],[4.459457,45.799581]]]}},{"type":"Feature","properties":{"osm_id":181168763,"building":"yes","source":"cadastre-dgi-fr source : Direction Générale des Impôts - Cadastre. Mise à jour : 2012"},"geometry":{"type":"Polygon","coordinates":[[[4.467058,45.789832],[4.467191,45.789844],[4.467228,45.789848],[4.467222,45.789888],[4.467049,45.789876],[4.4670562,45.7898409],[4.467058,45.789832]]]}},{"type":"Feature","properties":{"osm_id":181168764,"building":"yes","source":"cadastre-dgi-fr source : Direction Générale des Impôts - Cadastre. Mise à jour : 2012"},"geometry":{"type":"Polygon","coordinates":[[[4.467917,45.790308],[4.46796,45.790353],[4.467997,45.790397],[4.467968,45.790409],[4.467909,45.790389],[4.467865,45.790344],[4.467917,45.790308]]]}},{"type":"Feature","properties":{"osm_id":181168767,"building":"yes","source":"cadastre-dgi-fr source : Direction Générale des Impôts - Cadastre. Mise à jour : 2012","wall":"no"},"geometry":{"type":"Polygon","coordinates":[[[4.4486234,45.7838525],[4.4485916,45.7838977],[4.4483484,45.7838273],[4.4483307,45.7838171],[4.4483685,45.7837648],[4.4484662,45.7837964],[4.4486234,45.7838525]]]}},{"type":"Feature","properties":{"osm_id":181168768,"building":"yes","source":"cadastre-dgi-fr source : Direction Générale des Impôts - Cadastre. Mise à jour : 2012"},"geometry":{"type":"Polygon","coordinates":[[[4.461414,45.797176],[4.461361,45.797005],[4.461488,45.796986],[4.461521,45.797093],[4.461515,45.797094],[4.461534,45.797158],[4.461414,45.797176]]]}},{"type":"Feature","properties":{"osm_id":181168769,"building":"yes","source":"cadastre-dgi-fr source : Direction Générale des Impôts - Cadastre. Mise à jour : 2012"},"geometry":{"type":"Polygon","coordinates":[[[4.465169,45.791198],[4.465199,45.791233],[4.465105,45.791285],[4.465094,45.791275],[4.465073,45.791249],[4.465121,45.791223],[4.465169,45.791198]]]}},{"type":"Feature","properties":{"osm_id":181168770,"building":"yes","source":"cadastre-dgi-fr source : Direction Générale des Impôts - Cadastre. Mise à jour : 2012","wall":"no"},"geometry":{"type":"Polygon","coordinates":[[[4.466683,45.792533],[4.4667288,45.792432],[4.466779,45.79244],[4.466753,45.792496],[4.466736,45.792493],[4.46672,45.792532],[4.466683,45.792533]]]}},{"type":"Feature","properties":{"osm_id":181168771,"building":"yes","source":"cadastre-dgi-fr source : Direction Générale des Impôts - Cadastre. Mise à jour : 2012","wall":"no"},"geometry":{"type":"Polygon","coordinates":[[[4.461478,45.795],[4.461512,45.794986],[4.461522,45.79496],[4.461503,45.794935],[4.461536,45.794942],[4.461511,45.795006],[4.461478,45.795]]]}},{"type":"Feature","properties":{"osm_id":181168774,"building":"yes","source":"cadastre-dgi-fr source : Direction Générale des Impôts - Cadastre. Mise à jour : 2012"},"geometry":{"type":"Polygon","coordinates":[[[4.457003,45.786469],[4.456958,45.786471],[4.456955,45.786458],[4.456895,45.78645],[4.456879,45.786395],[4.457009,45.786407],[4.457003,45.786469]]]}},{"type":"Feature","properties":{"osm_id":181168775,"building":"yes","source":"cadastre-dgi-fr source : Direction Générale des Impôts - Cadastre. Mise à jour : 2012"},"geometry":{"type":"Polygon","coordinates":[[[4.459794,45.795592],[4.459873,45.795627],[4.459769,45.795749],[4.459675,45.795704],[4.459734,45.79563],[4.459752,45.795637],[4.459794,45.795592]]]}},{"type":"Feature","properties":{"osm_id":181168776,"building":"yes","source":"cadastre-dgi-fr source : Direction Générale des Impôts - Cadastre. Mise à jour : 2012"},"geometry":{"type":"Polygon","coordinates":[[[4.47191,45.787115],[4.471936,45.787116],[4.471935,45.787141],[4.471946,45.787141],[4.471945,45.787169],[4.471902,45.787169],[4.47191,45.787115]]]}},{"type":"Feature","properties":{"osm_id":181168777,"building":"yes","source":"cadastre-dgi-fr source : Direction Générale des Impôts - Cadastre. Mise à jour : 2012"},"geometry":{"type":"Polygon","coordinates":[[[4.46043,45.793032],[4.460368,45.792985],[4.460442,45.792936],[4.460385,45.792893],[4.460465,45.79285],[4.46058,45.792938],[4.46043,45.793032]]]}},{"type":"Feature","properties":{"osm_id":181168778,"building":"yes","source":"cadastre-dgi-fr source : Direction Générale des Impôts - Cadastre. Mise à jour : 2012"},"geometry":{"type":"Polygon","coordinates":[[[4.466938,45.790654],[4.466948,45.790726],[4.466871,45.790734],[4.466813,45.790739],[4.466807,45.790691],[4.466837,45.790653],[4.466938,45.790654]]]}},{"type":"Feature","properties":{"osm_id":181168781,"building":"yes","source":"cadastre-dgi-fr source : Direction Générale des Impôts - Cadastre. Mise à jour : 2012"},"geometry":{"type":"Polygon","coordinates":[[[4.449549,45.788165],[4.449566,45.78808],[4.44963,45.788086],[4.449627,45.788105],[4.449686,45.788108],[4.449678,45.78816],[4.449549,45.788165]]]}},{"type":"Feature","properties":{"osm_id":181168782,"building":"yes","source":"cadastre-dgi-fr source : Direction Générale des Impôts - Cadastre. Mise à jour : 2012"},"geometry":{"type":"Polygon","coordinates":[[[4.461312,45.794969],[4.461337,45.794904],[4.461503,45.794935],[4.461522,45.79496],[4.461512,45.794986],[4.461478,45.795],[4.461312,45.794969]]]}},{"type":"Feature","properties":{"osm_id":181168783,"building":"yes","source":"cadastre-dgi-fr source : Direction Générale des Impôts - Cadastre. Mise à jour : 2012"},"geometry":{"type":"Polygon","coordinates":[[[4.468671,45.785864],[4.468612,45.785819],[4.468668,45.785782],[4.468713,45.785748],[4.468774,45.785793],[4.468726,45.785826],[4.468671,45.785864]]]}},{"type":"Feature","properties":{"osm_id":181168784,"building":"yes","source":"cadastre-dgi-fr source : Direction Générale des Impôts - Cadastre. Mise à jour : 2012"},"geometry":{"type":"Polygon","coordinates":[[[4.463059,45.78367],[4.463068,45.783846],[4.462986,45.783851],[4.462974,45.783852],[4.462973,45.783826],[4.462969,45.783674],[4.463059,45.78367]]]}},{"type":"Feature","properties":{"osm_id":181168785,"building":"yes","source":"cadastre-dgi-fr source : Direction Générale des Impôts - Cadastre. Mise à jour : 2012","wall":"no"},"geometry":{"type":"Polygon","coordinates":[[[4.4661496,45.7900386],[4.466109,45.789999],[4.46621,45.789947],[4.4662251,45.7899611],[4.466139,45.790002],[4.466167,45.790031],[4.4661496,45.7900386]]]}},{"type":"Feature","properties":{"osm_id":181168787,"building":"yes","source":"cadastre-dgi-fr source : Direction Générale des Impôts - Cadastre. Mise à jour : 2012","wall":"no"},"geometry":{"type":"Polygon","coordinates":[[[4.460208,45.796063],[4.460238,45.79611],[4.460208,45.796119],[4.460189,45.796088],[4.460088,45.796114],[4.460077,45.796098],[4.460208,45.796063]]]}},{"type":"Feature","properties":{"osm_id":181168788,"building":"yes","source":"cadastre-dgi-fr source : Direction Générale des Impôts - Cadastre. Mise à jour : 2012"},"geometry":{"type":"Polygon","coordinates":[[[4.459858,45.799854],[4.459858,45.799879],[4.459946,45.799879],[4.459946,45.799951],[4.459762,45.799953],[4.459759,45.799856],[4.459858,45.799854]]]}},{"type":"Feature","properties":{"osm_id":181168789,"building":"yes","source":"cadastre-dgi-fr source : Direction Générale des Impôts - Cadastre. Mise à jour : 2012"},"geometry":{"type":"Polygon","coordinates":[[[4.4583631,45.7996563],[4.4581632,45.7996599],[4.4581663,45.7995938],[4.4582745,45.7995945],[4.4582762,45.7995605],[4.4583657,45.7995581],[4.4583631,45.7996563]]]}},{"type":"Feature","properties":{"osm_id":181168790,"building":"yes","source":"cadastre-dgi-fr source : Direction Générale des Impôts - Cadastre. Mise à jour : 2012"},"geometry":{"type":"Polygon","coordinates":[[[4.463701,45.793288],[4.463741,45.793193],[4.463839,45.793214],[4.463865,45.793156],[4.46396,45.793176],[4.463892,45.793328],[4.463701,45.793288]]]}},{"type":"Feature","properties":{"osm_id":181168792,"building":"yes","source":"cadastre-dgi-fr source : Direction Générale des Impôts - Cadastre. Mise à jour : 2012"},"geometry":{"type":"Polygon","coordinates":[[[4.460135,45.796551],[4.460229,45.796513],[4.460219,45.796496],[4.460315,45.796458],[4.460377,45.796537],[4.460187,45.796613],[4.460135,45.796551]]]}},{"type":"Feature","properties":{"osm_id":181168797,"building":"yes","source":"cadastre-dgi-fr source : Direction Générale des Impôts - Cadastre. Mise à jour : 2012","wall":"no"},"geometry":{"type":"Polygon","coordinates":[[[4.469494,45.78962],[4.469473,45.789614],[4.46948,45.7896],[4.469527,45.78952],[4.469565,45.789534],[4.469512,45.789625],[4.469494,45.78962]]]}},{"type":"Feature","properties":{"osm_id":181168798,"building":"yes","source":"cadastre-dgi-fr source : Direction Générale des Impôts - Cadastre. Mise à jour : 2012","wall":"no"},"geometry":{"type":"Polygon","coordinates":[[[4.4622297,45.7870188],[4.4623783,45.7870443],[4.4624668,45.7870594],[4.4624494,45.7871081],[4.4622126,45.7870692],[4.4622297,45.7870188]]]}},{"type":"Feature","properties":{"osm_id":181168799,"building":"yes","source":"cadastre-dgi-fr source : Direction Générale des Impôts - Cadastre. Mise à jour : 2012"},"geometry":{"type":"Polygon","coordinates":[[[4.468494,45.785922],[4.468649,45.785986],[4.468586,45.786059],[4.468496,45.786022],[4.468523,45.785992],[4.468457,45.785965],[4.468494,45.785922]]]}},{"type":"Feature","properties":{"osm_id":181168800,"building":"yes","source":"cadastre-dgi-fr source : Direction Générale des Impôts - Cadastre. Mise à jour : 2012"},"geometry":{"type":"Polygon","coordinates":[[[4.465301,45.793228],[4.465355,45.793254],[4.465352,45.793256],[4.465309,45.793306],[4.465297,45.793302],[4.465251,45.793282],[4.465301,45.793228]]]}},{"type":"Feature","properties":{"osm_id":181168802,"building":"yes","source":"cadastre-dgi-fr source : Direction Générale des Impôts - Cadastre. Mise à jour : 2012"},"geometry":{"type":"Polygon","coordinates":[[[4.45875,45.800325],[4.458755,45.80034],[4.458854,45.800324],[4.458877,45.800399],[4.458679,45.80043],[4.458651,45.80034],[4.45875,45.800325]]]}},{"type":"Feature","properties":{"osm_id":181168808,"building":"yes","source":"cadastre-dgi-fr source : Direction Générale des Impôts - Cadastre. Mise à jour : 2012"},"geometry":{"type":"Polygon","coordinates":[[[4.462723,45.783846],[4.462625,45.783877],[4.462517,45.783737],[4.462622,45.783702],[4.462723,45.783846]]]}},{"type":"Feature","properties":{"osm_id":181168809,"building":"yes","source":"cadastre-dgi-fr source : Direction Générale des Impôts - Cadastre. Mise à jour : 2012"},"geometry":{"type":"Polygon","coordinates":[[[4.445567,45.79175],[4.445529,45.791725],[4.445526,45.791723],[4.445771,45.791544],[4.446222,45.791841],[4.445978,45.792022],[4.44584,45.79193],[4.445802,45.791906],[4.445567,45.79175]]]}},{"type":"Feature","properties":{"osm_id":181168810,"building":"yes","source":"cadastre-dgi-fr source : Direction Générale des Impôts - Cadastre. Mise à jour : 2012"},"geometry":{"type":"Polygon","coordinates":[[[4.461763,45.787075],[4.461836,45.787167],[4.461853,45.787189],[4.461881,45.787232],[4.461795,45.787249],[4.461676,45.787123],[4.46166,45.787106],[4.461763,45.787075]]]}},{"type":"Feature","properties":{"osm_id":181168811,"building":"yes","source":"cadastre-dgi-fr source : Direction Générale des Impôts - Cadastre. Mise à jour : 2012","wall":"no"},"geometry":{"type":"Polygon","coordinates":[[[4.456165,45.789803],[4.455893,45.78966],[4.455822,45.78973],[4.455516,45.789569],[4.455623,45.789469],[4.4562,45.78977],[4.456165,45.789803]]]}},{"type":"Feature","properties":{"osm_id":181168812,"building":"yes","source":"cadastre-dgi-fr source : Direction Générale des Impôts - Cadastre. Mise à jour : 2012"},"geometry":{"type":"Polygon","coordinates":[[[4.459932,45.799258],[4.459961,45.799197],[4.459985,45.7992],[4.459977,45.799232],[4.459991,45.799234],[4.459982,45.799265],[4.459932,45.799258]]]}},{"type":"Feature","properties":{"osm_id":181168820,"building":"yes","source":"cadastre-dgi-fr source : Direction Générale des Impôts - Cadastre. Mise à jour : 2012"},"geometry":{"type":"Polygon","coordinates":[[[4.466548,45.790832],[4.466566,45.790892],[4.466396,45.790903],[4.466389,45.790904],[4.46638,45.79084],[4.466547,45.790824],[4.466548,45.790832]]]}},{"type":"Feature","properties":{"osm_id":181168821,"building":"yes","source":"cadastre-dgi-fr source : Direction Générale des Impôts - Cadastre. Mise à jour : 2012"},"geometry":{"type":"Polygon","coordinates":[[[4.465058,45.790987],[4.464949,45.791021],[4.464903,45.790938],[4.464985,45.790909],[4.465061,45.790871],[4.465109,45.79097],[4.465058,45.790987]]]}},{"type":"Feature","properties":{"osm_id":181168823,"building":"yes","source":"cadastre-dgi-fr source : Direction Générale des Impôts - Cadastre. Mise à jour : 2012"},"geometry":{"type":"Polygon","coordinates":[[[4.469975,45.788317],[4.46982,45.78826],[4.469915,45.788135],[4.469868,45.788116],[4.469883,45.788097],[4.470091,45.788174],[4.469975,45.788317]]]}},{"type":"Feature","properties":{"osm_id":181168824,"building":"yes","source":"cadastre-dgi-fr source : Direction Générale des Impôts - Cadastre. Mise à jour : 2012"},"geometry":{"type":"Polygon","coordinates":[[[4.461253,45.792182],[4.461228,45.792097],[4.461366,45.792077],[4.461359,45.792056],[4.461389,45.792052],[4.461421,45.792157],[4.461253,45.792182]]]}},{"type":"Feature","properties":{"osm_id":181168826,"building":"yes","source":"cadastre-dgi-fr source : Direction Générale des Impôts - Cadastre. Mise à jour : 2012","wall":"no"},"geometry":{"type":"Polygon","coordinates":[[[4.459736,45.799238],[4.459735,45.799231],[4.459745,45.799223],[4.459763,45.799222],[4.459773,45.799229],[4.459774,45.799236],[4.459736,45.799238]]]}},{"type":"Feature","properties":{"osm_id":181168834,"building":"yes","source":"cadastre-dgi-fr source : Direction Générale des Impôts - Cadastre. Mise à jour : 2012"},"geometry":{"type":"Polygon","coordinates":[[[4.4701689,45.7902613],[4.470153,45.79033],[4.470173,45.790332],[4.470163,45.790367],[4.470047,45.790353],[4.4700747,45.7902502],[4.470093,45.7902525],[4.4701689,45.7902613]]]}},{"type":"Feature","properties":{"osm_id":181168835,"building":"yes","source":"cadastre-dgi-fr source : Direction Générale des Impôts - Cadastre. Mise à jour : 2012"},"geometry":{"type":"Polygon","coordinates":[[[4.465429,45.793089],[4.465496,45.793118],[4.465531,45.793136],[4.465466,45.793208],[4.465363,45.793161],[4.465413,45.793106],[4.465429,45.793089]]]}},{"type":"Feature","properties":{"osm_id":181168836,"building":"yes","source":"cadastre-dgi-fr source : Direction Générale des Impôts - Cadastre. Mise à jour : 2012"},"geometry":{"type":"Polygon","coordinates":[[[4.467834,45.79048],[4.467829,45.790483],[4.46778,45.790443],[4.467826,45.790399],[4.467839,45.790403],[4.467914,45.790441],[4.467834,45.79048]]]}},{"type":"Feature","properties":{"osm_id":181168837,"building":"yes","source":"cadastre-dgi-fr source : Direction Générale des Impôts - Cadastre. Mise à jour : 2012"},"geometry":{"type":"Polygon","coordinates":[[[4.468833,45.786066],[4.468952,45.786],[4.46901,45.78597],[4.469059,45.78601],[4.469033,45.786025],[4.468877,45.786106],[4.468833,45.786066]]]}},{"type":"Feature","properties":{"osm_id":181168838,"building":"yes","source":"cadastre-dgi-fr source : Direction Générale des Impôts - Cadastre. Mise à jour : 2012"},"geometry":{"type":"Polygon","coordinates":[[[4.469201,45.785778],[4.469149,45.785789],[4.469142,45.785777],[4.469117,45.785782],[4.469105,45.785739],[4.469217,45.785716],[4.469201,45.785778]]]}},{"type":"Feature","properties":{"osm_id":181168843,"building":"yes","source":"cadastre-dgi-fr source : Direction Générale des Impôts - Cadastre. Mise à jour : 2012"},"geometry":{"type":"Polygon","coordinates":[[[4.46593,45.791708],[4.465939,45.79176],[4.465982,45.791762],[4.465983,45.791775],[4.465834,45.791762],[4.465829,45.791715],[4.46593,45.791708]]]}},{"type":"Feature","properties":{"osm_id":181168845,"building":"yes","source":"cadastre-dgi-fr source : Direction Générale des Impôts - Cadastre. Mise à jour : 2012","wall":"no"},"geometry":{"type":"Polygon","coordinates":[[[4.472046,45.787336],[4.472098,45.787336],[4.472108,45.787427],[4.47211,45.787432],[4.471999,45.78743],[4.471999,45.787336],[4.472046,45.787336]]]}},{"type":"Feature","properties":{"osm_id":181168846,"building":"yes","source":"cadastre-dgi-fr source : Direction Générale des Impôts - Cadastre. Mise à jour : 2012"},"geometry":{"type":"Polygon","coordinates":[[[4.466583,45.790261],[4.466481,45.790312],[4.466467,45.790301],[4.4664494,45.7902848],[4.466417,45.790255],[4.466516,45.790193],[4.466583,45.790261]]]}},{"type":"Feature","properties":{"osm_id":181168847,"building":"yes","source":"cadastre-dgi-fr source : Direction Générale des Impôts - Cadastre. Mise à jour : 2012"},"geometry":{"type":"Polygon","coordinates":[[[4.465361,45.790646],[4.465321,45.790625],[4.465352,45.790596],[4.465358,45.7906],[4.465388,45.790615],[4.465392,45.790617],[4.465361,45.790646]]]}},{"type":"Feature","properties":{"osm_id":181168848,"building":"yes","source":"cadastre-dgi-fr source : Direction Générale des Impôts - Cadastre. Mise à jour : 2012"},"geometry":{"type":"Polygon","coordinates":[[[4.468239,45.791382],[4.46797,45.791248],[4.468239,45.790979],[4.468269,45.790994],[4.468239,45.791026],[4.46848,45.791142],[4.468239,45.791382]]]}},{"type":"Feature","properties":{"osm_id":181168854,"building":"yes","source":"cadastre-dgi-fr source : Direction Générale des Impôts - Cadastre. Mise à jour : 2012"},"geometry":{"type":"Polygon","coordinates":[[[4.465781,45.79141],[4.465875,45.791402],[4.46589,45.791502],[4.46593,45.791499],[4.465933,45.79152],[4.465799,45.791532],[4.465781,45.79141]]]}},{"type":"Feature","properties":{"osm_id":181168855,"building":"yes","source":"cadastre-dgi-fr source : Direction Générale des Impôts - Cadastre. Mise à jour : 2012"},"geometry":{"type":"Polygon","coordinates":[[[4.469565,45.789534],[4.469527,45.78952],[4.469513,45.789516],[4.46957,45.789432],[4.469683,45.789473],[4.469622,45.789554],[4.469565,45.789534]]]}},{"type":"Feature","properties":{"osm_id":181168856,"building":"yes","source":"cadastre-dgi-fr source : Direction Générale des Impôts - Cadastre. Mise à jour : 2012"},"geometry":{"type":"Polygon","coordinates":[[[4.465938,45.790209],[4.466049,45.790272],[4.465976,45.790332],[4.465973,45.790331],[4.465845,45.790253],[4.465884,45.790221],[4.465908,45.790234],[4.465938,45.790209]]]}},{"type":"Feature","properties":{"osm_id":181168857,"building":"yes","source":"cadastre-dgi-fr source : Direction Générale des Impôts - Cadastre. Mise à jour : 2012"},"geometry":{"type":"Polygon","coordinates":[[[4.462566,45.787607],[4.462552,45.787576],[4.462496,45.787461],[4.462588,45.787438],[4.462632,45.787511],[4.462702,45.787489],[4.46274,45.787552],[4.462566,45.787607]]]}},{"type":"Feature","properties":{"osm_id":181168858,"building":"yes","source":"cadastre-dgi-fr source : Direction Générale des Impôts - Cadastre. Mise à jour : 2012"},"geometry":{"type":"Polygon","coordinates":[[[4.469338,45.789443],[4.469261,45.789552],[4.469337,45.789569],[4.469305,45.789622],[4.469198,45.789599],[4.469145,45.789586],[4.469271,45.789421],[4.469338,45.789443]]]}},{"type":"Feature","properties":{"osm_id":181168864,"building":"yes","source":"cadastre-dgi-fr source : Direction Générale des Impôts - Cadastre. Mise à jour : 2012"},"geometry":{"type":"Polygon","coordinates":[[[4.468352,45.790497],[4.468354,45.790632],[4.468209,45.790635],[4.468199,45.790634],[4.468155,45.790528],[4.468246,45.790514],[4.468248,45.7905],[4.468352,45.790497]]]}},{"type":"Feature","properties":{"osm_id":181168865,"building":"yes","source":"cadastre-dgi-fr source : Direction Générale des Impôts - Cadastre. Mise à jour : 2012","wall":"no"},"geometry":{"type":"Polygon","coordinates":[[[4.462456,45.794725],[4.462543,45.794749],[4.46257,45.794702],[4.46259,45.794708],[4.462562,45.794759],[4.46255,45.794762],[4.46245,45.794735],[4.462456,45.794725]]]}},{"type":"Feature","properties":{"osm_id":181168867,"building":"yes","source":"cadastre-dgi-fr source : Direction Générale des Impôts - Cadastre. Mise à jour : 2012"},"geometry":{"type":"Polygon","coordinates":[[[4.455497,45.800214],[4.455411,45.800154],[4.455443,45.800131],[4.455381,45.800085],[4.455401,45.800071],[4.455463,45.800114],[4.455552,45.800177],[4.455497,45.800214]]]}},{"type":"Feature","properties":{"osm_id":181168871,"building":"yes","source":"cadastre-dgi-fr source : Direction Générale des Impôts - Cadastre. Mise à jour : 2012"},"geometry":{"type":"Polygon","coordinates":[[[4.4481272,45.7837938],[4.4481939,45.7837442],[4.4483307,45.7838171],[4.4483484,45.7838273],[4.4483127,45.7838612],[4.4483215,45.7838848],[4.4483025,45.7839028],[4.4481272,45.7837938]]]}},{"type":"Feature","properties":{"osm_id":181168880,"building":"yes","source":"cadastre-dgi-fr source : Direction Générale des Impôts - Cadastre. Mise à jour : 2012","wall":"no"},"geometry":{"type":"Polygon","coordinates":[[[4.46588,45.79078],[4.465966,45.790784],[4.465956,45.790834],[4.4659388,45.7908342],[4.465864,45.790835],[4.465872,45.790825],[4.465851,45.79082],[4.46588,45.79078]]]}},{"type":"Feature","properties":{"osm_id":181168883,"building":"yes","source":"cadastre-dgi-fr source : Direction Générale des Impôts - Cadastre. Mise à jour : 2012"},"geometry":{"type":"Polygon","coordinates":[[[4.465776,45.790325],[4.465781,45.79032],[4.465923,45.790378],[4.465867,45.790436],[4.465811,45.790504],[4.465674,45.79044],[4.465688,45.790423],[4.465776,45.790325]]]}},{"type":"Feature","properties":{"osm_id":181168886,"building":"yes","source":"cadastre-dgi-fr source : Direction Générale des Impôts - Cadastre. Mise à jour : 2012"},"geometry":{"type":"Polygon","coordinates":[[[4.466487,45.790163],[4.466405,45.790211],[4.4663852,45.7901959],[4.46635,45.790169],[4.466345,45.790171],[4.466321,45.790153],[4.466407,45.790104],[4.466487,45.790163]]]}},{"type":"Feature","properties":{"osm_id":181168889,"building":"yes","source":"cadastre-dgi-fr source : Direction Générale des Impôts - Cadastre. Mise à jour : 2012"},"geometry":{"type":"Polygon","coordinates":[[[4.469772,45.789351],[4.469769,45.789357],[4.469734,45.789437],[4.469398,45.789345],[4.469432,45.789267],[4.469473,45.789276],[4.469651,45.78932],[4.469772,45.789351]]]}},{"type":"Feature","properties":{"osm_id":181168891,"building":"yes","source":"cadastre-dgi-fr source : Direction Générale des Impôts - Cadastre. Mise à jour : 2012","wall":"no"},"geometry":{"type":"Polygon","coordinates":[[[4.459022,45.793055],[4.459114,45.79309],[4.459088,45.793126],[4.459076,45.793139],[4.458994,45.793118],[4.458997,45.793105],[4.4590125,45.7930739],[4.459022,45.793055]]]}},{"type":"Feature","properties":{"osm_id":181168899,"building":"yes","source":"cadastre-dgi-fr source : Direction Générale des Impôts - Cadastre. Mise à jour : 2012"},"geometry":{"type":"Polygon","coordinates":[[[4.461515,45.799552],[4.461462,45.799599],[4.46137,45.799543],[4.461389,45.799523],[4.461344,45.799496],[4.461375,45.799468],[4.461427,45.799495],[4.461515,45.799552]]]}},{"type":"Feature","properties":{"osm_id":181168900,"building":"yes","source":"cadastre-dgi-fr source : Direction Générale des Impôts - Cadastre. Mise à jour : 2012"},"geometry":{"type":"Polygon","coordinates":[[[4.4487282,45.7840795],[4.4487703,45.7840152],[4.448778,45.784003],[4.4488438,45.7840215],[4.4489192,45.7840452],[4.4488247,45.7841909],[4.448685,45.7841534],[4.4487282,45.7840795]]]}},{"type":"Feature","properties":{"osm_id":181168901,"building":"yes","source":"cadastre-dgi-fr source : Direction Générale des Impôts - Cadastre. Mise à jour : 2012"},"geometry":{"type":"Polygon","coordinates":[[[4.459181,45.793095],[4.459278,45.793154],[4.459409,45.793108],[4.459451,45.79317],[4.459224,45.793221],[4.459166,45.79318],[4.459116,45.793145],[4.459181,45.793095]]]}},{"type":"Feature","properties":{"osm_id":181168902,"building":"yes","source":"cadastre-dgi-fr source : Direction Générale des Impôts - Cadastre. Mise à jour : 2012"},"geometry":{"type":"Polygon","coordinates":[[[4.449793,45.78773],[4.449803,45.787825],[4.449714,45.787827],[4.449708,45.787778],[4.449708,45.78777],[4.449753,45.787767],[4.449748,45.787719],[4.449793,45.78773]]]}},{"type":"Feature","properties":{"osm_id":181168906,"building":"yes","source":"cadastre-dgi-fr source : Direction Générale des Impôts - Cadastre. Mise à jour : 2012"},"geometry":{"type":"Polygon","coordinates":[[[4.465679,45.79148],[4.465572,45.791487],[4.465559,45.791488],[4.46555,45.791403],[4.465568,45.791359],[4.465661,45.791352],[4.465667,45.791387],[4.465679,45.79148]]]}},{"type":"Feature","properties":{"osm_id":181168909,"building":"yes","source":"cadastre-dgi-fr source : Direction Générale des Impôts - Cadastre. Mise à jour : 2012"},"geometry":{"type":"Polygon","coordinates":[[[4.466745,45.790507],[4.466807,45.790542],[4.466786,45.790584],[4.466775,45.790615],[4.466763,45.790648],[4.466683,45.79063],[4.466691,45.790616],[4.466745,45.790507]]]}},{"type":"Feature","properties":{"osm_id":181168910,"building":"yes","source":"cadastre-dgi-fr source : Direction Générale des Impôts - Cadastre. Mise à jour : 2012","wall":"no"},"geometry":{"type":"Polygon","coordinates":[[[4.462361,45.793795],[4.462483,45.793912],[4.462434,45.79396],[4.462304,45.793853],[4.462252,45.793803],[4.462224,45.793768],[4.462292,45.79373],[4.462361,45.793795]]]}},{"type":"Feature","properties":{"osm_id":181168914,"building":"yes","source":"cadastre-dgi-fr source : Direction Générale des Impôts - Cadastre. Mise à jour : 2012"},"geometry":{"type":"Polygon","coordinates":[[[4.467866,45.790695],[4.467846,45.790631],[4.467906,45.790621],[4.467915,45.79062],[4.467921,45.790634],[4.46794,45.790692],[4.467914,45.790696],[4.467866,45.790695]]]}},{"type":"Feature","properties":{"osm_id":181168916,"building":"yes","source":"cadastre-dgi-fr source : Direction Générale des Impôts - Cadastre. Mise à jour : 2012"},"geometry":{"type":"Polygon","coordinates":[[[4.470163,45.788818],[4.470186,45.788836],[4.470268,45.788785],[4.470332,45.78883],[4.470177,45.788928],[4.470082,45.788856],[4.470154,45.788811],[4.470163,45.788818]]]}},{"type":"Feature","properties":{"osm_id":181168918,"building":"yes","source":"cadastre-dgi-fr source : Direction Générale des Impôts - Cadastre. Mise à jour : 2012","wall":"no"},"geometry":{"type":"Polygon","coordinates":[[[4.466774,45.79184],[4.466889,45.791875],[4.466871,45.791904],[4.46685,45.791937],[4.466834,45.791963],[4.46672,45.79193],[4.46676,45.791864],[4.466774,45.79184]]]}},{"type":"Feature","properties":{"osm_id":181168920,"building":"yes","source":"cadastre-dgi-fr source : Direction Générale des Impôts - Cadastre. Mise à jour : 2012"},"geometry":{"type":"Polygon","coordinates":[[[4.468726,45.785826],[4.468774,45.785793],[4.46885,45.78585],[4.468803,45.78588],[4.468796,45.785875],[4.468739,45.785915],[4.468671,45.785864],[4.468726,45.785826]]]}},{"type":"Feature","properties":{"osm_id":181168922,"building":"yes","source":"cadastre-dgi-fr source : Direction Générale des Impôts - Cadastre. Mise à jour : 2012","wall":"no"},"geometry":{"type":"Polygon","coordinates":[[[4.467545,45.792785],[4.467518,45.792791],[4.467485,45.792719],[4.467433,45.792731],[4.467427,45.792719],[4.467424,45.792712],[4.4675,45.792692],[4.467545,45.792785]]]}},{"type":"Feature","properties":{"osm_id":181168925,"building":"yes","source":"cadastre-dgi-fr source : Direction Générale des Impôts - Cadastre. Mise à jour : 2012","wall":"no"},"geometry":{"type":"Polygon","coordinates":[[[4.461262,45.795902],[4.461257,45.795924],[4.461209,45.795956],[4.461154,45.795914],[4.46119,45.795881],[4.461201,45.795871],[4.461203,45.795872],[4.461262,45.795902]]]}},{"type":"Feature","properties":{"osm_id":181168929,"building":"yes","source":"cadastre-dgi-fr source : Direction Générale des Impôts - Cadastre. Mise à jour : 2012","wall":"no"},"geometry":{"type":"Polygon","coordinates":[[[4.457387,45.786455],[4.45734,45.786461],[4.457268,45.786455],[4.457279,45.786404],[4.457295,45.7864],[4.457271,45.786334],[4.457347,45.786321],[4.457387,45.786455]]]}},{"type":"Feature","properties":{"osm_id":181168933,"building":"yes","source":"cadastre-dgi-fr source : Direction Générale des Impôts - Cadastre. Mise à jour : 2012"},"geometry":{"type":"Polygon","coordinates":[[[4.466989,45.792282],[4.466857,45.792255],[4.466905,45.792144],[4.467003,45.79216],[4.466979,45.792226],[4.466994,45.792227],[4.467012,45.79223],[4.466989,45.792282]]]}},{"type":"Feature","properties":{"osm_id":181168935,"building":"yes","source":"cadastre-dgi-fr source : Direction Générale des Impôts - Cadastre. Mise à jour : 2012"},"geometry":{"type":"Polygon","coordinates":[[[4.466053,45.792271],[4.466034,45.792266],[4.466038,45.792238],[4.46603,45.792235],[4.466049,45.79221],[4.466087,45.792224],[4.466078,45.792238],[4.466053,45.792271]]]}},{"type":"Feature","properties":{"osm_id":181168938,"building":"yes","source":"cadastre-dgi-fr source : Direction Générale des Impôts - Cadastre. Mise à jour : 2012"},"geometry":{"type":"Polygon","coordinates":[[[4.459226,45.797467],[4.459266,45.797352],[4.459427,45.797376],[4.459507,45.79739],[4.459516,45.797391],[4.459504,45.79746],[4.459411,45.797481],[4.459226,45.797467]]]}},{"type":"Feature","properties":{"osm_id":181168940,"building":"yes","source":"cadastre-dgi-fr source : Direction Générale des Impôts - Cadastre. Mise à jour : 2012"},"geometry":{"type":"Polygon","coordinates":[[[4.462574,45.795824],[4.462655,45.795849],[4.462664,45.795835],[4.462671,45.795824],[4.462742,45.795848],[4.462683,45.795939],[4.462532,45.79589],[4.462574,45.795824]]]}},{"type":"Feature","properties":{"osm_id":181168942,"building":"yes","source":"cadastre-dgi-fr source : Direction Générale des Impôts - Cadastre. Mise à jour : 2012"},"geometry":{"type":"Polygon","coordinates":[[[4.458968,45.79362],[4.459034,45.793569],[4.459112,45.793644],[4.459094,45.793642],[4.458998,45.793706],[4.4589865,45.7937044],[4.458909,45.793667],[4.458968,45.79362]]]}},{"type":"Feature","properties":{"osm_id":181168944,"building":"yes","source":"cadastre-dgi-fr source : Direction Générale des Impôts - Cadastre. Mise à jour : 2012"},"geometry":{"type":"Polygon","coordinates":[[[4.466359,45.789938],[4.466436,45.790004],[4.466443,45.790011],[4.466348,45.790062],[4.466342,45.790057],[4.466271,45.789992],[4.466294,45.7899779],[4.466359,45.789938]]]}},{"type":"Feature","properties":{"osm_id":181168946,"building":"yes","source":"cadastre-dgi-fr source : Direction Générale des Impôts - Cadastre. Mise à jour : 2012"},"geometry":{"type":"Polygon","coordinates":[[[4.463424,45.795306],[4.463512,45.795367],[4.463564,45.795403],[4.463489,45.795457],[4.463376,45.795381],[4.463367,45.795388],[4.463337,45.795367],[4.463424,45.795306]]]}},{"type":"Feature","properties":{"osm_id":181168949,"building":"yes","source":"cadastre-dgi-fr source : Direction Générale des Impôts - Cadastre. Mise à jour : 2012","wall":"no"},"geometry":{"type":"Polygon","coordinates":[[[4.462787,45.783937],[4.462679,45.783953],[4.462625,45.783877],[4.462723,45.783846],[4.462745,45.783878],[4.462773,45.783916],[4.462787,45.783937]]]}},{"type":"Feature","properties":{"osm_id":181168952,"building":"yes","source":"cadastre-dgi-fr source : Direction Générale des Impôts - Cadastre. Mise à jour : 2012"},"geometry":{"type":"Polygon","coordinates":[[[4.466378,45.791139],[4.4663961,45.791238],[4.466397,45.791243],[4.4663769,45.7912448],[4.46622,45.791259],[4.466199,45.791154],[4.466261,45.791148],[4.466378,45.791139]]]}},{"type":"Feature","properties":{"osm_id":181168957,"building":"yes","source":"cadastre-dgi-fr source : Direction Générale des Impôts - Cadastre. Mise à jour : 2012"},"geometry":{"type":"Polygon","coordinates":[[[4.46642,45.789899],[4.466505,45.789965],[4.466436,45.790004],[4.466359,45.789938],[4.466341,45.789923],[4.466359,45.789912],[4.466377,45.789924],[4.46642,45.789899]]]}},{"type":"Feature","properties":{"osm_id":181168960,"building":"yes","source":"cadastre-dgi-fr source : Direction Générale des Impôts - Cadastre. Mise à jour : 2012"},"geometry":{"type":"Polygon","coordinates":[[[4.467683,45.79021],[4.467643,45.790245],[4.467574,45.790216],[4.467603,45.790185],[4.467614,45.790167],[4.467655,45.790127],[4.467727,45.790171],[4.467683,45.79021]]]}},{"type":"Feature","properties":{"osm_id":181168962,"building":"yes","source":"cadastre-dgi-fr source : Direction Générale des Impôts - Cadastre. Mise à jour : 2012","wall":"no"},"geometry":{"type":"Polygon","coordinates":[[[4.44984,45.793638],[4.449994,45.793579],[4.450023,45.793638],[4.450004,45.793649],[4.449837,45.793735],[4.449782,45.793751],[4.449754,45.793724],[4.44984,45.793638]]]}},{"type":"Feature","properties":{"osm_id":181168964,"building":"yes","source":"cadastre-dgi-fr source : Direction Générale des Impôts - Cadastre. Mise à jour : 2012"},"geometry":{"type":"Polygon","coordinates":[[[4.461664,45.795245],[4.46166,45.795322],[4.461463,45.795318],[4.461466,45.795249],[4.461504,45.79525],[4.461571,45.795251],[4.461572,45.795242],[4.461664,45.795245]]]}},{"type":"Feature","properties":{"osm_id":181168966,"building":"yes","source":"cadastre-dgi-fr source : Direction Générale des Impôts - Cadastre. Mise à jour : 2012"},"geometry":{"type":"Polygon","coordinates":[[[4.458803,45.793629],[4.45885,45.793668],[4.458806,45.793735],[4.458763,45.793719],[4.458753,45.79373],[4.4585363,45.793714],[4.458566,45.793617],[4.458803,45.793629]]]}},{"type":"Feature","properties":{"osm_id":181168968,"building":"yes","source":"cadastre-dgi-fr source : Direction Générale des Impôts - Cadastre. Mise à jour : 2012"},"geometry":{"type":"Polygon","coordinates":[[[4.467948,45.790266],[4.467986,45.790239],[4.468026,45.790216],[4.468083,45.790186],[4.468128,45.790233],[4.46807,45.790258],[4.468002,45.79031],[4.467948,45.790266]]]}},{"type":"Feature","properties":{"osm_id":181168970,"building":"yes","source":"cadastre-dgi-fr source : Direction Générale des Impôts - Cadastre. Mise à jour : 2012"},"geometry":{"type":"Polygon","coordinates":[[[4.458922,45.793187],[4.458987,45.793181],[4.458994,45.79321],[4.459166,45.79318],[4.459224,45.793221],[4.459009,45.79327],[4.458942,45.793275],[4.458922,45.793187]]]}},{"type":"Feature","properties":{"osm_id":181168972,"building":"yes","source":"cadastre-dgi-fr source : Direction Générale des Impôts - Cadastre. Mise à jour : 2012"},"geometry":{"type":"Polygon","coordinates":[[[4.462129,45.795362],[4.462177,45.795295],[4.462241,45.795318],[4.462266,45.795326],[4.462273,45.795317],[4.462276,45.795312],[4.462372,45.795346],[4.462314,45.795426],[4.462129,45.795362]]]}},{"type":"Feature","properties":{"osm_id":181168974,"building":"yes","source":"cadastre-dgi-fr source : Direction Générale des Impôts - Cadastre. Mise à jour : 2012"},"geometry":{"type":"Polygon","coordinates":[[[4.467545,45.790658],[4.467683,45.790656],[4.46768,45.790693],[4.467673,45.790693],[4.467666,45.790776],[4.467672,45.790777],[4.46767,45.7908],[4.467541,45.790761],[4.467545,45.790658]]]}},{"type":"Feature","properties":{"osm_id":181168976,"building":"yes","source":"cadastre-dgi-fr source : Direction Générale des Impôts - Cadastre. Mise à jour : 2012"},"geometry":{"type":"Polygon","coordinates":[[[4.466641,45.790417],[4.466574,45.790359],[4.466551,45.790371],[4.466538,45.790362],[4.466534,45.790358],[4.466541,45.790354],[4.466629,45.790301],[4.466714,45.790376],[4.466641,45.790417]]]}},{"type":"Feature","properties":{"osm_id":181168978,"building":"yes","source":"cadastre-dgi-fr source : Direction Générale des Impôts - Cadastre. Mise à jour : 2012"},"geometry":{"type":"Polygon","coordinates":[[[4.459174,45.796166],[4.459157,45.796156],[4.459152,45.79616],[4.459126,45.796146],[4.459159,45.796116],[4.459186,45.796129],[4.459183,45.796131],[4.4592,45.796142],[4.459174,45.796166]]]}},{"type":"Feature","properties":{"osm_id":181168981,"building":"yes","source":"cadastre-dgi-fr source : Direction Générale des Impôts - Cadastre. Mise à jour : 2012"},"geometry":{"type":"Polygon","coordinates":[[[4.458161,45.799859],[4.458281,45.799852],[4.458282,45.799824],[4.458283,45.799799],[4.45835,45.799798],[4.45835,45.79986],[4.458351,45.799919],[4.458162,45.799929],[4.458161,45.799859]]]}},{"type":"Feature","properties":{"osm_id":181168982,"building":"yes","source":"cadastre-dgi-fr source : Direction Générale des Impôts - Cadastre. Mise à jour : 2012"},"geometry":{"type":"Polygon","coordinates":[[[4.460933,45.795121],[4.460932,45.795037],[4.461144,45.795033],[4.4611459,45.7950878],[4.461147,45.795118],[4.461043,45.79512],[4.461043,45.795111],[4.46097,45.795113],[4.46097,45.795121],[4.460933,45.795121]]]}},{"type":"Feature","properties":{"osm_id":181168984,"building":"yes","source":"cadastre-dgi-fr source : Direction Générale des Impôts - Cadastre. Mise à jour : 2012"},"geometry":{"type":"Polygon","coordinates":[[[4.451638,45.79317],[4.451834,45.792984],[4.451985,45.793059],[4.451834,45.793204],[4.451791,45.793245],[4.45175,45.793285],[4.451649,45.793237],[4.451692,45.793201],[4.451638,45.79317]]]}},{"type":"Feature","properties":{"osm_id":181168986,"building":"yes","source":"cadastre-dgi-fr source : Direction Générale des Impôts - Cadastre. Mise à jour : 2012"},"geometry":{"type":"Polygon","coordinates":[[[4.449678,45.788355],[4.449703,45.788455],[4.449621,45.788466],[4.449608,45.788406],[4.449586,45.788409],[4.449573,45.788355],[4.449635,45.788347],[4.44964,45.788361],[4.449678,45.788355]]]}},{"type":"Feature","properties":{"osm_id":181168988,"building":"yes","source":"cadastre-dgi-fr source : Direction Générale des Impôts - Cadastre. Mise à jour : 2012"},"geometry":{"type":"Polygon","coordinates":[[[4.460974,45.797824],[4.460942,45.797774],[4.460924,45.797779],[4.460886,45.797717],[4.46098,45.797688],[4.461017,45.797747],[4.461034,45.797742],[4.461068,45.797796],[4.460974,45.797824]]]}},{"type":"Feature","properties":{"osm_id":181168991,"building":"yes","source":"cadastre-dgi-fr source : Direction Générale des Impôts - Cadastre. Mise à jour : 2012"},"geometry":{"type":"Polygon","coordinates":[[[4.456259,45.785583],[4.456247,45.785579],[4.456216,45.78555],[4.456203,45.785558],[4.456152,45.78553],[4.456205,45.785505],[4.45631,45.785457],[4.456375,45.785534],[4.456259,45.785583]]]}},{"type":"Feature","properties":{"osm_id":181168992,"building":"yes","source":"cadastre-dgi-fr source : Direction Générale des Impôts - Cadastre. Mise à jour : 2012"},"geometry":{"type":"Polygon","coordinates":[[[4.467105,45.790972],[4.467134,45.790952],[4.467157,45.790966],[4.467172,45.790954],[4.467244,45.790991],[4.467168,45.791076],[4.467115,45.791046],[4.467131,45.790986],[4.467105,45.790972]]]}},{"type":"Feature","properties":{"osm_id":181168994,"building":"yes","source":"cadastre-dgi-fr source : Direction Générale des Impôts - Cadastre. Mise à jour : 2012"},"geometry":{"type":"Polygon","coordinates":[[[4.462828,45.784055],[4.462831,45.784073],[4.462734,45.784091],[4.462762,45.784062],[4.462727,45.784017],[4.462712,45.783996],[4.462941,45.783967],[4.462933,45.784041],[4.462828,45.784055]]]}},{"type":"Feature","properties":{"osm_id":181168996,"building":"yes","source":"cadastre-dgi-fr source : Direction Générale des Impôts - Cadastre. Mise à jour : 2012"},"geometry":{"type":"Polygon","coordinates":[[[4.464214,45.793505],[4.464291,45.793456],[4.464318,45.793477],[4.464359,45.7934526],[4.4643976,45.7934297],[4.464459,45.793478],[4.464376,45.793525],[4.464382,45.793531],[4.464306,45.793575],[4.464214,45.793505]]]}},{"type":"Feature","properties":{"osm_id":181168998,"building":"yes","source":"cadastre-dgi-fr source : Direction Générale des Impôts - Cadastre. Mise à jour : 2012"},"geometry":{"type":"Polygon","coordinates":[[[4.458501,45.793103],[4.458414,45.793169],[4.458486,45.793227],[4.458447,45.793256],[4.4583272,45.7931601],[4.458319,45.793154],[4.45844,45.79306],[4.4584471,45.793065],[4.458501,45.793103]]]}},{"type":"Feature","properties":{"osm_id":181169002,"building":"yes","source":"cadastre-dgi-fr source : Direction Générale des Impôts - Cadastre. Mise à jour : 2012"},"geometry":{"type":"Polygon","coordinates":[[[4.464818,45.789802],[4.464898,45.78976],[4.464968,45.789825],[4.464977,45.78982],[4.465036,45.789878],[4.464904,45.789946],[4.464869,45.789913],[4.464913,45.78989],[4.464818,45.789802]]]}},{"type":"Feature","properties":{"osm_id":181169003,"building":"yes","source":"cadastre-dgi-fr source : Direction Générale des Impôts - Cadastre. Mise à jour : 2012"},"geometry":{"type":"Polygon","coordinates":[[[4.46807,45.790258],[4.468128,45.790233],[4.468139,45.790229],[4.468144,45.790238],[4.46821,45.790359],[4.468089,45.790381],[4.468026,45.790329],[4.468092,45.790298],[4.46807,45.790258]]]}},{"type":"Feature","properties":{"osm_id":181169005,"building":"yes","source":"cadastre-dgi-fr source : Direction Générale des Impôts - Cadastre. Mise à jour : 2012"},"geometry":{"type":"Polygon","coordinates":[[[4.469214,45.788453],[4.469304,45.788461],[4.469291,45.788529],[4.4693,45.78853],[4.469286,45.788599],[4.469167,45.78859],[4.46918,45.788519],[4.469202,45.788521],[4.469214,45.788453]]]}},{"type":"Feature","properties":{"osm_id":181169007,"building":"yes","source":"cadastre-dgi-fr source : Direction Générale des Impôts - Cadastre. Mise à jour : 2012"},"geometry":{"type":"Polygon","coordinates":[[[4.464753,45.793536],[4.46482,45.793474],[4.464832,45.793479],[4.464846,45.793464],[4.464791,45.793432],[4.464844,45.793384],[4.464968,45.793455],[4.464829,45.793578],[4.464753,45.793536]]]}},{"type":"Feature","properties":{"osm_id":181169009,"building":"yes","source":"cadastre-dgi-fr source : Direction Générale des Impôts - Cadastre. Mise à jour : 2012"},"geometry":{"type":"Polygon","coordinates":[[[4.465845,45.790253],[4.465973,45.790331],[4.465923,45.790378],[4.465781,45.79032],[4.465776,45.790325],[4.465737,45.790304],[4.465777,45.79027],[4.465807,45.790285],[4.465845,45.790253]]]}},{"type":"Feature","properties":{"osm_id":181169012,"building":"yes","source":"cadastre-dgi-fr source : Direction Générale des Impôts - Cadastre. Mise à jour : 2012"},"geometry":{"type":"Polygon","coordinates":[[[4.462502,45.7869592],[4.4624694,45.7870516],[4.4624668,45.7870594],[4.4623783,45.7870443],[4.4624031,45.7869741],[4.4624139,45.7869445],[4.462502,45.7869592]]]}},{"type":"Feature","properties":{"osm_id":181169014,"building":"yes","source":"cadastre-dgi-fr source : Direction Générale des Impôts - Cadastre. Mise à jour : 2012"},"geometry":{"type":"Polygon","coordinates":[[[4.456625,45.78644],[4.45658,45.786296],[4.456697,45.786278],[4.456707,45.786296],[4.456735,45.786383],[4.456879,45.786395],[4.456895,45.78645],[4.45671,45.786419],[4.456625,45.78644]]]}},{"type":"Feature","properties":{"osm_id":181169016,"building":"yes","source":"cadastre-dgi-fr source : Direction Générale des Impôts - Cadastre. Mise à jour : 2012"},"geometry":{"type":"Polygon","coordinates":[[[4.470002,45.786193],[4.469987,45.786237],[4.469961,45.786316],[4.469811,45.786291],[4.469834,45.78622],[4.469935,45.786236],[4.469937,45.786229],[4.469952,45.786184],[4.470002,45.786193]]]}},{"type":"Feature","properties":{"osm_id":181169018,"building":"yes","source":"cadastre-dgi-fr source : Direction Générale des Impôts - Cadastre. Mise à jour : 2012"},"geometry":{"type":"Polygon","coordinates":[[[4.466098,45.790057],[4.4661021,45.7900593],[4.466218,45.790126],[4.466231,45.790134],[4.46615,45.790204],[4.466137,45.790197],[4.46603,45.790133],[4.466016,45.790125],[4.466098,45.790057]]]}},{"type":"Feature","properties":{"osm_id":181169020,"building":"yes","source":"cadastre-dgi-fr source : Direction Générale des Impôts - Cadastre. Mise à jour : 2012"},"geometry":{"type":"Polygon","coordinates":[[[4.466133,45.791042],[4.466153,45.791148],[4.465891,45.791171],[4.465919,45.791336],[4.465838,45.791345],[4.465806,45.791134],[4.465855,45.791129],[4.465844,45.791068],[4.466133,45.791042]]]}},{"type":"Feature","properties":{"osm_id":181169022,"building":"yes","source":"cadastre-dgi-fr source : Direction Générale des Impôts - Cadastre. Mise à jour : 2012"},"geometry":{"type":"Polygon","coordinates":[[[4.466796,45.792455],[4.467005,45.792448],[4.467019,45.792624],[4.466912,45.792627],[4.466914,45.792659],[4.466794,45.79266],[4.466784,45.792524],[4.466804,45.792523],[4.466796,45.792455]]]}},{"type":"Feature","properties":{"osm_id":181169024,"building":"yes","source":"cadastre-dgi-fr source : Direction Générale des Impôts - Cadastre. Mise à jour : 2012"},"geometry":{"type":"Polygon","coordinates":[[[4.458887,45.792964],[4.458843,45.793041],[4.45874,45.793011],[4.458804,45.792925],[4.458849,45.792946],[4.458901,45.792883],[4.458988,45.792922],[4.458932,45.792984],[4.458887,45.792964]]]}},{"type":"Feature","properties":{"osm_id":181169026,"building":"yes","source":"cadastre-dgi-fr source : Direction Générale des Impôts - Cadastre. Mise à jour : 2012"},"geometry":{"type":"Polygon","coordinates":[[[4.457003,45.786469],[4.457009,45.786407],[4.457042,45.786379],[4.45709,45.786366],[4.457145,45.786353],[4.457178,45.78644],[4.457147,45.786447],[4.457088,45.786457],[4.457003,45.786469]]]}},{"type":"Feature","properties":{"osm_id":181169028,"building":"yes","source":"cadastre-dgi-fr source : Direction Générale des Impôts - Cadastre. Mise à jour : 2012"},"geometry":{"type":"Polygon","coordinates":[[[4.461474,45.795898],[4.461586,45.795959],[4.461453,45.796053],[4.461401,45.796076],[4.46133,45.796049],[4.461209,45.795956],[4.461257,45.795924],[4.46137,45.795998],[4.461474,45.795898]]]}},{"type":"Feature","properties":{"osm_id":181169032,"building":"yes","source":"cadastre-dgi-fr source : Direction Générale des Impôts - Cadastre. Mise à jour : 2012"},"geometry":{"type":"Polygon","coordinates":[[[4.465361,45.790428],[4.465358,45.790421],[4.465466,45.790334],[4.465566,45.790395],[4.465498,45.790398],[4.4655,45.790432],[4.465485,45.79042],[4.465368,45.790426],[4.465361,45.790428]]]}},{"type":"Feature","properties":{"osm_id":181169033,"building":"yes","source":"cadastre-dgi-fr source : Direction Générale des Impôts - Cadastre. Mise à jour : 2012"},"geometry":{"type":"Polygon","coordinates":[[[4.467083,45.789706],[4.467097,45.789631],[4.46727,45.789652],[4.46726,45.789684],[4.467225,45.789681],[4.467191,45.789844],[4.467058,45.789832],[4.467076,45.789743],[4.467083,45.789706]]]}},{"type":"Feature","properties":{"osm_id":181169035,"building":"yes","source":"cadastre-dgi-fr source : Direction Générale des Impôts - Cadastre. Mise à jour : 2012","wall":"no"},"geometry":{"type":"Polygon","coordinates":[[[4.463227,45.795609],[4.46335,45.795682],[4.463313,45.795712],[4.463282,45.795694],[4.463295,45.795683],[4.463221,45.795641],[4.463207,45.795652],[4.463188,45.795641],[4.463227,45.795609]]]}},{"type":"Feature","properties":{"osm_id":181169037,"building":"yes","source":"cadastre-dgi-fr source : Direction Générale des Impôts - Cadastre. Mise à jour : 2012","wall":"no"},"geometry":{"type":"Polygon","coordinates":[[[4.448949,45.784217],[4.449107,45.784246],[4.449103,45.784259],[4.449054,45.78425],[4.449043,45.784279],[4.448988,45.784269],[4.448999,45.78424],[4.448945,45.78423],[4.448949,45.784217]]]}},{"type":"Feature","properties":{"osm_id":181169039,"building":"yes","source":"cadastre-dgi-fr source : Direction Générale des Impôts - Cadastre. Mise à jour : 2012"},"geometry":{"type":"Polygon","coordinates":[[[4.4659272,45.7899339],[4.4659633,45.7899648],[4.465974,45.789974],[4.465939,45.789997],[4.465901,45.789968],[4.46583,45.790014],[4.465736,45.789959],[4.46586,45.789879],[4.4659272,45.7899339]]]}},{"type":"Feature","properties":{"osm_id":181169042,"building":"yes","source":"cadastre-dgi-fr source : Direction Générale des Impôts - Cadastre. Mise à jour : 2012"},"geometry":{"type":"Polygon","coordinates":[[[4.469651,45.78932],[4.469473,45.789276],[4.469432,45.789267],[4.46944,45.78925],[4.469453,45.789246],[4.469484,45.789253],[4.469513,45.789194],[4.469691,45.789237],[4.469651,45.78932]]]}},{"type":"Feature","properties":{"osm_id":181169044,"building":"yes","source":"cadastre-dgi-fr source : Direction Générale des Impôts - Cadastre. Mise à jour : 2012"},"geometry":{"type":"Polygon","coordinates":[[[4.460284,45.79872],[4.460283,45.79866],[4.460271,45.79866],[4.460271,45.798624],[4.460405,45.798619],[4.460406,45.798654],[4.46038,45.798656],[4.460382,45.798715],[4.460284,45.79872]]]}},{"type":"Feature","properties":{"osm_id":181169046,"building":"yes","source":"cadastre-dgi-fr source : Direction Générale des Impôts - Cadastre. Mise à jour : 2012"},"geometry":{"type":"Polygon","coordinates":[[[4.467856,45.789955],[4.467799,45.790048],[4.467758,45.790039],[4.467677,45.790017],[4.467642,45.790007],[4.467607,45.789994],[4.467646,45.78994],[4.467668,45.789909],[4.467856,45.789955]]]}},{"type":"Feature","properties":{"osm_id":181169049,"building":"yes","source":"cadastre-dgi-fr source : Direction Générale des Impôts - Cadastre. Mise à jour : 2012"},"geometry":{"type":"Polygon","coordinates":[[[4.4618025,45.7925852],[4.461803,45.7925846],[4.4619076,45.7925953],[4.4619067,45.7926006],[4.4619266,45.7926041],[4.4619206,45.7926237],[4.461894,45.7926229],[4.4618795,45.7926964],[4.4617653,45.7926832],[4.4618025,45.7925852]]]}},{"type":"Feature","properties":{"osm_id":181169051,"building":"yes","source":"cadastre-dgi-fr source : Direction Générale des Impôts - Cadastre. Mise à jour : 2012"},"geometry":{"type":"Polygon","coordinates":[[[4.465724,45.790836],[4.465864,45.790835],[4.4659388,45.7908342],[4.465942,45.790876],[4.465838,45.79088],[4.465839,45.790923],[4.465713,45.790926],[4.465716,45.790882],[4.465724,45.790836]]]}},{"type":"Feature","properties":{"osm_id":181169052,"building":"yes","source":"cadastre-dgi-fr source : Direction Générale des Impôts - Cadastre. Mise à jour : 2012","wall":"no"},"geometry":{"type":"Polygon","coordinates":[[[4.456772,45.789633],[4.4568,45.789647],[4.456763,45.789686],[4.456744,45.789705],[4.456614,45.789652],[4.456647,45.789597],[4.4567,45.789614],[4.456708,45.789606],[4.456772,45.789633]]]}},{"type":"Feature","properties":{"osm_id":181169054,"building":"yes","source":"cadastre-dgi-fr source : Direction Générale des Impôts - Cadastre. Mise à jour : 2012"},"geometry":{"type":"Polygon","coordinates":[[[4.473441,45.784471],[4.473467,45.784442],[4.473438,45.784429],[4.47348,45.784382],[4.473509,45.784395],[4.473544,45.784355],[4.473644,45.784402],[4.473544,45.784517],[4.473441,45.784471]]]}},{"type":"Feature","properties":{"osm_id":181169058,"building":"yes","source":"cadastre-dgi-fr source : Direction Générale des Impôts - Cadastre. Mise à jour : 2012"},"geometry":{"type":"Polygon","coordinates":[[[4.465266,45.792641],[4.465336,45.792671],[4.465373,45.792688],[4.465333,45.792733],[4.465322,45.79274],[4.465306,45.792745],[4.465173,45.792686],[4.465226,45.792623],[4.465266,45.792641]]]}},{"type":"Feature","properties":{"osm_id":181169060,"building":"yes","source":"cadastre-dgi-fr source : Direction Générale des Impôts - Cadastre. Mise à jour : 2012"},"geometry":{"type":"Polygon","coordinates":[[[4.4616191,45.792661],[4.4616442,45.7925633],[4.4617706,45.7925793],[4.4618025,45.7925852],[4.4617653,45.7926832],[4.4616629,45.7926694],[4.4616191,45.792661]]]}},{"type":"Feature","properties":{"osm_id":181169062,"building":"yes","source":"cadastre-dgi-fr source : Direction Générale des Impôts - Cadastre. Mise à jour : 2012"},"geometry":{"type":"Polygon","coordinates":[[[4.465813,45.790135],[4.465793,45.790124],[4.465808,45.790111],[4.465828,45.790123],[4.4658484,45.7901058],[4.465853,45.790102],[4.465899,45.790129],[4.46586,45.790162],[4.465813,45.790135]]]}},{"type":"Feature","properties":{"osm_id":181169064,"building":"yes","source":"cadastre-dgi-fr source : Direction Générale des Impôts - Cadastre. Mise à jour : 2012"},"geometry":{"type":"Polygon","coordinates":[[[4.459682,45.799234],[4.459673,45.79915],[4.459876,45.799139],[4.459885,45.799222],[4.459773,45.799229],[4.459763,45.799222],[4.459745,45.799223],[4.459735,45.799231],[4.459682,45.799234]]]}},{"type":"Feature","properties":{"osm_id":181169066,"building":"yes","source":"cadastre-dgi-fr source : Direction Générale des Impôts - Cadastre. Mise à jour : 2012","wall":"no"},"geometry":{"type":"Polygon","coordinates":[[[4.469337,45.789569],[4.46948,45.7896],[4.469473,45.789614],[4.469494,45.78962],[4.469474,45.789658],[4.469455,45.789654],[4.469332,45.789628],[4.469305,45.789622],[4.469337,45.789569]]]}},{"type":"Feature","properties":{"osm_id":181169068,"building":"yes","source":"cadastre-dgi-fr source : Direction Générale des Impôts - Cadastre. Mise à jour : 2012"},"geometry":{"type":"Polygon","coordinates":[[[4.467921,45.790634],[4.467915,45.79062],[4.467887,45.790538],[4.467891,45.790532],[4.467973,45.790494],[4.468035,45.790601],[4.468028,45.790604],[4.468032,45.790615],[4.467921,45.790634]]]}},{"type":"Feature","properties":{"osm_id":181169070,"building":"yes","source":"cadastre-dgi-fr source : Direction Générale des Impôts - Cadastre. Mise à jour : 2012"},"geometry":{"type":"Polygon","coordinates":[[[4.465602,45.791672],[4.465706,45.791667],[4.465716,45.791777],[4.465614,45.79178],[4.465613,45.791771],[4.465587,45.791773],[4.465582,45.791728],[4.465608,45.791726],[4.465602,45.791672]]]}},{"type":"Feature","properties":{"osm_id":181169072,"building":"yes","source":"cadastre-dgi-fr source : Direction Générale des Impôts - Cadastre. Mise à jour : 2012"},"geometry":{"type":"Polygon","coordinates":[[[4.463082,45.788488],[4.463214,45.788446],[4.463274,45.788535],[4.462983,45.788627],[4.462923,45.788538],[4.462998,45.788514],[4.463013,45.788537],[4.463097,45.78851],[4.463082,45.788488]]]}},{"type":"Feature","properties":{"osm_id":181169074,"building":"yes","source":"cadastre-dgi-fr source : Direction Générale des Impôts - Cadastre. Mise à jour : 2012"},"geometry":{"type":"Polygon","coordinates":[[[4.46702,45.790194],[4.467034,45.790263],[4.466932,45.790274],[4.466898,45.790191],[4.466912,45.790184],[4.466919,45.790203],[4.46695,45.790199],[4.4670139,45.7901944],[4.46702,45.790194]]]}},{"type":"Feature","properties":{"osm_id":181169076,"building":"yes","source":"cadastre-dgi-fr source : Direction Générale des Impôts - Cadastre. Mise à jour : 2012","wall":"no"},"geometry":{"type":"Polygon","coordinates":[[[4.459507,45.79739],[4.459427,45.797376],[4.459434,45.797292],[4.459451,45.797291],[4.459451,45.797219],[4.459504,45.797216],[4.459506,45.797286],[4.459527,45.797287],[4.459507,45.79739]]]}},{"type":"Feature","properties":{"osm_id":181169078,"building":"yes","source":"cadastre-dgi-fr source : Direction Générale des Impôts - Cadastre. Mise à jour : 2012"},"geometry":{"type":"Polygon","coordinates":[[[4.466133,45.791042],[4.466178,45.791038],[4.466299,45.791027],[4.466314,45.79111],[4.466255,45.791115],[4.466259,45.791138],[4.466198,45.791144],[4.466153,45.791148],[4.466133,45.791042]]]}},{"type":"Feature","properties":{"osm_id":181169080,"building":"yes","source":"cadastre-dgi-fr source : Direction Générale des Impôts - Cadastre. Mise à jour : 2012"},"geometry":{"type":"Polygon","coordinates":[[[4.45685,45.789684],[4.456836,45.789679],[4.456808,45.789707],[4.456763,45.789686],[4.4568,45.789647],[4.456772,45.789633],[4.456801,45.789604],[4.456885,45.789646],[4.45685,45.789684]]]}},{"type":"Feature","properties":{"osm_id":181169082,"building":"yes","source":"cadastre-dgi-fr source : Direction Générale des Impôts - Cadastre. Mise à jour : 2012"},"geometry":{"type":"Polygon","coordinates":[[[4.467727,45.790171],[4.467745,45.790184],[4.467853,45.790261],[4.467816,45.790285],[4.467797,45.790273],[4.467766,45.7903],[4.467666,45.790248],[4.467695,45.790217],[4.467683,45.79021],[4.467727,45.790171]]]}},{"type":"Feature","properties":{"osm_id":181169085,"building":"yes","source":"cadastre-dgi-fr source : Direction Générale des Impôts - Cadastre. Mise à jour : 2012"},"geometry":{"type":"Polygon","coordinates":[[[4.456753,45.788826],[4.456879,45.788816],[4.456913,45.788874],[4.45681,45.788902],[4.45677,45.788879],[4.456671,45.788899],[4.456618,45.788916],[4.456603,45.788857],[4.456602,45.78884],[4.456753,45.788826]]]}},{"type":"Feature","properties":{"osm_id":181169087,"building":"yes","source":"cadastre-dgi-fr source : Direction Générale des Impôts - Cadastre. Mise à jour : 2012"},"geometry":{"type":"Polygon","coordinates":[[[4.468179,45.788481],[4.468213,45.788481],[4.468213,45.788434],[4.468214,45.788339],[4.468312,45.788338],[4.468312,45.788487],[4.468267,45.788487],[4.468264,45.788552],[4.468176,45.788554],[4.468179,45.788481]]]}},{"type":"Feature","properties":{"osm_id":181169089,"building":"yes","source":"cadastre-dgi-fr source : Direction Générale des Impôts - Cadastre. Mise à jour : 2012"},"geometry":{"type":"Polygon","coordinates":[[[4.468725,45.789976],[4.468751,45.789945],[4.468818,45.789983],[4.468831,45.789992],[4.468791,45.790024],[4.468761,45.790046],[4.46873,45.790066],[4.468678,45.79003],[4.468742,45.789987],[4.468725,45.789976]]]}},{"type":"Feature","properties":{"osm_id":181169091,"building":"yes","source":"cadastre-dgi-fr source : Direction Générale des Impôts - Cadastre. Mise à jour : 2012"},"geometry":{"type":"Polygon","coordinates":[[[4.4622126,45.7870692],[4.462143,45.7870581],[4.4621554,45.7870217],[4.462165,45.786993],[4.4621896,45.7869212],[4.4622591,45.7869322],[4.4622297,45.7870188],[4.4622126,45.7870692]]]}},{"type":"Feature","properties":{"osm_id":181169093,"building":"yes","source":"cadastre-dgi-fr source : Direction Générale des Impôts - Cadastre. Mise à jour : 2012"},"geometry":{"type":"Polygon","coordinates":[[[4.458501,45.795509],[4.458439,45.79548],[4.458416,45.795469],[4.458407,45.795464],[4.458472,45.795404],[4.458779,45.795548],[4.458669,45.795662],[4.458619,45.795638],[4.45867,45.795588],[4.458501,45.795509]]]}},{"type":"Feature","properties":{"osm_id":181169095,"building":"yes","source":"cadastre-dgi-fr source : Direction Générale des Impôts - Cadastre. Mise à jour : 2012"},"geometry":{"type":"Polygon","coordinates":[[[4.460797,45.792873],[4.460771,45.792856],[4.460665,45.792922],[4.460621,45.79288],[4.460585,45.792896],[4.460562,45.792869],[4.46075,45.792795],[4.460791,45.792785],[4.460866,45.792835],[4.460797,45.792873]]]}},{"type":"Feature","properties":{"osm_id":181169097,"building":"yes","source":"cadastre-dgi-fr source : Direction Générale des Impôts - Cadastre. Mise à jour : 2012","wall":"no"},"geometry":{"type":"Polygon","coordinates":[[[4.456986,45.786237],[4.457006,45.786287],[4.457006,45.786297],[4.456957,45.786311],[4.456912,45.786278],[4.456857,45.786282],[4.456844,45.786231],[4.456913,45.786221],[4.456974,45.786215],[4.456986,45.786237]]]}},{"type":"Feature","properties":{"osm_id":181169099,"building":"yes","source":"cadastre-dgi-fr source : Direction Générale des Impôts - Cadastre. Mise à jour : 2012"},"geometry":{"type":"Polygon","coordinates":[[[4.471876,45.787865],[4.471796,45.78784],[4.471821,45.787744],[4.471827,45.787714],[4.471913,45.78773],[4.471894,45.787793],[4.471971,45.78781],[4.471956,45.787845],[4.471904,45.787839],[4.471876,45.787865]]]}},{"type":"Feature","properties":{"osm_id":181169102,"building":"yes","source":"cadastre-dgi-fr source : Direction Générale des Impôts - Cadastre. Mise à jour : 2012"},"geometry":{"type":"Polygon","coordinates":[[[4.449412,45.787886],[4.44941,45.787932],[4.449352,45.78793],[4.449348,45.788045],[4.449236,45.788041],[4.449238,45.787992],[4.449273,45.787993],[4.449274,45.787882],[4.449343,45.787883],[4.449412,45.787886]]]}},{"type":"Feature","properties":{"osm_id":181169104,"building":"yes","source":"cadastre-dgi-fr source : Direction Générale des Impôts - Cadastre. Mise à jour : 2012"},"geometry":{"type":"Polygon","coordinates":[[[4.462931,45.784082],[4.462933,45.784044],[4.462933,45.784041],[4.462941,45.783967],[4.463081,45.783978],[4.463074,45.784031],[4.463163,45.784038],[4.463274,45.784039],[4.463268,45.784103],[4.462931,45.784082]]]}},{"type":"Feature","properties":{"osm_id":181169106,"building":"yes","source":"cadastre-dgi-fr source : Direction Générale des Impôts - Cadastre. Mise à jour : 2012"},"geometry":{"type":"Polygon","coordinates":[[[4.465883,45.789666],[4.465949,45.789668],[4.4659625,45.789784],[4.465967,45.789824],[4.46589,45.789826],[4.465886,45.789768],[4.465891,45.789768],[4.4658891,45.7897441],[4.4658873,45.7897201],[4.465883,45.789666]]]}},{"type":"Feature","properties":{"osm_id":181169108,"building":"yes","source":"cadastre-dgi-fr source : Direction Générale des Impôts - Cadastre. Mise à jour : 2012"},"geometry":{"type":"Polygon","coordinates":[[[4.461201,45.795871],[4.46115,45.795843],[4.461227,45.795767],[4.461315,45.795814],[4.461353,45.795792],[4.461368,45.7958],[4.461345,45.795831],[4.461262,45.795902],[4.461203,45.795872],[4.461201,45.795871]]]}},{"type":"Feature","properties":{"osm_id":181169111,"building":"yes","source":"cadastre-dgi-fr source : Direction Générale des Impôts - Cadastre. Mise à jour : 2012"},"geometry":{"type":"Polygon","coordinates":[[[4.468219,45.790184],[4.468252,45.790229],[4.468219,45.790239],[4.468226,45.790255],[4.468198,45.790261],[4.468183,45.790245],[4.468173,45.790247],[4.468161,45.790233],[4.468153,45.790222],[4.468219,45.790184]]]}},{"type":"Feature","properties":{"osm_id":181169113,"building":"yes","source":"cadastre-dgi-fr source : Direction Générale des Impôts - Cadastre. Mise à jour : 2012"},"geometry":{"type":"Polygon","coordinates":[[[4.447484,45.794243],[4.447445,45.794298],[4.447275,45.79425],[4.447239,45.794217],[4.447271,45.794161],[4.447285,45.794164],[4.447301,45.794136],[4.447343,45.79414],[4.447316,45.794187],[4.447484,45.794243]]]}},{"type":"Feature","properties":{"osm_id":181169115,"building":"yes","source":"cadastre-dgi-fr source : Direction Générale des Impôts - Cadastre. Mise à jour : 2012"},"geometry":{"type":"Polygon","coordinates":[[[4.465157,45.794078],[4.465191,45.794052],[4.465202,45.79406],[4.465214,45.79405],[4.465268,45.794009],[4.465349,45.79406],[4.465295,45.794102],[4.465305,45.794109],[4.46526,45.794144],[4.465157,45.794078]]]}},{"type":"Feature","properties":{"osm_id":181169117,"building":"yes","source":"cadastre-dgi-fr source : Direction Générale des Impôts - Cadastre. Mise à jour : 2012"},"geometry":{"type":"Polygon","coordinates":[[[4.455616,45.793537],[4.455702,45.793556],[4.455745,45.793548],[4.455922,45.793589],[4.455898,45.793645],[4.455852,45.793677],[4.455762,45.793656],[4.455671,45.793635],[4.455587,45.793615],[4.455616,45.793537]]]}},{"type":"Feature","properties":{"osm_id":181169119,"building":"yes","source":"cadastre-dgi-fr source : Direction Générale des Impôts - Cadastre. Mise à jour : 2012"},"geometry":{"type":"Polygon","coordinates":[[[4.467315,45.790072],[4.46732,45.790061],[4.467357,45.789978],[4.467439,45.790007],[4.467636,45.790115],[4.467544,45.790197],[4.467534,45.790211],[4.467417,45.790171],[4.467447,45.790144],[4.467315,45.790072]]]}},{"type":"Feature","properties":{"osm_id":181169127,"building":"yes","source":"cadastre-dgi-fr source : Direction Générale des Impôts - Cadastre. Mise à jour : 2012"},"geometry":{"type":"Polygon","coordinates":[[[4.466795,45.792286],[4.4667288,45.792432],[4.466683,45.792533],[4.46668,45.79254],[4.46656,45.792515],[4.466647,45.792322],[4.466675,45.79226],[4.466684,45.792262],[4.4667341,45.7922728],[4.466795,45.792286]]]}},{"type":"Feature","properties":{"osm_id":181169130,"building":"yes","source":"cadastre-dgi-fr source : Direction Générale des Impôts - Cadastre. Mise à jour : 2012"},"geometry":{"type":"Polygon","coordinates":[[[4.462556,45.78404],[4.462579,45.784072],[4.462511,45.784098],[4.462498,45.784085],[4.462454,45.784102],[4.462411,45.78405],[4.46245,45.784032],[4.46244,45.784018],[4.462516,45.783991],[4.462556,45.78404]]]}},{"type":"Feature","properties":{"osm_id":181169133,"building":"yes","source":"cadastre-dgi-fr source : Direction Générale des Impôts - Cadastre. Mise à jour : 2012"},"geometry":{"type":"Polygon","coordinates":[[[4.465413,45.793106],[4.465363,45.793161],[4.465327,45.793199],[4.465264,45.793171],[4.465289,45.793141],[4.4652549,45.793125],[4.4652181,45.7931078],[4.465195,45.793097],[4.465253,45.793035],[4.465413,45.793106]]]}},{"type":"Feature","properties":{"osm_id":181169136,"building":"yes","source":"cadastre-dgi-fr source : Direction Générale des Impôts - Cadastre. Mise à jour : 2012"},"geometry":{"type":"Polygon","coordinates":[[[4.466871,45.791904],[4.466889,45.791875],[4.466965,45.791755],[4.467153,45.791812],[4.467061,45.791961],[4.467028,45.791951],[4.467015,45.791972],[4.466976,45.79196],[4.466989,45.791939],[4.466871,45.791904]]]}},{"type":"Feature","properties":{"osm_id":181169139,"building":"yes","source":"cadastre-dgi-fr source : Direction Générale des Impôts - Cadastre. Mise à jour : 2012"},"geometry":{"type":"Polygon","coordinates":[[[4.465843,45.792112],[4.465973,45.792116],[4.465971,45.792153],[4.466119,45.792168],[4.466111,45.792192],[4.466083,45.792189],[4.465991,45.792179],[4.465915,45.79217],[4.465844,45.792163],[4.465843,45.792112]]]}},{"type":"Feature","properties":{"osm_id":181169141,"building":"yes","source":"cadastre-dgi-fr source : Direction Générale des Impôts - Cadastre. Mise à jour : 2012"},"geometry":{"type":"Polygon","coordinates":[[[4.467137,45.790258],[4.467148,45.790257],[4.467261,45.790259],[4.467256,45.790327],[4.467142,45.790318],[4.46714,45.790294],[4.467121,45.790295],[4.467118,45.79027],[4.467137,45.790263],[4.467137,45.790258]]]}},{"type":"Feature","properties":{"osm_id":181169144,"building":"yes","source":"cadastre-dgi-fr source : Direction Générale des Impôts - Cadastre. Mise à jour : 2012"},"geometry":{"type":"Polygon","coordinates":[[[4.465453,45.789803],[4.465449,45.789801],[4.465407,45.789826],[4.465326,45.789754],[4.46533,45.789753],[4.46537,45.78973],[4.465365,45.789726],[4.465438,45.789688],[4.465524,45.789763],[4.465453,45.789803]]]}},{"type":"Feature","properties":{"osm_id":181169146,"building":"yes","source":"cadastre-dgi-fr source : Direction Générale des Impôts - Cadastre. Mise à jour : 2012"},"geometry":{"type":"Polygon","coordinates":[[[4.466871,45.789764],[4.4668766,45.789787],[4.466896,45.789866],[4.466767,45.789879],[4.4667458,45.7897407],[4.466803,45.789741],[4.466808,45.789742],[4.466822,45.789754],[4.466825,45.78977],[4.466871,45.789764]]]}},{"type":"Feature","properties":{"osm_id":181169147,"building":"yes","source":"cadastre-dgi-fr source : Direction Générale des Impôts - Cadastre. Mise à jour : 2012"},"geometry":{"type":"Polygon","coordinates":[[[4.447508,45.794207],[4.447538,45.794166],[4.447551,45.794171],[4.44757,45.79415],[4.44761,45.794165],[4.447591,45.794188],[4.447639,45.794203],[4.44761,45.79424],[4.447563,45.794227],[4.447508,45.794207]]]}},{"type":"Feature","properties":{"osm_id":181169149,"building":"yes","source":"cadastre-dgi-fr source : Direction Générale des Impôts - Cadastre. Mise à jour : 2012"},"geometry":{"type":"Polygon","coordinates":[[[4.456647,45.789597],[4.456614,45.789652],[4.456574,45.789712],[4.456472,45.789677],[4.456546,45.789562],[4.456551,45.789564],[4.456569,45.789538],[4.456659,45.789569],[4.456641,45.789594],[4.456647,45.789597]]]}},{"type":"Feature","properties":{"osm_id":181169152,"building":"yes","source":"cadastre-dgi-fr source : Direction Générale des Impôts - Cadastre. Mise à jour : 2012"},"geometry":{"type":"Polygon","coordinates":[[[4.460581,45.792659],[4.460451,45.792733],[4.46039,45.792678],[4.460461,45.792639],[4.46045,45.79263],[4.46051,45.792596],[4.460523,45.792607],[4.460553,45.792633],[4.460573,45.792652],[4.460581,45.792659]]]}},{"type":"Feature","properties":{"osm_id":181169154,"building":"yes","source":"cadastre-dgi-fr source : Direction Générale des Impôts - Cadastre. Mise à jour : 2012"},"geometry":{"type":"Polygon","coordinates":[[[4.471816,45.787575],[4.471825,45.78762],[4.471958,45.787637],[4.472038,45.787649],[4.472026,45.787678],[4.471972,45.787671],[4.471966,45.787688],[4.471726,45.787652],[4.471762,45.787573],[4.471816,45.787575]]]}},{"type":"Feature","properties":{"osm_id":181169156,"building":"yes","source":"cadastre-dgi-fr source : Direction Générale des Impôts - Cadastre. Mise à jour : 2012"},"geometry":{"type":"Polygon","coordinates":[[[4.473534,45.784527],[4.473649,45.784589],[4.473718,45.784627],[4.473656,45.784684],[4.473545,45.784625],[4.473455,45.784574],[4.47347,45.784559],[4.473493,45.784565],[4.47353,45.784525],[4.473534,45.784527]]]}},{"type":"Feature","properties":{"osm_id":181170590,"building":"yes","source":"cadastre-dgi-fr source : Direction Générale des Impôts - Cadastre. Mise à jour : 2012"},"geometry":{"type":"Polygon","coordinates":[[[4.48413,45.78598],[4.484095,45.785959],[4.483914,45.785826],[4.483973,45.785786],[4.483943,45.78576],[4.483987,45.785735],[4.484018,45.785762],[4.484001,45.785774],[4.484066,45.785818],[4.484216,45.78592],[4.48413,45.78598]]]}},{"type":"Feature","properties":{"osm_id":181170591,"building":"yes","source":"cadastre-dgi-fr source : Direction Générale des Impôts - Cadastre. Mise à jour : 2012"},"geometry":{"type":"Polygon","coordinates":[[[4.475417,45.810036],[4.475445,45.810108],[4.47537,45.810121],[4.475357,45.810087],[4.475319,45.810094],[4.475267,45.810104],[4.475237,45.810029],[4.475344,45.810009],[4.475351,45.810023],[4.475359,45.810045],[4.475417,45.810036]]]}},{"type":"Feature","properties":{"osm_id":181170592,"building":"yes","source":"cadastre-dgi-fr source : Direction Générale des Impôts - Cadastre. Mise à jour : 2012"},"geometry":{"type":"Polygon","coordinates":[[[4.484112,45.802215],[4.484042,45.80212],[4.484314,45.802067],[4.484336,45.802091],[4.484404,45.802072],[4.484445,45.80212],[4.484377,45.802163],[4.484388,45.80218],[4.484312,45.802194],[4.484273,45.802174],[4.484112,45.802215]]]}},{"type":"Feature","properties":{"osm_id":181170598,"building":"yes","source":"cadastre-dgi-fr source : Direction Générale des Impôts - Cadastre. Mise à jour : 2012"},"geometry":{"type":"Polygon","coordinates":[[[4.494195,45.804761],[4.494239,45.804741],[4.494267,45.804771],[4.494345,45.804738],[4.494383,45.804781],[4.494361,45.80479],[4.494372,45.804802],[4.494319,45.804826],[4.494285,45.80479],[4.494242,45.804809],[4.494195,45.804761]]]}},{"type":"Feature","properties":{"osm_id":181170600,"building":"yes","source":"cadastre-dgi-fr source : Direction Générale des Impôts - Cadastre. Mise à jour : 2012"},"geometry":{"type":"Polygon","coordinates":[[[4.483936,45.780498],[4.483776,45.780477],[4.483789,45.780432],[4.483851,45.780441],[4.483859,45.780412],[4.483891,45.780416],[4.483903,45.780374],[4.4839061,45.7803745],[4.483961,45.7803844],[4.483964,45.780385],[4.483936,45.780498]]]}},{"type":"Feature","properties":{"osm_id":181170601,"building":"yes","source":"cadastre-dgi-fr source : Direction Générale des Impôts - Cadastre. Mise à jour : 2012"},"geometry":{"type":"Polygon","coordinates":[[[4.459191,45.77346],[4.45922,45.773583],[4.459219,45.773586],[4.459135,45.773599],[4.459138,45.77362],[4.459084,45.773627],[4.4590806,45.773606],[4.459078,45.77359],[4.459122,45.773582],[4.459099,45.773476],[4.459191,45.77346]]]}},{"type":"Feature","properties":{"osm_id":181170602,"building":"yes","source":"cadastre-dgi-fr source : Direction Générale des Impôts - Cadastre. Mise à jour : 2012"},"geometry":{"type":"Polygon","coordinates":[[[4.478585,45.795473],[4.478612,45.795543],[4.478687,45.79553],[4.478691,45.795549],[4.478695,45.795585],[4.47849,45.79561],[4.478457,45.795513],[4.478387,45.795523],[4.478375,45.795499],[4.478458,45.795488],[4.478585,45.795473]]]}},{"type":"Feature","properties":{"osm_id":181170603,"building":"yes","source":"cadastre-dgi-fr source : Direction Générale des Impôts - Cadastre. Mise à jour : 2012"},"geometry":{"type":"Polygon","coordinates":[[[4.479398,45.807262],[4.479411,45.807275],[4.479434,45.807266],[4.479496,45.807329],[4.479518,45.80732],[4.479562,45.807366],[4.479498,45.807393],[4.479457,45.807354],[4.479384,45.807381],[4.479309,45.807317],[4.479398,45.807262]]]}},{"type":"Feature","properties":{"osm_id":181170606,"building":"yes","source":"cadastre-dgi-fr source : Direction Générale des Impôts - Cadastre. Mise à jour : 2012"},"geometry":{"type":"Polygon","coordinates":[[[4.499224,45.790409],[4.499176,45.790405],[4.499178,45.790389],[4.499054,45.790375],[4.499054,45.790349],[4.498966,45.790342],[4.498974,45.790257],[4.499076,45.790257],[4.499075,45.790286],[4.499241,45.790304],[4.499224,45.790409]]]}},{"type":"Feature","properties":{"osm_id":181170608,"building":"yes","source":"cadastre-dgi-fr source : Direction Générale des Impôts - Cadastre. Mise à jour : 2012"},"geometry":{"type":"Polygon","coordinates":[[[4.474787,45.802714],[4.474799,45.802597],[4.474784,45.802596],[4.474793,45.80251],[4.474911,45.802516],[4.474903,45.80259],[4.474888,45.802588],[4.474884,45.802634],[4.474952,45.802638],[4.474943,45.802723],[4.474787,45.802714]]]}},{"type":"Feature","properties":{"osm_id":181170609,"building":"yes","source":"cadastre-dgi-fr source : Direction Générale des Impôts - Cadastre. Mise à jour : 2012"},"geometry":{"type":"Polygon","coordinates":[[[4.493302,45.784388],[4.493205,45.784375],[4.493244,45.784219],[4.4933,45.784226],[4.493295,45.784247],[4.49332,45.78425],[4.493313,45.784279],[4.493287,45.784276],[4.493271,45.784335],[4.493315,45.784341],[4.493302,45.784388]]]}},{"type":"Feature","properties":{"osm_id":181170611,"building":"yes","source":"cadastre-dgi-fr source : Direction Générale des Impôts - Cadastre. Mise à jour : 2012"},"geometry":{"type":"Polygon","coordinates":[[[4.476064,45.790519],[4.476096,45.79049],[4.476154,45.790459],[4.476304,45.790384],[4.476356,45.790431],[4.4763483,45.7904353],[4.476263,45.790483],[4.476213,45.790509],[4.476189,45.790487],[4.476123,45.790523],[4.476064,45.790519]]]}},{"type":"Feature","properties":{"osm_id":181170613,"building":"yes","source":"cadastre-dgi-fr source : Direction Générale des Impôts - Cadastre. Mise à jour : 2012","wall":"no"},"geometry":{"type":"Polygon","coordinates":[[[4.483987,45.785735],[4.484013,45.785714],[4.484082,45.78567],[4.484123,45.7857],[4.484112,45.785707],[4.48413,45.78572],[4.484174,45.78575],[4.484066,45.785818],[4.484001,45.785774],[4.484018,45.785762],[4.483987,45.785735]]]}},{"type":"Feature","properties":{"osm_id":181170614,"building":"yes","source":"cadastre-dgi-fr source : Direction Générale des Impôts - Cadastre. Mise à jour : 2012"},"geometry":{"type":"Polygon","coordinates":[[[4.4806277,45.7993638],[4.4805907,45.7993851],[4.4805046,45.7994068],[4.480284,45.799461],[4.4802665,45.7993797],[4.4805913,45.7992997],[4.4806277,45.7993638]]]}},{"type":"Feature","properties":{"osm_id":181170615,"building":"yes","source":"cadastre-dgi-fr source : Direction Générale des Impôts - Cadastre. Mise à jour : 2012"},"geometry":{"type":"Polygon","coordinates":[[[4.456955,45.768755],[4.456901,45.768833],[4.456887,45.768828],[4.456867,45.768856],[4.456887,45.768863],[4.456848,45.76891],[4.456781,45.768883],[4.456797,45.768864],[4.456769,45.768853],[4.456858,45.768731],[4.456955,45.768755]]]}},{"type":"Feature","properties":{"osm_id":181170617,"building":"yes","source":"cadastre-dgi-fr source : Direction Générale des Impôts - Cadastre. Mise à jour : 2012"},"geometry":{"type":"Polygon","coordinates":[[[4.465589,45.798502],[4.465546,45.7984908],[4.465416,45.798457],[4.465453,45.798389],[4.465552,45.798414],[4.465564,45.798391],[4.465639,45.79841],[4.465633,45.798421],[4.465669,45.79843],[4.465643,45.798475],[4.465609,45.798466],[4.465589,45.798502]]]}},{"type":"Feature","properties":{"osm_id":181170622,"building":"yes","source":"cadastre-dgi-fr source : Direction Générale des Impôts - Cadastre. Mise à jour : 2012"},"geometry":{"type":"Polygon","coordinates":[[[4.46459,45.781429],[4.464577,45.781464],[4.464535,45.781458],[4.464528,45.78148],[4.464557,45.781485],[4.464549,45.781507],[4.464518,45.781503],[4.464514,45.781509],[4.464418,45.781494],[4.464448,45.781408],[4.46459,45.781429]]]}},{"type":"Feature","properties":{"osm_id":181170623,"building":"yes","source":"cadastre-dgi-fr source : Direction Générale des Impôts - Cadastre. Mise à jour : 2012"},"geometry":{"type":"Polygon","coordinates":[[[4.489453,45.802575],[4.489408,45.802535],[4.489334,45.802576],[4.489305,45.802551],[4.489288,45.80256],[4.489247,45.802525],[4.48934,45.802472],[4.489367,45.802494],[4.489468,45.802437],[4.489561,45.802514],[4.489453,45.802575]]]}},{"type":"Feature","properties":{"osm_id":181170625,"building":"yes","source":"cadastre-dgi-fr source : Direction Générale des Impôts - Cadastre. Mise à jour : 2012"},"geometry":{"type":"Polygon","coordinates":[[[4.492071,45.787336],[4.492073,45.787386],[4.492037,45.787386],[4.492038,45.787424],[4.492039,45.787451],[4.491959,45.787449],[4.491958,45.787426],[4.491902,45.787421],[4.491896,45.787324],[4.491967,45.787322],[4.492071,45.787336]]]}},{"type":"Feature","properties":{"osm_id":181170626,"building":"yes","source":"cadastre-dgi-fr source : Direction Générale des Impôts - Cadastre. Mise à jour : 2012"},"geometry":{"type":"Polygon","coordinates":[[[4.486427,45.787114],[4.48633,45.787038],[4.486299,45.787059],[4.486252,45.787022],[4.486283,45.787001],[4.486296,45.787011],[4.486373,45.786964],[4.486438,45.787013],[4.486465,45.786998],[4.486531,45.787048],[4.486427,45.787114]]]}},{"type":"Feature","properties":{"osm_id":181170629,"building":"yes","source":"cadastre-dgi-fr source : Direction Générale des Impôts - Cadastre. Mise à jour : 2012"},"geometry":{"type":"Polygon","coordinates":[[[4.485415,45.802599],[4.485399,45.802527],[4.485435,45.802523],[4.485431,45.8025],[4.48553,45.802487],[4.485531,45.802503],[4.48558,45.802497],[4.485592,45.802559],[4.485483,45.802573],[4.485487,45.802589],[4.485415,45.802599]]]}},{"type":"Feature","properties":{"osm_id":181170631,"building":"yes","source":"cadastre-dgi-fr source : Direction Générale des Impôts - Cadastre. Mise à jour : 2012"},"geometry":{"type":"Polygon","coordinates":[[[4.490917,45.805913],[4.4909193,45.805921],[4.490932,45.805964],[4.490866,45.805975],[4.490894,45.806052],[4.491028,45.806028],[4.491045,45.806078],[4.490966,45.806091],[4.49082,45.806115],[4.490763,45.80594],[4.4908959,45.8059167],[4.490917,45.805913]]]}},{"type":"Feature","properties":{"osm_id":181170633,"building":"yes","source":"cadastre-dgi-fr source : Direction Générale des Impôts - Cadastre. Mise à jour : 2012"},"geometry":{"type":"Polygon","coordinates":[[[4.468194,45.798032],[4.468086,45.797917],[4.468172,45.797885],[4.468156,45.797859],[4.468227,45.797844],[4.468236,45.797856],[4.468221,45.797861],[4.468225,45.797869],[4.468221,45.797875],[4.468189,45.797893],[4.468288,45.798002],[4.468194,45.798032]]]}},{"type":"Feature","properties":{"osm_id":181170635,"building":"yes","source":"cadastre-dgi-fr source : Direction Générale des Impôts - Cadastre. Mise à jour : 2012"},"geometry":{"type":"Polygon","coordinates":[[[4.467296,45.80196],[4.467198,45.801948],[4.467211,45.801928],[4.467272,45.801841],[4.467246,45.801831],[4.467242,45.801835],[4.467187,45.801815],[4.467205,45.801783],[4.467302,45.801817],[4.467296,45.801829],[4.467373,45.801861],[4.467296,45.80196]]]}},{"type":"Feature","properties":{"osm_id":181170636,"building":"yes","source":"cadastre-dgi-fr source : Direction Générale des Impôts - Cadastre. Mise à jour : 2012"},"geometry":{"type":"Polygon","coordinates":[[[4.457726,45.774682],[4.457692,45.774799],[4.4576319,45.7747913],[4.457598,45.774787],[4.457593,45.77481],[4.457529,45.774802],[4.457548,45.774738],[4.457603,45.774744],[4.457608,45.774724],[4.457641,45.774729],[4.45766,45.774674],[4.457726,45.774682]]]}},{"type":"Feature","properties":{"osm_id":181170638,"building":"yes","source":"cadastre-dgi-fr source : Direction Générale des Impôts - Cadastre. Mise à jour : 2012"},"geometry":{"type":"Polygon","coordinates":[[[4.46985,45.782353],[4.46984,45.78234],[4.469792,45.7823],[4.469774,45.782276],[4.469738,45.782217],[4.469822,45.782189],[4.469844,45.782184],[4.469845,45.782187],[4.469881,45.782249],[4.469862,45.782256],[4.469902,45.782315],[4.46985,45.782353]]]}},{"type":"Feature","properties":{"osm_id":181170639,"building":"yes","source":"cadastre-dgi-fr source : Direction Générale des Impôts - Cadastre. Mise à jour : 2012"},"geometry":{"type":"Polygon","coordinates":[[[4.484868,45.802141],[4.485075,45.802029],[4.485116,45.80202],[4.485131,45.80205],[4.485034,45.802107],[4.485044,45.802115],[4.484978,45.802165],[4.484963,45.802157],[4.484924,45.802182],[4.484868,45.802141]]]}},{"type":"Feature","properties":{"osm_id":181170641,"building":"yes","source":"cadastre-dgi-fr source : Direction Générale des Impôts - Cadastre. Mise à jour : 2012"},"geometry":{"type":"Polygon","coordinates":[[[4.490102,45.803076],[4.490107,45.803076],[4.49011,45.803085],[4.490166,45.803206],[4.490156,45.803205],[4.490082,45.80322],[4.490079,45.803207],[4.490046,45.803215],[4.490031,45.803186],[4.49006,45.803178],[4.490024,45.803098],[4.490102,45.803076]]]}},{"type":"Feature","properties":{"osm_id":181170645,"building":"yes","source":"cadastre-dgi-fr source : Direction Générale des Impôts - Cadastre. Mise à jour : 2012"},"geometry":{"type":"Polygon","coordinates":[[[4.481875,45.78585],[4.481854,45.785802],[4.481875,45.785797],[4.481854,45.785749],[4.481984,45.785721],[4.482005,45.78578],[4.481955,45.785792],[4.481968,45.78583],[4.481894,45.785846],[4.481905,45.785872],[4.481887,45.785876],[4.481875,45.78585]]]}},{"type":"Feature","properties":{"osm_id":181170646,"building":"yes","source":"cadastre-dgi-fr source : Direction Générale des Impôts - Cadastre. Mise à jour : 2012"},"geometry":{"type":"Polygon","coordinates":[[[4.463527,45.802481],[4.463669,45.802516],[4.46369,45.802482],[4.463756,45.802515],[4.463714,45.802588],[4.463682,45.802579],[4.463671,45.802602],[4.463633,45.802594],[4.463498,45.802562],[4.463512,45.802539],[4.463493,45.802533],[4.463527,45.802481]]]}},{"type":"Feature","properties":{"osm_id":181170648,"building":"yes","source":"cadastre-dgi-fr source : Direction Générale des Impôts - Cadastre. Mise à jour : 2012"},"geometry":{"type":"Polygon","coordinates":[[[4.472929,45.777202],[4.472952,45.777141],[4.472974,45.777145],[4.473,45.777076],[4.472978,45.777072],[4.472961,45.777069],[4.472978,45.777027],[4.473101,45.77705],[4.473061,45.777158],[4.473066,45.777159],[4.473041,45.777222],[4.472929,45.777202]]]}},{"type":"Feature","properties":{"osm_id":181170653,"building":"yes","source":"cadastre-dgi-fr source : Direction Générale des Impôts - Cadastre. Mise à jour : 2012"},"geometry":{"type":"Polygon","coordinates":[[[4.45818,45.77454],[4.458199,45.774564],[4.458245,45.774548],[4.458268,45.774583],[4.458074,45.774649],[4.458077,45.774653],[4.45798,45.774685],[4.45793,45.774606],[4.458017,45.774578],[4.458024,45.77459],[4.458129,45.774559],[4.45818,45.77454]]]}},{"type":"Feature","properties":{"osm_id":181170654,"building":"yes","source":"cadastre-dgi-fr source : Direction Générale des Impôts - Cadastre. Mise à jour : 2012"},"geometry":{"type":"Polygon","coordinates":[[[4.483215,45.803944],[4.483128,45.80385],[4.483102,45.803811],[4.483202,45.803773],[4.483275,45.803868],[4.483399,45.803813],[4.483377,45.803783],[4.483415,45.803756],[4.483367,45.803727],[4.483453,45.803694],[4.483534,45.8038],[4.48333,45.803891],[4.483215,45.803944]]]}},{"type":"Feature","properties":{"osm_id":181170655,"building":"yes","source":"cadastre-dgi-fr source : Direction Générale des Impôts - Cadastre. Mise à jour : 2012"},"geometry":{"type":"Polygon","coordinates":[[[4.484332,45.8024],[4.484243,45.802452],[4.484135,45.802364],[4.484086,45.802328],[4.484164,45.802282],[4.484167,45.802276],[4.484295,45.80225],[4.484313,45.80228],[4.484199,45.80231],[4.48424,45.802344],[4.484257,45.802335],[4.4843,45.802371],[4.484332,45.8024]]]}},{"type":"Feature","properties":{"osm_id":181170656,"building":"yes","source":"cadastre-dgi-fr source : Direction Générale des Impôts - Cadastre. Mise à jour : 2012"},"geometry":{"type":"Polygon","coordinates":[[[4.470211,45.781951],[4.470267,45.78193],[4.470287,45.781957],[4.470309,45.781949],[4.470341,45.781993],[4.470319,45.782001],[4.470332,45.78202],[4.470326,45.782022],[4.470339,45.782041],[4.470293,45.78206],[4.470277,45.782041],[4.470282,45.782039],[4.470211,45.781951]]]}},{"type":"Feature","properties":{"osm_id":181170657,"building":"yes","source":"cadastre-dgi-fr source : Direction Générale des Impôts - Cadastre. Mise à jour : 2012"},"geometry":{"type":"Polygon","coordinates":[[[4.500767,45.78987],[4.500592,45.78984],[4.500527,45.78983],[4.500542,45.78979],[4.500587,45.789798],[4.5006,45.789762],[4.500605,45.78975],[4.500661,45.789761],[4.500652,45.78979],[4.500693,45.789797],[4.500699,45.789786],[4.500792,45.789801],[4.500767,45.78987]]]}},{"type":"Feature","properties":{"osm_id":181170662,"building":"yes","source":"cadastre-dgi-fr source : Direction Générale des Impôts - Cadastre. Mise à jour : 2012"},"geometry":{"type":"Polygon","coordinates":[[[4.488311,45.802106],[4.488298,45.802113],[4.488314,45.802134],[4.488241,45.802181],[4.488143,45.802054],[4.488063,45.801947],[4.488237,45.801909],[4.48827,45.801962],[4.48823,45.801972],[4.488202,45.801979],[4.488225,45.802023],[4.488254,45.802017],[4.488311,45.802106]]]}},{"type":"Feature","properties":{"osm_id":181170664,"building":"yes","source":"cadastre-dgi-fr source : Direction Générale des Impôts - Cadastre. Mise à jour : 2012"},"geometry":{"type":"Polygon","coordinates":[[[4.479638,45.805801],[4.479756,45.80578],[4.479759,45.805749],[4.479742,45.80563],[4.4797,45.805636],[4.479693,45.805593],[4.4797061,45.8055913],[4.479757,45.8055848],[4.479856,45.805572],[4.479908,45.805795],[4.47991,45.805811],[4.479657,45.805851],[4.479638,45.805801]]]}},{"type":"Feature","properties":{"osm_id":181170665,"building":"yes","source":"cadastre-dgi-fr source : Direction Générale des Impôts - Cadastre. Mise à jour : 2012"},"geometry":{"type":"Polygon","coordinates":[[[4.472968,45.80534],[4.472966,45.805337],[4.472926,45.805349],[4.472908,45.80531],[4.472948,45.805297],[4.472896,45.805187],[4.472974,45.805168],[4.473047,45.805322],[4.473072,45.805316],[4.473084,45.80534],[4.473049,45.80535],[4.473036,45.805325],[4.472968,45.80534]]]}},{"type":"Feature","properties":{"osm_id":181170666,"building":"yes","source":"cadastre-dgi-fr source : Direction Générale des Impôts - Cadastre. Mise à jour : 2012"},"geometry":{"type":"Polygon","coordinates":[[[4.471937,45.78036],[4.471898,45.780295],[4.472021,45.780257],[4.472031,45.780274],[4.472071,45.780262],[4.472077,45.780261],[4.472132,45.780245],[4.472161,45.780298],[4.472107,45.780311],[4.472119,45.780335],[4.472033,45.780359],[4.472021,45.780338],[4.471937,45.78036]]]}},{"type":"Feature","properties":{"osm_id":181170668,"building":"yes","source":"cadastre-dgi-fr source : Direction Générale des Impôts - Cadastre. Mise à jour : 2012"},"geometry":{"type":"Polygon","coordinates":[[[4.478857,45.784497],[4.478788,45.784467],[4.478813,45.784441],[4.478707,45.784388],[4.478742,45.784348],[4.478723,45.784339],[4.478769,45.784294],[4.478845,45.784329],[4.478819,45.784356],[4.47889,45.784392],[4.478878,45.784406],[4.478918,45.784426],[4.478857,45.784497]]]}},{"type":"Feature","properties":{"osm_id":181170670,"building":"yes","source":"cadastre-dgi-fr source : Direction Générale des Impôts - Cadastre. Mise à jour : 2012"},"geometry":{"type":"Polygon","coordinates":[[[4.486444,45.78659],[4.486491,45.786547],[4.486433,45.786514],[4.486459,45.786485],[4.486532,45.786512],[4.486613,45.786561],[4.486553,45.786617],[4.486534,45.786605],[4.486469,45.786663],[4.486449,45.78668],[4.486433,45.786673],[4.486453,45.786654],[4.486404,45.786628],[4.486444,45.78659]]]}},{"type":"Feature","properties":{"osm_id":181170673,"building":"yes","source":"cadastre-dgi-fr source : Direction Générale des Impôts - Cadastre. Mise à jour : 2012"},"geometry":{"type":"Polygon","coordinates":[[[4.472755,45.778085],[4.472792,45.778059],[4.472879,45.778007],[4.472873,45.777999],[4.472902,45.777981],[4.472929,45.778002],[4.4729,45.778023],[4.472942,45.778054],[4.472957,45.778046],[4.472989,45.77807],[4.472887,45.778141],[4.472866,45.778129],[4.472834,45.778148],[4.472755,45.778085]]]}},{"type":"Feature","properties":{"osm_id":181170675,"building":"yes","source":"cadastre-dgi-fr source : Direction Générale des Impôts - Cadastre. Mise à jour : 2012"},"geometry":{"type":"Polygon","coordinates":[[[4.476679,45.800435],[4.476753,45.800421],[4.476785,45.800502],[4.47681,45.800493],[4.476887,45.800502],[4.476909,45.800496],[4.476913,45.800497],[4.476945,45.800423],[4.477033,45.800442],[4.47699,45.800562],[4.476894,45.800542],[4.476783,45.800528],[4.47672,45.80054],[4.476679,45.800435]]]}},{"type":"Feature","properties":{"osm_id":181170676,"building":"yes","source":"cadastre-dgi-fr source : Direction Générale des Impôts - Cadastre. Mise à jour : 2012"},"geometry":{"type":"Polygon","coordinates":[[[4.475828,45.809977],[4.475837,45.809995],[4.475915,45.809977],[4.475942,45.810032],[4.475912,45.810038],[4.475932,45.810087],[4.475824,45.810108],[4.475806,45.810066],[4.475742,45.810078],[4.475723,45.810038],[4.475762,45.810029],[4.475751,45.810007],[4.475748,45.809992],[4.475828,45.809977]]]}},{"type":"Feature","properties":{"osm_id":181170680,"building":"yes","source":"cadastre-dgi-fr source : Direction Générale des Impôts - Cadastre. Mise à jour : 2012"},"geometry":{"type":"Polygon","coordinates":[[[4.480235,45.791754],[4.480251,45.791695],[4.480252,45.791693],[4.480269,45.791636],[4.480275,45.791612],[4.480288,45.791569],[4.480367,45.791551],[4.480356,45.791614],[4.480331,45.79161],[4.480322,45.791697],[4.480355,45.791701],[4.480346,45.791743],[4.480325,45.791742],[4.480318,45.791763],[4.480235,45.791754]]]}},{"type":"Feature","properties":{"osm_id":181170682,"building":"yes","source":"cadastre-dgi-fr source : Direction Générale des Impôts - Cadastre. Mise à jour : 2012"},"geometry":{"type":"Polygon","coordinates":[[[4.4732,45.776822],[4.47323,45.776791],[4.473202,45.776777],[4.473266,45.776716],[4.473294,45.776731],[4.473296,45.776729],[4.47331,45.776734],[4.473334,45.776711],[4.473377,45.776732],[4.47335,45.77676],[4.473356,45.776764],[4.4733376,45.7767813],[4.4733153,45.7768021],[4.473261,45.776853],[4.4732,45.776822]]]}},{"type":"Feature","properties":{"osm_id":181170685,"building":"yes","source":"cadastre-dgi-fr source : Direction Générale des Impôts - Cadastre. Mise à jour : 2012"},"geometry":{"type":"Polygon","coordinates":[[[4.474029,45.802375],[4.473993,45.802411],[4.473953,45.802394],[4.473933,45.802414],[4.473945,45.802421],[4.473911,45.802455],[4.473871,45.802438],[4.473861,45.802447],[4.473807,45.80242],[4.473857,45.802368],[4.473816,45.802347],[4.473844,45.802318],[4.473896,45.80234],[4.473912,45.802323],[4.473925,45.802328],[4.474029,45.802375]]]}},{"type":"Feature","properties":{"osm_id":181170686,"building":"yes","source":"cadastre-dgi-fr source : Direction Générale des Impôts - Cadastre. Mise à jour : 2012"},"geometry":{"type":"Polygon","coordinates":[[[4.484639,45.801631],[4.484603,45.801585],[4.484537,45.801608],[4.484505,45.801565],[4.484548,45.80155],[4.484519,45.80151],[4.484605,45.80148],[4.484593,45.801459],[4.484666,45.801433],[4.48467,45.801438],[4.484715,45.801515],[4.484663,45.801534],[4.484687,45.801564],[4.48471,45.801557],[4.484739,45.801595],[4.484639,45.801631]]]}},{"type":"Feature","properties":{"osm_id":181170688,"building":"yes","source":"cadastre-dgi-fr source : Direction Générale des Impôts - Cadastre. Mise à jour : 2012"},"geometry":{"type":"Polygon","coordinates":[[[4.476326,45.810036],[4.476314,45.810004],[4.476276,45.81001],[4.476266,45.80998],[4.476305,45.809972],[4.476303,45.809952],[4.476371,45.809938],[4.476374,45.809946],[4.476418,45.809937],[4.476431,45.809975],[4.476456,45.809971],[4.476489,45.810058],[4.476423,45.810071],[4.476416,45.810054],[4.476338,45.810067],[4.476326,45.810036]]]}},{"type":"Feature","properties":{"osm_id":181170693,"building":"yes","source":"cadastre-dgi-fr source : Direction Générale des Impôts - Cadastre. Mise à jour : 2012"},"geometry":{"type":"Polygon","coordinates":[[[4.483633,45.808108],[4.483735,45.808042],[4.483747,45.808032],[4.483809,45.807992],[4.483844,45.808019],[4.483857,45.808028],[4.483782,45.808078],[4.483917,45.808183],[4.48391,45.808191],[4.483936,45.808211],[4.483888,45.808242],[4.483863,45.808221],[4.483845,45.808233],[4.483761,45.80817],[4.483738,45.808185],[4.483633,45.808108]]]}},{"type":"Feature","properties":{"osm_id":181170694,"building":"yes","source":"cadastre-dgi-fr source : Direction Générale des Impôts - Cadastre. Mise à jour : 2012"},"geometry":{"type":"Polygon","coordinates":[[[4.473969,45.802234],[4.474,45.802249],[4.474036,45.802214],[4.474095,45.802243],[4.474077,45.802265],[4.4741,45.802275],[4.474063,45.802312],[4.474043,45.802302],[4.474023,45.802324],[4.474061,45.802343],[4.474029,45.802375],[4.473925,45.802328],[4.473937,45.802313],[4.473899,45.802294],[4.47396,45.80223],[4.473969,45.802234]]]}},{"type":"Feature","properties":{"osm_id":181170695,"building":"yes","source":"cadastre-dgi-fr source : Direction Générale des Impôts - Cadastre. Mise à jour : 2012"},"geometry":{"type":"Polygon","coordinates":[[[4.484778,45.800857],[4.484821,45.800921],[4.484776,45.800936],[4.484806,45.800977],[4.48487,45.800959],[4.484911,45.801023],[4.484781,45.801061],[4.484736,45.800999],[4.484755,45.800992],[4.484724,45.80095],[4.484632,45.80098],[4.484582,45.800915],[4.484679,45.800885],[4.484669,45.800869],[4.484723,45.800852],[4.484735,45.80087],[4.484778,45.800857]]]}},{"type":"Feature","properties":{"osm_id":181170696,"building":"yes","source":"cadastre-dgi-fr source : Direction Générale des Impôts - Cadastre. Mise à jour : 2012"},"geometry":{"type":"Polygon","coordinates":[[[4.49185,45.782032],[4.491999,45.781994],[4.49204,45.782083],[4.491893,45.782118],[4.491873,45.782121],[4.491851,45.782104],[4.491813,45.782112],[4.491734,45.781983],[4.49171,45.78192],[4.491692,45.781914],[4.49162,45.781841],[4.491687,45.781808],[4.491768,45.781891],[4.491864,45.781846],[4.491917,45.781899],[4.491786,45.781958],[4.49185,45.782032]]]}},{"type":"Feature","properties":{"osm_id":181170701,"building":"yes","source":"cadastre-dgi-fr source : Direction Générale des Impôts - Cadastre. Mise à jour : 2012"},"geometry":{"type":"Polygon","coordinates":[[[4.476596,45.811521],[4.476516,45.811557],[4.476496,45.811539],[4.476395,45.811572],[4.476353,45.811614],[4.476345,45.811611],[4.476296,45.811636],[4.4762371,45.8116098],[4.476134,45.811564],[4.476207,45.811509],[4.476266,45.811541],[4.476312,45.811579],[4.476331,45.811566],[4.476447,45.811485],[4.476442,45.81148],[4.476527,45.811447],[4.476569,45.811491],[4.476596,45.811521]]]}},{"type":"Feature","properties":{"osm_id":181170703,"building":"yes","source":"cadastre-dgi-fr source : Direction Générale des Impôts - Cadastre. Mise à jour : 2012"},"geometry":{"type":"Polygon","coordinates":[[[4.487865,45.802404],[4.487852,45.802434],[4.487831,45.802435],[4.487821,45.802436],[4.487771,45.802447],[4.48775,45.80245],[4.487724,45.80245],[4.487701,45.802448],[4.487714,45.802387],[4.487727,45.802322],[4.487666,45.802322],[4.487692,45.802205],[4.487858,45.802222],[4.487851,45.802241],[4.487825,45.802402],[4.487862,45.802394],[4.487865,45.802404]]]}},{"type":"Feature","properties":{"osm_id":181170704,"building":"yes","source":"cadastre-dgi-fr source : Direction Générale des Impôts - Cadastre. Mise à jour : 2012"},"geometry":{"type":"Polygon","coordinates":[[[4.477748,45.801963],[4.477695,45.801921],[4.477668,45.801938],[4.477633,45.80191],[4.477661,45.801893],[4.477691,45.801859],[4.477713,45.801868],[4.477787,45.801832],[4.477873,45.801906],[4.477829,45.801925],[4.477873,45.801972],[4.477791,45.802011],[4.477713,45.802041],[4.477704,45.802032],[4.477675,45.802002],[4.477671,45.801998],[4.477748,45.801963]]]}},{"type":"Feature","properties":{"osm_id":181170705,"building":"yes","source":"cadastre-dgi-fr source : Direction Générale des Impôts - Cadastre. Mise à jour : 2012"},"geometry":{"type":"Polygon","coordinates":[[[4.480656,45.793402],[4.480735,45.793382],[4.48075,45.793408],[4.480789,45.793397],[4.480864,45.79338],[4.480897,45.793441],[4.48089,45.793442],[4.480915,45.793493],[4.480825,45.793515],[4.480814,45.793493],[4.4808,45.793464],[4.480753,45.793475],[4.480767,45.793504],[4.480771,45.793513],[4.480721,45.793525],[4.480703,45.793487],[4.480656,45.793402]]]}},{"type":"Feature","properties":{"osm_id":181170706,"building":"yes","source":"cadastre-dgi-fr source : Direction Générale des Impôts - Cadastre. Mise à jour : 2012"},"geometry":{"type":"Polygon","coordinates":[[[4.486534,45.792966],[4.486423,45.793009],[4.48641,45.792999],[4.486303,45.793048],[4.486242,45.792999],[4.486351,45.792911],[4.486415,45.792903],[4.486641,45.79282],[4.486629,45.792794],[4.486698,45.79275],[4.486767,45.792807],[4.486723,45.792834],[4.486758,45.792872],[4.486723,45.792881],[4.486717,45.792891],[4.486528,45.792952],[4.486534,45.792966]]]}},{"type":"Feature","properties":{"osm_id":181170710,"building":"yes","source":"cadastre-dgi-fr source : Direction Générale des Impôts - Cadastre. Mise à jour : 2012"},"geometry":{"type":"Polygon","coordinates":[[[4.480523,45.800704],[4.480409,45.800766],[4.480387,45.800744],[4.480361,45.800713],[4.480345,45.800684],[4.480311,45.800563],[4.480346,45.800555],[4.48037,45.800547],[4.480388,45.800527],[4.4804,45.80051],[4.480411,45.800499],[4.480426,45.80049],[4.480473,45.800471],[4.480515,45.800528],[4.480469,45.800544],[4.4804,45.800574],[4.480523,45.800704]]]}},{"type":"Feature","properties":{"osm_id":181170712,"building":"yes","source":"cadastre-dgi-fr source : Direction Générale des Impôts - Cadastre. Mise à jour : 2012"},"geometry":{"type":"Polygon","coordinates":[[[4.466343,45.773716],[4.466436,45.773673],[4.4664563,45.7737088],[4.466492,45.773772],[4.466475,45.773777],[4.466492,45.773823],[4.466475,45.773828],[4.46649,45.773867],[4.466578,45.773852],[4.466572,45.773834],[4.466679,45.773814],[4.466698,45.773887],[4.466526,45.773916],[4.466447,45.773929],[4.466433,45.77388],[4.466391,45.773802],[4.466343,45.773716]]]}},{"type":"Feature","properties":{"osm_id":181170716,"building":"yes","source":"cadastre-dgi-fr source : Direction Générale des Impôts - Cadastre. Mise à jour : 2012"},"geometry":{"type":"Polygon","coordinates":[[[4.452292,45.778129],[4.452226,45.778172],[4.452262,45.778201],[4.452234,45.778209],[4.452154,45.778232],[4.452006,45.77828],[4.451894,45.778175],[4.451972,45.778136],[4.452062,45.778214],[4.45217,45.778179],[4.452199,45.778155],[4.45217,45.778132],[4.452332,45.778022],[4.452362,45.778044],[4.452313,45.77808],[4.452336,45.778099],[4.452292,45.778129]]]}},{"type":"Feature","properties":{"osm_id":181170717,"building":"yes","source":"cadastre-dgi-fr source : Direction Générale des Impôts - Cadastre. Mise à jour : 2012"},"geometry":{"type":"Polygon","coordinates":[[[4.470675,45.79806],[4.47079,45.798088],[4.470775,45.798123],[4.470814,45.798133],[4.470804,45.798153],[4.470768,45.798143],[4.470772,45.798134],[4.47074,45.798127],[4.47072,45.798172],[4.470748,45.798178],[4.470739,45.798197],[4.470725,45.798224],[4.470605,45.798195],[4.470632,45.798143],[4.47054,45.79812],[4.470582,45.798037],[4.470675,45.79806]]]}},{"type":"Feature","properties":{"osm_id":181170718,"building":"yes","source":"cadastre-dgi-fr source : Direction Générale des Impôts - Cadastre. Mise à jour : 2012"},"geometry":{"type":"Polygon","coordinates":[[[4.488758,45.787],[4.488718,45.786933],[4.488786,45.786917],[4.488802,45.786946],[4.488843,45.786928],[4.488873,45.786944],[4.488924,45.786916],[4.489054,45.787026],[4.489016,45.787045],[4.488998,45.787053],[4.488956,45.78702],[4.48894,45.787028],[4.488923,45.787033],[4.488905,45.787035],[4.488896,45.787034],[4.488873,45.787016],[4.488816,45.786968],[4.488758,45.787]]]}},{"type":"Feature","properties":{"osm_id":181170720,"building":"yes","source":"cadastre-dgi-fr source : Direction Générale des Impôts - Cadastre. Mise à jour : 2012"},"geometry":{"type":"Polygon","coordinates":[[[4.475955,45.790596],[4.475946,45.790581],[4.4759713,45.7905717],[4.476011,45.790557],[4.476075,45.790533],[4.476064,45.790519],[4.476123,45.790523],[4.476189,45.790487],[4.476213,45.790509],[4.476263,45.790483],[4.476295,45.79052],[4.476243,45.790551],[4.476038,45.790617],[4.47605,45.790633],[4.476008,45.790647],[4.475997,45.790631],[4.475863,45.790677],[4.475837,45.79064],[4.475955,45.790596]]]}},{"type":"Feature","properties":{"osm_id":181170725,"building":"yes","source":"cadastre-dgi-fr source : Direction Générale des Impôts - Cadastre. Mise à jour : 2012"},"geometry":{"type":"Polygon","coordinates":[[[4.465112,45.799127],[4.465107,45.799133],[4.465059,45.799131],[4.464959,45.799115],[4.464972,45.799029],[4.464858,45.799007],[4.464844,45.79898],[4.464799,45.798988],[4.464802,45.79895],[4.46489,45.79895],[4.464893,45.798913],[4.464976,45.798917],[4.46497,45.79896],[4.464981,45.79896],[4.464979,45.798991],[4.465079,45.798995],[4.465072,45.799074],[4.465116,45.799078],[4.465112,45.799127]]]}},{"type":"Feature","properties":{"osm_id":181170726,"building":"yes","source":"cadastre-dgi-fr source : Direction Générale des Impôts - Cadastre. Mise à jour : 2012"},"geometry":{"type":"Polygon","coordinates":[[[4.460946,45.779865],[4.461001,45.779853],[4.461033,45.779913],[4.461052,45.779912],[4.461059,45.77993],[4.461104,45.779928],[4.461106,45.780084],[4.461037,45.780084],[4.461032,45.780042],[4.461014,45.780043],[4.461009,45.780005],[4.461023,45.780005],[4.461019,45.779982],[4.460988,45.779983],[4.460937,45.779884],[4.460905,45.779889],[4.460856,45.779805],[4.4609,45.779792],[4.460946,45.779865]]]}},{"type":"Feature","properties":{"osm_id":181170727,"building":"yes","source":"cadastre-dgi-fr source : Direction Générale des Impôts - Cadastre. Mise à jour : 2012"},"geometry":{"type":"Polygon","coordinates":[[[4.459022,45.773425],[4.458943,45.773436],[4.45896,45.773491],[4.458911,45.7735],[4.458937,45.773574],[4.458956,45.773623],[4.459027,45.773613],[4.4590296,45.773634],[4.459032,45.773653],[4.45896,45.773662],[4.458949,45.773635],[4.458878,45.773633],[4.458801,45.773636],[4.458773,45.773558],[4.458824,45.773549],[4.458799,45.77347],[4.458894,45.773455],[4.458879,45.773402],[4.459009,45.773383],[4.459022,45.773425]]]}},{"type":"Feature","properties":{"osm_id":181170730,"building":"yes","source":"cadastre-dgi-fr source : Direction Générale des Impôts - Cadastre. Mise à jour : 2012"},"geometry":{"type":"Polygon","coordinates":[[[4.48565,45.793479],[4.485696,45.793422],[4.485753,45.793464],[4.485813,45.793424],[4.485884,45.79347],[4.485844,45.7935],[4.485892,45.793536],[4.486023,45.793628],[4.486086,45.793584],[4.486443,45.793826],[4.486469,45.793843],[4.486413,45.793884],[4.486441,45.793902],[4.486379,45.79395],[4.486447,45.793997],[4.48638,45.794046],[4.486302,45.79399],[4.486313,45.793979],[4.486272,45.793953],[4.486322,45.793914],[4.48565,45.793479]]]}},{"type":"Feature","properties":{"osm_id":181170733,"building":"yes","source":"cadastre-dgi-fr source : Direction Générale des Impôts - Cadastre. Mise à jour : 2012"},"geometry":{"type":"Polygon","coordinates":[[[4.486464,45.802849],[4.486306,45.802869],[4.486299,45.802842],[4.486248,45.802848],[4.486235,45.802803],[4.48629,45.802795],[4.486285,45.802776],[4.486336,45.802769],[4.486341,45.802789],[4.48638,45.802783],[4.486375,45.802764],[4.486439,45.802755],[4.48643,45.802715],[4.48653,45.802703],[4.486525,45.802684],[4.486603,45.802675],[4.486605,45.802682],[4.486618,45.802681],[4.486615,45.802666],[4.486715,45.802655],[4.48673,45.802724],[4.486644,45.802734],[4.486649,45.802761],[4.486447,45.802786],[4.486464,45.802849]]]}},{"type":"Feature","properties":{"osm_id":181170735,"building":"yes","source":"cadastre-dgi-fr source : Direction Générale des Impôts - Cadastre. Mise à jour : 2012"},"geometry":{"type":"Polygon","coordinates":[[[4.470105,45.774984],[4.470153,45.774894],[4.470205,45.774909],[4.470105,45.774984]]]}},{"type":"Feature","properties":{"osm_id":181170738,"building":"yes","source":"cadastre-dgi-fr source : Direction Générale des Impôts - Cadastre. Mise à jour : 2012"},"geometry":{"type":"Polygon","coordinates":[[[4.489492,45.803424],[4.48947,45.803344],[4.489624,45.803324],[4.489644,45.8034],[4.489492,45.803424]]]}},{"type":"Feature","properties":{"osm_id":181170740,"building":"yes","source":"cadastre-dgi-fr source : Direction Générale des Impôts - Cadastre. Mise à jour : 2012","wall":"no"},"geometry":{"type":"Polygon","coordinates":[[[4.475913,45.790522],[4.475939,45.790515],[4.4759713,45.7905717],[4.475946,45.790581],[4.475913,45.790522]]]}},{"type":"Feature","properties":{"osm_id":181170741,"building":"yes","source":"cadastre-dgi-fr source : Direction Générale des Impôts - Cadastre. Mise à jour : 2012"},"geometry":{"type":"Polygon","coordinates":[[[4.467302,45.771614],[4.467302,45.771545],[4.467529,45.771545],[4.467528,45.771615],[4.467302,45.771614]]]}},{"type":"Feature","properties":{"osm_id":181170743,"building":"yes","source":"cadastre-dgi-fr source : Direction Générale des Impôts - Cadastre. Mise à jour : 2012","wall":"no"},"geometry":{"type":"Polygon","coordinates":[[[4.473109,45.795516],[4.473064,45.79545],[4.473138,45.795441],[4.473173,45.795496],[4.473109,45.795516]]]}},{"type":"Feature","properties":{"osm_id":181170745,"building":"yes","source":"cadastre-dgi-fr source : Direction Générale des Impôts - Cadastre. Mise à jour : 2012","wall":"no"},"geometry":{"type":"Polygon","coordinates":[[[4.479518,45.80732],[4.479639,45.807274],[4.479683,45.807319],[4.479562,45.807366],[4.479518,45.80732]]]}},{"type":"Feature","properties":{"osm_id":181170748,"building":"yes","source":"cadastre-dgi-fr source : Direction Générale des Impôts - Cadastre. Mise à jour : 2012"},"geometry":{"type":"Polygon","coordinates":[[[4.469826,45.782038],[4.469804,45.782015],[4.469862,45.781989],[4.469884,45.782011],[4.469826,45.782038]]]}},{"type":"Feature","properties":{"osm_id":181170750,"building":"yes","source":"cadastre-dgi-fr source : Direction Générale des Impôts - Cadastre. Mise à jour : 2012"},"geometry":{"type":"Polygon","coordinates":[[[4.479305,45.805628],[4.479333,45.80562],[4.479357,45.805662],[4.479329,45.80567],[4.479305,45.805628]]]}},{"type":"Feature","properties":{"osm_id":181170751,"building":"yes","source":"cadastre-dgi-fr source : Direction Générale des Impôts - Cadastre. Mise à jour : 2012","wall":"no"},"geometry":{"type":"Polygon","coordinates":[[[4.476705,45.796631],[4.476606,45.79658],[4.476618,45.796567],[4.476717,45.796618],[4.476705,45.796631]]]}},{"type":"Feature","properties":{"osm_id":181170753,"building":"yes","source":"cadastre-dgi-fr source : Direction Générale des Impôts - Cadastre. Mise à jour : 2012","wall":"no"},"geometry":{"type":"Polygon","coordinates":[[[4.4664563,45.7737088],[4.466436,45.773673],[4.466447,45.773642],[4.466494,45.773688],[4.4664563,45.7737088]]]}},{"type":"Feature","properties":{"osm_id":181170756,"building":"yes","source":"cadastre-dgi-fr source : Direction Générale des Impôts - Cadastre. Mise à jour : 2012","wall":"no"},"geometry":{"type":"Polygon","coordinates":[[[4.490523,45.806331],[4.490511,45.806247],[4.490568,45.806244],[4.49058,45.806328],[4.490523,45.806331]]]}},{"type":"Feature","properties":{"osm_id":181170760,"building":"yes","source":"cadastre-dgi-fr source : Direction Générale des Impôts - Cadastre. Mise à jour : 2012","wall":"no"},"geometry":{"type":"Polygon","coordinates":[[[4.460958,45.777414],[4.460983,45.77744],[4.460903,45.777476],[4.460878,45.77745],[4.460958,45.777414]]]}},{"type":"Feature","properties":{"osm_id":181170761,"building":"yes","source":"cadastre-dgi-fr source : Direction Générale des Impôts - Cadastre. Mise à jour : 2012","wall":"no"},"geometry":{"type":"Polygon","coordinates":[[[4.466201,45.773536],[4.466007,45.773539],[4.466003,45.773475],[4.466196,45.773466],[4.466201,45.773536]]]}},{"type":"Feature","properties":{"osm_id":181170762,"building":"yes","source":"cadastre-dgi-fr source : Direction Générale des Impôts - Cadastre. Mise à jour : 2012"},"geometry":{"type":"Polygon","coordinates":[[[4.48194,45.785935],[4.482111,45.7859],[4.482133,45.785963],[4.481965,45.785999],[4.48194,45.785935]]]}},{"type":"Feature","properties":{"osm_id":181170763,"building":"yes","source":"cadastre-dgi-fr source : Direction Générale des Impôts - Cadastre. Mise à jour : 2012"},"geometry":{"type":"Polygon","coordinates":[[[4.457028,45.768927],[4.457121,45.768794],[4.457207,45.768819],[4.457104,45.768955],[4.457028,45.768927]]]}},{"type":"Feature","properties":{"osm_id":181170764,"building":"yes","source":"cadastre-dgi-fr source : Direction Générale des Impôts - Cadastre. Mise à jour : 2012"},"geometry":{"type":"Polygon","coordinates":[[[4.476492,45.80062],[4.476401,45.800585],[4.476438,45.800538],[4.476528,45.800572],[4.476492,45.80062]]]}},{"type":"Feature","properties":{"osm_id":181170765,"building":"yes","source":"cadastre-dgi-fr source : Direction Générale des Impôts - Cadastre. Mise à jour : 2012","wall":"no"},"geometry":{"type":"Polygon","coordinates":[[[4.470246,45.782206],[4.470207,45.782216],[4.470189,45.78219],[4.470225,45.782177],[4.470246,45.782206]]]}},{"type":"Feature","properties":{"osm_id":181170770,"building":"yes","source":"cadastre-dgi-fr source : Direction Générale des Impôts - Cadastre. Mise à jour : 2012"},"geometry":{"type":"Polygon","coordinates":[[[4.485925,45.793347],[4.485998,45.793399],[4.485924,45.79344],[4.485861,45.7934],[4.485925,45.793347]]]}},{"type":"Feature","properties":{"osm_id":181170772,"building":"yes","source":"cadastre-dgi-fr source : Direction Générale des Impôts - Cadastre. Mise à jour : 2012","wall":"no"},"geometry":{"type":"Polygon","coordinates":[[[4.48648,45.787643],[4.486487,45.787663],[4.4864121,45.7876782],[4.486403,45.787659],[4.48648,45.787643]]]}},{"type":"Feature","properties":{"osm_id":181170773,"building":"yes","source":"cadastre-dgi-fr source : Direction Générale des Impôts - Cadastre. Mise à jour : 2012","wall":"no"},"geometry":{"type":"Polygon","coordinates":[[[4.486504,45.787637],[4.486505,45.7875514],[4.48655,45.787541],[4.486549,45.787626],[4.486504,45.787637]]]}},{"type":"Feature","properties":{"osm_id":181170774,"building":"yes","source":"cadastre-dgi-fr source : Direction Générale des Impôts - Cadastre. Mise à jour : 2012"},"geometry":{"type":"Polygon","coordinates":[[[4.468094,45.779174],[4.468065,45.779269],[4.467907,45.779247],[4.467933,45.779149],[4.468094,45.779174]]]}},{"type":"Feature","properties":{"osm_id":181170775,"building":"yes","source":"cadastre-dgi-fr source : Direction Générale des Impôts - Cadastre. Mise à jour : 2012","wall":"no"},"geometry":{"type":"Polygon","coordinates":[[[4.464175,45.780723],[4.464189,45.780697],[4.464223,45.780705],[4.464208,45.780731],[4.464175,45.780723]]]}},{"type":"Feature","properties":{"osm_id":181170777,"building":"yes","source":"cadastre-dgi-fr source : Direction Générale des Impôts - Cadastre. Mise à jour : 2012"},"geometry":{"type":"Polygon","coordinates":[[[4.466527,45.77367],[4.466494,45.773688],[4.466447,45.773642],[4.466472,45.773613],[4.466527,45.77367]]]}},{"type":"Feature","properties":{"osm_id":181170779,"building":"yes","source":"cadastre-dgi-fr source : Direction Générale des Impôts - Cadastre. Mise à jour : 2012","wall":"no"},"geometry":{"type":"Polygon","coordinates":[[[4.484114,45.801962],[4.484097,45.801936],[4.484153,45.801917],[4.484173,45.801944],[4.484114,45.801962]]]}},{"type":"Feature","properties":{"osm_id":181170782,"building":"yes","source":"cadastre-dgi-fr source : Direction Générale des Impôts - Cadastre. Mise à jour : 2012"},"geometry":{"type":"Polygon","coordinates":[[[4.486224,45.786371],[4.486245,45.786338],[4.486308,45.786361],[4.48629,45.78639],[4.486224,45.786371]]]}},{"type":"Feature","properties":{"osm_id":181170784,"building":"yes","source":"cadastre-dgi-fr source : Direction Générale des Impôts - Cadastre. Mise à jour : 2012","wall":"no"},"geometry":{"type":"Polygon","coordinates":[[[4.471965,45.80418],[4.471996,45.804209],[4.471964,45.804241],[4.471911,45.804221],[4.471965,45.80418]]]}},{"type":"Feature","properties":{"osm_id":181170786,"building":"yes","source":"cadastre-dgi-fr source : Direction Générale des Impôts - Cadastre. Mise à jour : 2012","wall":"no"},"geometry":{"type":"Polygon","coordinates":[[[4.461091,45.779851],[4.461037,45.779864],[4.461021,45.779832],[4.461076,45.779819],[4.461091,45.779851]]]}},{"type":"Feature","properties":{"osm_id":181170787,"building":"yes","source":"cadastre-dgi-fr source : Direction Générale des Impôts - Cadastre. Mise à jour : 2012","wall":"no"},"geometry":{"type":"Polygon","coordinates":[[[4.486707,45.793656],[4.486638,45.793622],[4.486778,45.793553],[4.486822,45.793603],[4.486707,45.793656]]]}},{"type":"Feature","properties":{"osm_id":181170788,"building":"yes","source":"cadastre-dgi-fr source : Direction Générale des Impôts - Cadastre. Mise à jour : 2012","wall":"no"},"geometry":{"type":"Polygon","coordinates":[[[4.486132,45.786718],[4.486157,45.786699],[4.486231,45.786747],[4.486205,45.786765],[4.486132,45.786718]]]}},{"type":"Feature","properties":{"osm_id":181170791,"building":"yes","source":"cadastre-dgi-fr source : Direction Générale des Impôts - Cadastre. Mise à jour : 2012","wall":"no"},"geometry":{"type":"Polygon","coordinates":[[[4.479928,45.805463],[4.480059,45.805449],[4.480068,45.805493],[4.479938,45.805507],[4.479928,45.805463]]]}},{"type":"Feature","properties":{"osm_id":181170796,"building":"yes","source":"cadastre-dgi-fr source : Direction Générale des Impôts - Cadastre. Mise à jour : 2012","wall":"no"},"geometry":{"type":"Polygon","coordinates":[[[4.461982,45.777727],[4.462131,45.77768],[4.462255,45.777879],[4.462105,45.777924],[4.461982,45.777727]]]}},{"type":"Feature","properties":{"osm_id":181170797,"building":"yes","source":"cadastre-dgi-fr source : Direction Générale des Impôts - Cadastre. Mise à jour : 2012"},"geometry":{"type":"Polygon","coordinates":[[[4.463845,45.771488],[4.463842,45.771415],[4.464017,45.771426],[4.464011,45.771497],[4.463845,45.771488]]]}},{"type":"Feature","properties":{"osm_id":181170798,"building":"yes","source":"cadastre-dgi-fr source : Direction Générale des Impôts - Cadastre. Mise à jour : 2012"},"geometry":{"type":"Polygon","coordinates":[[[4.464661,45.801976],[4.46472,45.802023],[4.464561,45.802125],[4.464486,45.802078],[4.464661,45.801976]]]}},{"type":"Feature","properties":{"osm_id":181170799,"building":"yes","source":"cadastre-dgi-fr source : Direction Générale des Impôts - Cadastre. Mise à jour : 2012","wall":"no"},"geometry":{"type":"Polygon","coordinates":[[[4.465546,45.7984908],[4.465589,45.798502],[4.465573,45.798529],[4.465531,45.798519],[4.465546,45.7984908]]]}},{"type":"Feature","properties":{"osm_id":181170800,"building":"yes","source":"cadastre-dgi-fr source : Direction Générale des Impôts - Cadastre. Mise à jour : 2012","wall":"no"},"geometry":{"type":"Polygon","coordinates":[[[4.495378,45.786695],[4.495375,45.786682],[4.495488,45.786649],[4.495495,45.786662],[4.495378,45.786695]]]}},{"type":"Feature","properties":{"osm_id":181170804,"building":"yes","source":"cadastre-dgi-fr source : Direction Générale des Impôts - Cadastre. Mise à jour : 2012","wall":"no"},"geometry":{"type":"Polygon","coordinates":[[[4.487263,45.79797],[4.487365,45.797949],[4.48738,45.797987],[4.487277,45.798007],[4.487263,45.79797]]]}},{"type":"Feature","properties":{"osm_id":181170806,"building":"yes","source":"cadastre-dgi-fr source : Direction Générale des Impôts - Cadastre. Mise à jour : 2012"},"geometry":{"type":"Polygon","coordinates":[[[4.4732567,45.7981936],[4.4732403,45.7981592],[4.4732674,45.798153],[4.4732838,45.7981874],[4.4732567,45.7981936]]]}},{"type":"Feature","properties":{"osm_id":181170807,"building":"yes","source":"cadastre-dgi-fr source : Direction Générale des Impôts - Cadastre. Mise à jour : 2012","wall":"no"},"geometry":{"type":"Polygon","coordinates":[[[4.483809,45.807992],[4.483847,45.807967],[4.483883,45.807993],[4.483844,45.808019],[4.483809,45.807992]]]}},{"type":"Feature","properties":{"osm_id":181170808,"building":"yes","source":"cadastre-dgi-fr source : Direction Générale des Impôts - Cadastre. Mise à jour : 2012"},"geometry":{"type":"Polygon","coordinates":[[[4.464757,45.781441],[4.464698,45.781449],[4.464679,45.78138],[4.464737,45.781372],[4.464757,45.781441]]]}},{"type":"Feature","properties":{"osm_id":181170809,"building":"yes","source":"cadastre-dgi-fr source : Direction Générale des Impôts - Cadastre. Mise à jour : 2012"},"geometry":{"type":"Polygon","coordinates":[[[4.482067,45.785767],[4.482057,45.785741],[4.482094,45.785733],[4.482104,45.785759],[4.482067,45.785767]]]}},{"type":"Feature","properties":{"osm_id":181170810,"building":"yes","source":"cadastre-dgi-fr source : Direction Générale des Impôts - Cadastre. Mise à jour : 2012","wall":"no"},"geometry":{"type":"Polygon","coordinates":[[[4.484056,45.808018],[4.484108,45.808057],[4.484038,45.808106],[4.483986,45.808068],[4.484056,45.808018]]]}},{"type":"Feature","properties":{"osm_id":181170815,"building":"yes","source":"cadastre-dgi-fr source : Direction Générale des Impôts - Cadastre. Mise à jour : 2012"},"geometry":{"type":"Polygon","coordinates":[[[4.46878,45.78197],[4.468797,45.781953],[4.468823,45.781967],[4.468819,45.781971],[4.46878,45.78197]]]}},{"type":"Feature","properties":{"osm_id":181170817,"building":"yes","source":"cadastre-dgi-fr source : Direction Générale des Impôts - Cadastre. Mise à jour : 2012","wall":"no"},"geometry":{"type":"Polygon","coordinates":[[[4.4780663,45.810775],[4.4781193,45.81075],[4.4781473,45.810775],[4.4780973,45.810802],[4.4780663,45.810775]]]}},{"type":"Feature","properties":{"osm_id":181170818,"building":"yes","source":"cadastre-dgi-fr source : Direction Générale des Impôts - Cadastre. Mise à jour : 2012"},"geometry":{"type":"Polygon","coordinates":[[[4.483992,45.780352],[4.483983,45.780312],[4.484058,45.7803],[4.484072,45.780343],[4.483992,45.780352]]]}},{"type":"Feature","properties":{"osm_id":181170819,"building":"yes","source":"cadastre-dgi-fr source : Direction Générale des Impôts - Cadastre. Mise à jour : 2012"},"geometry":{"type":"Polygon","coordinates":[[[4.462271,45.777746],[4.462109,45.777498],[4.4624285,45.7773963],[4.4625901,45.7776433],[4.462271,45.777746]]]}},{"type":"Feature","properties":{"osm_id":181170820,"building":"yes","source":"cadastre-dgi-fr source : Direction Générale des Impôts - Cadastre. Mise à jour : 2012"},"geometry":{"type":"Polygon","coordinates":[[[4.472962,45.795491],[4.472948,45.795464],[4.473,45.79546],[4.472991,45.795484],[4.472962,45.795491]]]}},{"type":"Feature","properties":{"osm_id":181170822,"building":"yes","source":"cadastre-dgi-fr source : Direction Générale des Impôts - Cadastre. Mise à jour : 2012"},"geometry":{"type":"Polygon","coordinates":[[[4.479473,45.805865],[4.479443,45.805873],[4.479419,45.805834],[4.47945,45.805825],[4.479473,45.805865]]]}},{"type":"Feature","properties":{"osm_id":181170824,"building":"yes","source":"cadastre-dgi-fr source : Direction Générale des Impôts - Cadastre. Mise à jour : 2012"},"geometry":{"type":"Polygon","coordinates":[[[4.492118,45.787512],[4.492122,45.787556],[4.491971,45.787563],[4.491967,45.787518],[4.492118,45.787512]]]}},{"type":"Feature","properties":{"osm_id":181170826,"building":"yes","source":"cadastre-dgi-fr source : Direction Générale des Impôts - Cadastre. Mise à jour : 2012"},"geometry":{"type":"Polygon","coordinates":[[[4.463498,45.802411],[4.463521,45.802384],[4.463647,45.802425],[4.463628,45.802453],[4.463498,45.802411]]]}},{"type":"Feature","properties":{"osm_id":181170828,"building":"yes","source":"cadastre-dgi-fr source : Direction Générale des Impôts - Cadastre. Mise à jour : 2012"},"geometry":{"type":"Polygon","coordinates":[[[4.475577,45.800474],[4.47559,45.800445],[4.47568,45.800464],[4.475667,45.800493],[4.475577,45.800474]]]}},{"type":"Feature","properties":{"osm_id":181170829,"building":"yes","source":"cadastre-dgi-fr source : Direction Générale des Impôts - Cadastre. Mise à jour : 2012"},"geometry":{"type":"Polygon","coordinates":[[[4.476015,45.790299],[4.476068,45.790304],[4.476062,45.790334],[4.476002,45.790333],[4.476015,45.790299]]]}},{"type":"Feature","properties":{"osm_id":181170831,"building":"yes","source":"cadastre-dgi-fr source : Direction Générale des Impôts - Cadastre. Mise à jour : 2012"},"geometry":{"type":"Polygon","coordinates":[[[4.458284,45.773466],[4.458413,45.773555],[4.458344,45.7736],[4.458214,45.773512],[4.458284,45.773466]]]}},{"type":"Feature","properties":{"osm_id":181170832,"building":"yes","source":"cadastre-dgi-fr source : Direction Générale des Impôts - Cadastre. Mise à jour : 2012","wall":"no"},"geometry":{"type":"Polygon","coordinates":[[[4.484986,45.802612],[4.484972,45.802585],[4.485079,45.802559],[4.485093,45.802587],[4.484986,45.802612]]]}},{"type":"Feature","properties":{"osm_id":181170834,"building":"yes","source":"cadastre-dgi-fr source : Direction Générale des Impôts - Cadastre. Mise à jour : 2012","wall":"no"},"geometry":{"type":"Polygon","coordinates":[[[4.486306,45.802869],[4.486256,45.802876],[4.486248,45.802848],[4.486299,45.802842],[4.486306,45.802869]]]}},{"type":"Feature","properties":{"osm_id":181170836,"building":"yes","source":"cadastre-dgi-fr source : Direction Générale des Impôts - Cadastre. Mise à jour : 2012","wall":"no"},"geometry":{"type":"Polygon","coordinates":[[[4.449504,45.779881],[4.449585,45.779871],[4.449593,45.779904],[4.449512,45.779914],[4.449504,45.779881]]]}},{"type":"Feature","properties":{"osm_id":181170838,"building":"yes","source":"cadastre-dgi-fr source : Direction Générale des Impôts - Cadastre. Mise à jour : 2012"},"geometry":{"type":"Polygon","coordinates":[[[4.458657,45.773452],[4.458543,45.7735],[4.458496,45.773446],[4.458618,45.773397],[4.458657,45.773452]]]}},{"type":"Feature","properties":{"osm_id":181170839,"building":"yes","source":"cadastre-dgi-fr source : Direction Générale des Impôts - Cadastre. Mise à jour : 2012"},"geometry":{"type":"Polygon","coordinates":[[[4.484265,45.807776],[4.484364,45.807799],[4.484316,45.807871],[4.484223,45.807846],[4.484265,45.807776]]]}},{"type":"Feature","properties":{"osm_id":181170842,"building":"yes","source":"cadastre-dgi-fr source : Direction Générale des Impôts - Cadastre. Mise à jour : 2012","wall":"no"},"geometry":{"type":"Polygon","coordinates":[[[4.480546,45.800901],[4.480737,45.800786],[4.480806,45.800861],[4.48062,45.800969],[4.480546,45.800901]]]}},{"type":"Feature","properties":{"osm_id":181170843,"building":"yes","source":"cadastre-dgi-fr source : Direction Générale des Impôts - Cadastre. Mise à jour : 2012"},"geometry":{"type":"Polygon","coordinates":[[[4.46841,45.797961],[4.468334,45.797878],[4.468433,45.797833],[4.468507,45.797915],[4.46841,45.797961]]]}},{"type":"Feature","properties":{"osm_id":181170844,"building":"yes","source":"cadastre-dgi-fr source : Direction Générale des Impôts - Cadastre. Mise à jour : 2012","wall":"no"},"geometry":{"type":"Polygon","coordinates":[[[4.490553,45.786091],[4.490724,45.786072],[4.490741,45.786131],[4.490568,45.78615],[4.490553,45.786091]]]}},{"type":"Feature","properties":{"osm_id":181170846,"building":"yes","source":"cadastre-dgi-fr source : Direction Générale des Impôts - Cadastre. Mise à jour : 2012"},"geometry":{"type":"Polygon","coordinates":[[[4.463335,45.80257],[4.463263,45.802536],[4.463307,45.802491],[4.463378,45.802523],[4.463335,45.80257]]]}},{"type":"Feature","properties":{"osm_id":181170847,"building":"yes","source":"cadastre-dgi-fr source : Direction Générale des Impôts - Cadastre. Mise à jour : 2012","wall":"no"},"geometry":{"type":"Polygon","coordinates":[[[4.465453,45.798389],[4.465465,45.798365],[4.465564,45.798391],[4.465552,45.798414],[4.465453,45.798389]]]}},{"type":"Feature","properties":{"osm_id":181170852,"building":"yes","source":"cadastre-dgi-fr source : Direction Générale des Impôts - Cadastre. Mise à jour : 2012","wall":"no"},"geometry":{"type":"Polygon","coordinates":[[[4.461249,45.777538],[4.461293,45.777577],[4.46126,45.777598],[4.461216,45.777559],[4.461249,45.777538]]]}},{"type":"Feature","properties":{"osm_id":181170853,"building":"yes","source":"cadastre-dgi-fr source : Direction Générale des Impôts - Cadastre. Mise à jour : 2012"},"geometry":{"type":"Polygon","coordinates":[[[4.48368,45.803391],[4.483644,45.803334],[4.483793,45.803291],[4.48383,45.803347],[4.48368,45.803391]]]}},{"type":"Feature","properties":{"osm_id":181170854,"building":"yes","source":"cadastre-dgi-fr source : Direction Générale des Impôts - Cadastre. Mise à jour : 2012","wall":"no"},"geometry":{"type":"Polygon","coordinates":[[[4.464206,45.781409],[4.464089,45.781367],[4.464178,45.781245],[4.464296,45.781287],[4.464206,45.781409]]]}},{"type":"Feature","properties":{"osm_id":181170855,"building":"yes","source":"cadastre-dgi-fr source : Direction Générale des Impôts - Cadastre. Mise à jour : 2012","wall":"no"},"geometry":{"type":"Polygon","coordinates":[[[4.486644,45.786565],[4.486677,45.786521],[4.486795,45.786566],[4.486763,45.786609],[4.486644,45.786565]]]}},{"type":"Feature","properties":{"osm_id":181170856,"building":"yes","source":"cadastre-dgi-fr source : Direction Générale des Impôts - Cadastre. Mise à jour : 2012","wall":"no"},"geometry":{"type":"Polygon","coordinates":[[[4.472483,45.795589],[4.472469,45.795555],[4.472562,45.795538],[4.472576,45.795573],[4.472483,45.795589]]]}},{"type":"Feature","properties":{"osm_id":181170858,"building":"yes","source":"cadastre-dgi-fr source : Direction Générale des Impôts - Cadastre. Mise à jour : 2012"},"geometry":{"type":"Polygon","coordinates":[[[4.47456,45.802619],[4.474566,45.802557],[4.47467,45.802562],[4.474663,45.802624],[4.47456,45.802619]]]}},{"type":"Feature","properties":{"osm_id":181170864,"building":"yes","source":"cadastre-dgi-fr source : Direction Générale des Impôts - Cadastre. Mise à jour : 2012"},"geometry":{"type":"Polygon","coordinates":[[[4.478238,45.794507],[4.478243,45.79465],[4.478152,45.794651],[4.478145,45.794506],[4.478238,45.794507]]]}},{"type":"Feature","properties":{"osm_id":181170865,"building":"yes","source":"cadastre-dgi-fr source : Direction Générale des Impôts - Cadastre. Mise à jour : 2012"},"geometry":{"type":"Polygon","coordinates":[[[4.489159,45.786555],[4.489542,45.786488],[4.489603,45.78665],[4.48922,45.786717],[4.489159,45.786555]]]}},{"type":"Feature","properties":{"osm_id":181170866,"building":"yes","source":"cadastre-dgi-fr source : Direction Générale des Impôts - Cadastre. Mise à jour : 2012"},"geometry":{"type":"Polygon","coordinates":[[[4.460863,45.769683],[4.460833,45.769781],[4.460737,45.769772],[4.460765,45.769669],[4.460863,45.769683]]]}},{"type":"Feature","properties":{"osm_id":181170867,"building":"yes","source":"cadastre-dgi-fr source : Direction Générale des Impôts - Cadastre. Mise à jour : 2012","wall":"no"},"geometry":{"type":"Polygon","coordinates":[[[4.4866,45.802218],[4.486587,45.802186],[4.486662,45.802172],[4.4866628,45.8021741],[4.486674,45.802202],[4.4866,45.802218]]]}},{"type":"Feature","properties":{"osm_id":181170868,"building":"yes","source":"cadastre-dgi-fr source : Direction Générale des Impôts - Cadastre. Mise à jour : 2012"},"geometry":{"type":"Polygon","coordinates":[[[4.486443,45.802872],[4.486447,45.802903],[4.4864,45.802907],[4.486395,45.802877],[4.486443,45.802872]]]}},{"type":"Feature","properties":{"osm_id":181170872,"building":"yes","source":"cadastre-dgi-fr source : Direction Générale des Impôts - Cadastre. Mise à jour : 2012","wall":"no"},"geometry":{"type":"Polygon","coordinates":[[[4.477428,45.801914],[4.477333,45.801876],[4.477375,45.801815],[4.477468,45.801852],[4.477428,45.801914]]]}},{"type":"Feature","properties":{"osm_id":181170874,"building":"yes","source":"cadastre-dgi-fr source : Direction Générale des Impôts - Cadastre. Mise à jour : 2012","wall":"no"},"geometry":{"type":"Polygon","coordinates":[[[4.4865434,45.7935722],[4.486513,45.793544],[4.486788,45.793401],[4.4868178,45.7934288],[4.4865434,45.7935722]]]}},{"type":"Feature","properties":{"osm_id":181170876,"building":"yes","source":"cadastre-dgi-fr source : Direction Générale des Impôts - Cadastre. Mise à jour : 2012","wall":"no"},"geometry":{"type":"Polygon","coordinates":[[[4.456915,45.768905],[4.456946,45.768865],[4.456998,45.768887],[4.456978,45.768912],[4.456915,45.768905]]]}},{"type":"Feature","properties":{"osm_id":181170877,"building":"yes","source":"cadastre-dgi-fr source : Direction Générale des Impôts - Cadastre. Mise à jour : 2012","wall":"no"},"geometry":{"type":"Polygon","coordinates":[[[4.476276,45.81001],[4.476314,45.810004],[4.476326,45.810036],[4.476289,45.810043],[4.476276,45.81001]]]}},{"type":"Feature","properties":{"osm_id":181170878,"building":"yes","source":"cadastre-dgi-fr source : Direction Générale des Impôts - Cadastre. Mise à jour : 2012","wall":"no"},"geometry":{"type":"Polygon","coordinates":[[[4.454266,45.778124],[4.454247,45.778193],[4.454193,45.778188],[4.454212,45.778117],[4.454266,45.778124]]]}},{"type":"Feature","properties":{"osm_id":181170879,"building":"yes","source":"cadastre-dgi-fr source : Direction Générale des Impôts - Cadastre. Mise à jour : 2012"},"geometry":{"type":"Polygon","coordinates":[[[4.479837,45.783435],[4.479863,45.78342],[4.479905,45.783462],[4.479879,45.783476],[4.479837,45.783435]]]}},{"type":"Feature","properties":{"osm_id":181170881,"building":"yes","source":"cadastre-dgi-fr source : Direction Générale des Impôts - Cadastre. Mise à jour : 2012"},"geometry":{"type":"Polygon","coordinates":[[[4.469414,45.801408],[4.469419,45.801487],[4.469329,45.801498],[4.469313,45.80142],[4.469414,45.801408]]]}},{"type":"Feature","properties":{"osm_id":181170884,"building":"yes","source":"cadastre-dgi-fr source : Direction Générale des Impôts - Cadastre. Mise à jour : 2012"},"geometry":{"type":"Polygon","coordinates":[[[4.490917,45.805913],[4.490946,45.805908],[4.490949,45.805915],[4.4909193,45.805921],[4.490917,45.805913]]]}},{"type":"Feature","properties":{"osm_id":181170886,"building":"yes","source":"cadastre-dgi-fr source : Direction Générale des Impôts - Cadastre. Mise à jour : 2012"},"geometry":{"type":"Polygon","coordinates":[[[4.480478,45.785538],[4.480405,45.785497],[4.480452,45.785456],[4.480524,45.7855],[4.480478,45.785538]]]}},{"type":"Feature","properties":{"osm_id":181170887,"building":"yes","source":"cadastre-dgi-fr source : Direction Générale des Impôts - Cadastre. Mise à jour : 2012","wall":"no"},"geometry":{"type":"Polygon","coordinates":[[[4.477528,45.801768],[4.477555,45.801731],[4.477616,45.801755],[4.477591,45.80179],[4.477528,45.801768]]]}},{"type":"Feature","properties":{"osm_id":181170889,"building":"yes","source":"cadastre-dgi-fr source : Direction Générale des Impôts - Cadastre. Mise à jour : 2012"},"geometry":{"type":"Polygon","coordinates":[[[4.474397,45.80261],[4.474404,45.802548],[4.474507,45.802554],[4.4745,45.802615],[4.474397,45.80261]]]}},{"type":"Feature","properties":{"osm_id":181170890,"building":"yes","source":"cadastre-dgi-fr source : Direction Générale des Impôts - Cadastre. Mise à jour : 2012","wall":"no"},"geometry":{"type":"Polygon","coordinates":[[[4.477203,45.781301],[4.477192,45.781255],[4.477242,45.781249],[4.477253,45.781294],[4.477203,45.781301]]]}},{"type":"Feature","properties":{"osm_id":181170891,"building":"yes","source":"cadastre-dgi-fr source : Direction Générale des Impôts - Cadastre. Mise à jour : 2012","wall":"no"},"geometry":{"type":"Polygon","coordinates":[[[4.483978,45.801937],[4.484057,45.801923],[4.484074,45.801945],[4.484002,45.801972],[4.483978,45.801937]]]}},{"type":"Feature","properties":{"osm_id":181170893,"building":"yes","source":"cadastre-dgi-fr source : Direction Générale des Impôts - Cadastre. Mise à jour : 2012","wall":"no"},"geometry":{"type":"Polygon","coordinates":[[[4.480767,45.793504],[4.480753,45.793475],[4.4808,45.793464],[4.480814,45.793493],[4.480767,45.793504]]]}},{"type":"Feature","properties":{"osm_id":181170895,"building":"yes","source":"cadastre-dgi-fr source : Direction Générale des Impôts - Cadastre. Mise à jour : 2012","wall":"no"},"geometry":{"type":"Polygon","coordinates":[[[4.474389,45.798601],[4.474437,45.798588],[4.474465,45.798644],[4.474414,45.798653],[4.474389,45.798601]]]}},{"type":"Feature","properties":{"osm_id":181170897,"building":"yes","source":"cadastre-dgi-fr source : Direction Générale des Impôts - Cadastre. Mise à jour : 2012"},"geometry":{"type":"Polygon","coordinates":[[[4.479335,45.793802],[4.479366,45.793892],[4.479252,45.793913],[4.479219,45.793824],[4.479335,45.793802]]]}},{"type":"Feature","properties":{"osm_id":181170900,"building":"yes","source":"cadastre-dgi-fr source : Direction Générale des Impôts - Cadastre. Mise à jour : 2012","wall":"no"},"geometry":{"type":"Polygon","coordinates":[[[4.453987,45.77814],[4.453856,45.778082],[4.453883,45.778038],[4.454027,45.77808],[4.453987,45.77814]]]}},{"type":"Feature","properties":{"osm_id":181170901,"building":"yes","source":"cadastre-dgi-fr source : Direction Générale des Impôts - Cadastre. Mise à jour : 2012"},"geometry":{"type":"Polygon","coordinates":[[[4.480275,45.791612],[4.480253,45.791608],[4.480265,45.791565],[4.480288,45.791569],[4.480275,45.791612]]]}},{"type":"Feature","properties":{"osm_id":181170903,"building":"yes","source":"cadastre-dgi-fr source : Direction Générale des Impôts - Cadastre. Mise à jour : 2012"},"geometry":{"type":"Polygon","coordinates":[[[4.476515,45.811421],[4.476498,45.811392],[4.476539,45.811379],[4.476557,45.811408],[4.476515,45.811421]]]}},{"type":"Feature","properties":{"osm_id":181170905,"building":"yes","source":"cadastre-dgi-fr source : Direction Générale des Impôts - Cadastre. Mise à jour : 2012"},"geometry":{"type":"Polygon","coordinates":[[[4.474338,45.798711],[4.47427,45.798729],[4.474231,45.798665],[4.474304,45.798645],[4.474338,45.798711]]]}},{"type":"Feature","properties":{"osm_id":181170910,"building":"yes","source":"cadastre-dgi-fr source : Direction Générale des Impôts - Cadastre. Mise à jour : 2012","wall":"no"},"geometry":{"type":"Polygon","coordinates":[[[4.488254,45.802017],[4.488225,45.802023],[4.488202,45.801979],[4.48823,45.801972],[4.488254,45.802017]]]}},{"type":"Feature","properties":{"osm_id":181170911,"building":"yes","source":"cadastre-dgi-fr source : Direction Générale des Impôts - Cadastre. Mise à jour : 2012"},"geometry":{"type":"Polygon","coordinates":[[[4.495868,45.789063],[4.495808,45.789107],[4.495771,45.789079],[4.495834,45.789036],[4.495868,45.789063]]]}},{"type":"Feature","properties":{"osm_id":181170912,"building":"yes","source":"cadastre-dgi-fr source : Direction Générale des Impôts - Cadastre. Mise à jour : 2012","wall":"no"},"geometry":{"type":"Polygon","coordinates":[[[4.472952,45.777141],[4.472978,45.777072],[4.473,45.777076],[4.472974,45.777145],[4.472952,45.777141]]]}},{"type":"Feature","properties":{"osm_id":181170913,"building":"yes","source":"cadastre-dgi-fr source : Direction Générale des Impôts - Cadastre. Mise à jour : 2012"},"geometry":{"type":"Polygon","coordinates":[[[4.460925,45.769538],[4.460896,45.769634],[4.460827,45.769625],[4.460852,45.769531],[4.460925,45.769538]]]}},{"type":"Feature","properties":{"osm_id":181170914,"building":"yes","source":"cadastre-dgi-fr source : Direction Générale des Impôts - Cadastre. Mise à jour : 2012","wall":"no"},"geometry":{"type":"Polygon","coordinates":[[[4.486208,45.793994],[4.486238,45.793976],[4.486286,45.79401],[4.486257,45.794028],[4.486208,45.793994]]]}},{"type":"Feature","properties":{"osm_id":181170918,"building":"yes","source":"cadastre-dgi-fr source : Direction Générale des Impôts - Cadastre. Mise à jour : 2012","wall":"no"},"geometry":{"type":"Polygon","coordinates":[[[4.480205,45.791296],[4.480254,45.79129],[4.480257,45.791329],[4.48021,45.791333],[4.480205,45.791296]]]}},{"type":"Feature","properties":{"osm_id":181170920,"building":"yes","source":"cadastre-dgi-fr source : Direction Générale des Impôts - Cadastre. Mise à jour : 2012"},"geometry":{"type":"Polygon","coordinates":[[[4.479786,45.783553],[4.479774,45.783488],[4.479815,45.783485],[4.479825,45.78355],[4.479786,45.783553]]]}},{"type":"Feature","properties":{"osm_id":181170922,"building":"yes","source":"cadastre-dgi-fr source : Direction Générale des Impôts - Cadastre. Mise à jour : 2012","wall":"no"},"geometry":{"type":"Polygon","coordinates":[[[4.473047,45.777973],[4.473085,45.777918],[4.473128,45.777928],[4.473089,45.777987],[4.473047,45.777973]]]}},{"type":"Feature","properties":{"osm_id":181170923,"building":"yes","source":"cadastre-dgi-fr source : Direction Générale des Impôts - Cadastre. Mise à jour : 2012","wall":"no"},"geometry":{"type":"Polygon","coordinates":[[[4.490024,45.803098],[4.489993,45.803043],[4.490061,45.803026],[4.4900988,45.8030721],[4.490102,45.803076],[4.490024,45.803098]]]}},{"type":"Feature","properties":{"osm_id":181170924,"building":"yes","source":"cadastre-dgi-fr source : Direction Générale des Impôts - Cadastre. Mise à jour : 2012"},"geometry":{"type":"Polygon","coordinates":[[[4.449593,45.779904],[4.449585,45.779871],[4.449636,45.779864],[4.449643,45.779898],[4.449593,45.779904]]]}},{"type":"Feature","properties":{"osm_id":181170925,"building":"yes","source":"cadastre-dgi-fr source : Direction Générale des Impôts - Cadastre. Mise à jour : 2012","wall":"no"},"geometry":{"type":"Polygon","coordinates":[[[4.466185,45.773738],[4.4660899,45.7737506],[4.466087,45.773739],[4.466181,45.773726],[4.466185,45.773738]]]}},{"type":"Feature","properties":{"osm_id":181170927,"building":"yes","source":"cadastre-dgi-fr source : Direction Générale des Impôts - Cadastre. Mise à jour : 2012"},"geometry":{"type":"Polygon","coordinates":[[[4.461143,45.777497],[4.461062,45.77743],[4.461157,45.777371],[4.461244,45.777435],[4.461143,45.777497]]]}},{"type":"Feature","properties":{"osm_id":181170928,"building":"yes","source":"cadastre-dgi-fr source : Direction Générale des Impôts - Cadastre. Mise à jour : 2012"},"geometry":{"type":"Polygon","coordinates":[[[4.47489,45.795233],[4.4749,45.795297],[4.474861,45.795295],[4.47485,45.795236],[4.47489,45.795233]]]}},{"type":"Feature","properties":{"osm_id":181170930,"building":"yes","source":"cadastre-dgi-fr source : Direction Générale des Impôts - Cadastre. Mise à jour : 2012","wall":"no"},"geometry":{"type":"Polygon","coordinates":[[[4.466626,45.798203],[4.466646,45.7981361],[4.46667,45.79814],[4.46665,45.798206],[4.466626,45.798203]]]}},{"type":"Feature","properties":{"osm_id":181170932,"building":"yes","source":"cadastre-dgi-fr source : Direction Générale des Impôts - Cadastre. Mise à jour : 2012"},"geometry":{"type":"Polygon","coordinates":[[[4.475512,45.776449],[4.475484,45.776427],[4.475554,45.776412],[4.475565,45.776437],[4.475512,45.776449]]]}},{"type":"Feature","properties":{"osm_id":181170933,"building":"yes","source":"cadastre-dgi-fr source : Direction Générale des Impôts - Cadastre. Mise à jour : 2012","wall":"no"},"geometry":{"type":"Polygon","coordinates":[[[4.486853,45.778248],[4.486831,45.7783],[4.486758,45.778288],[4.48678,45.778234],[4.486853,45.778248]]]}},{"type":"Feature","properties":{"osm_id":181170936,"building":"yes","source":"cadastre-dgi-fr source : Direction Générale des Impôts - Cadastre. Mise à jour : 2012","wall":"no"},"geometry":{"type":"Polygon","coordinates":[[[4.461255,45.777326],[4.461352,45.777399],[4.461303,45.777431],[4.461206,45.777359],[4.461255,45.777326]]]}},{"type":"Feature","properties":{"osm_id":181170937,"building":"yes","source":"cadastre-dgi-fr source : Direction Générale des Impôts - Cadastre. Mise à jour : 2012"},"geometry":{"type":"Polygon","coordinates":[[[4.466567,45.77365],[4.466622,45.77362],[4.466659,45.773734],[4.466599,45.77375],[4.466567,45.77365]]]}},{"type":"Feature","properties":{"osm_id":181170938,"building":"yes","source":"cadastre-dgi-fr source : Direction Générale des Impôts - Cadastre. Mise à jour : 2012","wall":"no"},"geometry":{"type":"Polygon","coordinates":[[[4.476631,45.811469],[4.476656,45.811501],[4.476596,45.811521],[4.476569,45.811491],[4.476631,45.811469]]]}},{"type":"Feature","properties":{"osm_id":181170939,"building":"yes","source":"cadastre-dgi-fr source : Direction Générale des Impôts - Cadastre. Mise à jour : 2012"},"geometry":{"type":"Polygon","coordinates":[[[4.4820487,45.8080942],[4.4820107,45.8080612],[4.4820439,45.8080401],[4.48208,45.8080727],[4.4820487,45.8080942]]]}},{"type":"Feature","properties":{"osm_id":181170941,"building":"yes","source":"cadastre-dgi-fr source : Direction Générale des Impôts - Cadastre. Mise à jour : 2012"},"geometry":{"type":"Polygon","coordinates":[[[4.476445,45.811387],[4.476409,45.811367],[4.476446,45.81134],[4.476482,45.811364],[4.476445,45.811387]]]}},{"type":"Feature","properties":{"osm_id":181170945,"building":"yes","source":"cadastre-dgi-fr source : Direction Générale des Impôts - Cadastre. Mise à jour : 2012"},"geometry":{"type":"Polygon","coordinates":[[[4.495392,45.786758],[4.495378,45.786695],[4.495495,45.786662],[4.495528,45.78672],[4.495392,45.786758]]]}},{"type":"Feature","properties":{"osm_id":181170946,"building":"yes","source":"cadastre-dgi-fr source : Direction Générale des Impôts - Cadastre. Mise à jour : 2012"},"geometry":{"type":"Polygon","coordinates":[[[4.47597,45.778436],[4.475901,45.77847],[4.475817,45.778378],[4.475888,45.778345],[4.47597,45.778436]]]}},{"type":"Feature","properties":{"osm_id":181170947,"building":"yes","source":"cadastre-dgi-fr source : Direction Générale des Impôts - Cadastre. Mise à jour : 2012"},"geometry":{"type":"Polygon","coordinates":[[[4.459056,45.773376],[4.459044,45.773349],[4.459116,45.773334],[4.459142,45.773364],[4.459056,45.773376]]]}},{"type":"Feature","properties":{"osm_id":181170948,"building":"yes","source":"cadastre-dgi-fr source : Direction Générale des Impôts - Cadastre. Mise à jour : 2012","wall":"no"},"geometry":{"type":"Polygon","coordinates":[[[4.484457,45.802651],[4.484535,45.802714],[4.484491,45.80274],[4.484413,45.802678],[4.484457,45.802651]]]}},{"type":"Feature","properties":{"osm_id":181170949,"building":"yes","source":"cadastre-dgi-fr source : Direction Générale des Impôts - Cadastre. Mise à jour : 2012","wall":"no"},"geometry":{"type":"Polygon","coordinates":[[[4.475319,45.810094],[4.475357,45.810087],[4.47537,45.810121],[4.475332,45.810128],[4.475319,45.810094]]]}},{"type":"Feature","properties":{"osm_id":181170951,"building":"yes","source":"cadastre-dgi-fr source : Direction Générale des Impôts - Cadastre. Mise à jour : 2012","wall":"no"},"geometry":{"type":"Polygon","coordinates":[[[4.492073,45.787386],[4.492076,45.787424],[4.492038,45.787424],[4.492037,45.787386],[4.492073,45.787386]]]}},{"type":"Feature","properties":{"osm_id":181170956,"building":"yes","source":"cadastre-dgi-fr source : Direction Générale des Impôts - Cadastre. Mise à jour : 2012","wall":"no"},"geometry":{"type":"Polygon","coordinates":[[[4.460266,45.804036],[4.460313,45.804002],[4.46038,45.804064],[4.460331,45.804092],[4.460266,45.804036]]]}},{"type":"Feature","properties":{"osm_id":181170957,"building":"yes","source":"cadastre-dgi-fr source : Direction Générale des Impôts - Cadastre. Mise à jour : 2012","wall":"no"},"geometry":{"type":"Polygon","coordinates":[[[4.486336,45.802769],[4.486375,45.802764],[4.48638,45.802783],[4.486341,45.802789],[4.486336,45.802769]]]}},{"type":"Feature","properties":{"osm_id":181170958,"building":"yes","source":"cadastre-dgi-fr source : Direction Générale des Impôts - Cadastre. Mise à jour : 2012","wall":"no"},"geometry":{"type":"Polygon","coordinates":[[[4.470565,45.801279],[4.470586,45.801284],[4.47056,45.801334],[4.470538,45.801329],[4.470565,45.801279]]]}},{"type":"Feature","properties":{"osm_id":181170959,"building":"yes","source":"cadastre-dgi-fr source : Direction Générale des Impôts - Cadastre. Mise à jour : 2012"},"geometry":{"type":"Polygon","coordinates":[[[4.476206,45.779401],[4.476172,45.779386],[4.476206,45.779358],[4.476241,45.779375],[4.476206,45.779401]]]}},{"type":"Feature","properties":{"osm_id":181170960,"building":"yes","source":"cadastre-dgi-fr source : Direction Générale des Impôts - Cadastre. Mise à jour : 2012"},"geometry":{"type":"Polygon","coordinates":[[[4.472583,45.805362],[4.472551,45.805321],[4.472596,45.805304],[4.472628,45.805345],[4.472583,45.805362]]]}},{"type":"Feature","properties":{"osm_id":181170966,"building":"yes","source":"cadastre-dgi-fr source : Direction Générale des Impôts - Cadastre. Mise à jour : 2012"},"geometry":{"type":"Polygon","coordinates":[[[4.471728,45.780931],[4.471732,45.780912],[4.471758,45.780913],[4.471755,45.780932],[4.471728,45.780931]]]}},{"type":"Feature","properties":{"osm_id":181170969,"building":"yes","source":"cadastre-dgi-fr source : Direction Générale des Impôts - Cadastre. Mise à jour : 2012"},"geometry":{"type":"Polygon","coordinates":[[[4.476693,45.796489],[4.476749,45.796438],[4.476839,45.79649],[4.476775,45.796541],[4.476693,45.796489]]]}},{"type":"Feature","properties":{"osm_id":181170970,"building":"yes","source":"cadastre-dgi-fr source : Direction Générale des Impôts - Cadastre. Mise à jour : 2012","wall":"no"},"geometry":{"type":"Polygon","coordinates":[[[4.480169,45.782648],[4.480104,45.782608],[4.480135,45.782585],[4.480204,45.782626],[4.480169,45.782648]]]}},{"type":"Feature","properties":{"osm_id":181170971,"building":"yes","source":"cadastre-dgi-fr source : Direction Générale des Impôts - Cadastre. Mise à jour : 2012"},"geometry":{"type":"Polygon","coordinates":[[[4.483736,45.803223],[4.483711,45.803183],[4.483783,45.803161],[4.483807,45.803201],[4.483736,45.803223]]]}},{"type":"Feature","properties":{"osm_id":181170973,"building":"yes","source":"cadastre-dgi-fr source : Direction Générale des Impôts - Cadastre. Mise à jour : 2012","wall":"no"},"geometry":{"type":"Polygon","coordinates":[[[4.464893,45.798913],[4.46489,45.79895],[4.464802,45.79895],[4.464808,45.798911],[4.464893,45.798913]]]}},{"type":"Feature","properties":{"osm_id":181170977,"building":"yes","source":"cadastre-dgi-fr source : Direction Générale des Impôts - Cadastre. Mise à jour : 2012"},"geometry":{"type":"Polygon","coordinates":[[[4.490602,45.785982],[4.490596,45.785961],[4.490642,45.785956],[4.490647,45.785978],[4.490602,45.785982]]]}},{"type":"Feature","properties":{"osm_id":181170978,"building":"yes","source":"cadastre-dgi-fr source : Direction Générale des Impôts - Cadastre. Mise à jour : 2012","wall":"no"},"geometry":{"type":"Polygon","coordinates":[[[4.460157,45.804092],[4.46023,45.804074],[4.460303,45.804137],[4.460246,45.804169],[4.460157,45.804092]]]}},{"type":"Feature","properties":{"osm_id":181170980,"building":"yes","source":"cadastre-dgi-fr source : Direction Générale des Impôts - Cadastre. Mise à jour : 2012","wall":"no"},"geometry":{"type":"Polygon","coordinates":[[[4.472488,45.781182],[4.472421,45.78123],[4.472384,45.781204],[4.472449,45.781157],[4.472488,45.781182]]]}},{"type":"Feature","properties":{"osm_id":181170982,"building":"yes","source":"cadastre-dgi-fr source : Direction Générale des Impôts - Cadastre. Mise à jour : 2012","wall":"no"},"geometry":{"type":"Polygon","coordinates":[[[4.491873,45.782121],[4.491826,45.782134],[4.491813,45.782112],[4.491851,45.782104],[4.491873,45.782121]]]}},{"type":"Feature","properties":{"osm_id":181170985,"building":"yes","source":"cadastre-dgi-fr source : Direction Générale des Impôts - Cadastre. Mise à jour : 2012","wall":"no"},"geometry":{"type":"Polygon","coordinates":[[[4.476134,45.811564],[4.4762371,45.8116098],[4.476216,45.811633],[4.476113,45.811586],[4.476134,45.811564]]]}},{"type":"Feature","properties":{"osm_id":181170987,"building":"yes","source":"cadastre-dgi-fr source : Direction Générale des Impôts - Cadastre. Mise à jour : 2012","wall":"no"},"geometry":{"type":"Polygon","coordinates":[[[4.476331,45.811566],[4.476312,45.811579],[4.476266,45.811541],[4.476284,45.811528],[4.476331,45.811566]]]}},{"type":"Feature","properties":{"osm_id":181170990,"building":"yes","source":"cadastre-dgi-fr source : Direction Générale des Impôts - Cadastre. Mise à jour : 2012","wall":"no"},"geometry":{"type":"Polygon","coordinates":[[[4.480479,45.800836],[4.480409,45.800766],[4.480523,45.800704],[4.480588,45.800773],[4.480479,45.800836]]]}},{"type":"Feature","properties":{"osm_id":181170991,"building":"yes","source":"cadastre-dgi-fr source : Direction Générale des Impôts - Cadastre. Mise à jour : 2012"},"geometry":{"type":"Polygon","coordinates":[[[4.474465,45.798644],[4.474501,45.798635],[4.474517,45.798675],[4.474475,45.798667],[4.474465,45.798644]]]}},{"type":"Feature","properties":{"osm_id":181170992,"building":"yes","source":"cadastre-dgi-fr source : Direction Générale des Impôts - Cadastre. Mise à jour : 2012"},"geometry":{"type":"Polygon","coordinates":[[[4.467097,45.801888],[4.466946,45.801868],[4.466965,45.801767],[4.46713,45.801787],[4.467097,45.801888]]]}},{"type":"Feature","properties":{"osm_id":181170995,"building":"yes","source":"cadastre-dgi-fr source : Direction Générale des Impôts - Cadastre. Mise à jour : 2012","wall":"no"},"geometry":{"type":"Polygon","coordinates":[[[4.47559,45.800445],[4.475609,45.800399],[4.4757,45.800419],[4.47568,45.800464],[4.47559,45.800445]]]}},{"type":"Feature","properties":{"osm_id":181170997,"building":"yes","source":"cadastre-dgi-fr source : Direction Générale des Impôts - Cadastre. Mise à jour : 2012","wall":"no"},"geometry":{"type":"Polygon","coordinates":[[[4.487919,45.802397],[4.487907,45.802424],[4.487852,45.802434],[4.487865,45.802404],[4.487919,45.802397]]]}},{"type":"Feature","properties":{"osm_id":181171003,"building":"yes","source":"cadastre-dgi-fr source : Direction Générale des Impôts - Cadastre. Mise à jour : 2012"},"geometry":{"type":"Polygon","coordinates":[[[4.454295,45.778028],[4.454282,45.778063],[4.45424,45.778047],[4.454258,45.778016],[4.454295,45.778028]]]}},{"type":"Feature","properties":{"osm_id":181171004,"building":"yes","source":"cadastre-dgi-fr source : Direction Générale des Impôts - Cadastre. Mise à jour : 2012","wall":"no"},"geometry":{"type":"Polygon","coordinates":[[[4.460873,45.769446],[4.460878,45.76941],[4.460915,45.769412],[4.460911,45.769448],[4.460873,45.769446]]]}},{"type":"Feature","properties":{"osm_id":181171006,"building":"yes","source":"cadastre-dgi-fr source : Direction Générale des Impôts - Cadastre. Mise à jour : 2012","wall":"no"},"geometry":{"type":"Polygon","coordinates":[[[4.485399,45.802527],[4.485394,45.802505],[4.485431,45.8025],[4.485435,45.802523],[4.485399,45.802527]]]}},{"type":"Feature","properties":{"osm_id":181171007,"building":"yes","source":"cadastre-dgi-fr source : Direction Générale des Impôts - Cadastre. Mise à jour : 2012"},"geometry":{"type":"Polygon","coordinates":[[[4.4705854,45.7804807],[4.470567,45.7803832],[4.4706532,45.7803766],[4.4706708,45.7804731],[4.4705854,45.7804807]]]}},{"type":"Feature","properties":{"osm_id":181171008,"building":"yes","source":"cadastre-dgi-fr source : Direction Générale des Impôts - Cadastre. Mise à jour : 2012","wall":"no"},"geometry":{"type":"Polygon","coordinates":[[[4.477212,45.781614],[4.477213,45.781504],[4.477253,45.781505],[4.477252,45.781614],[4.477212,45.781614]]]}},{"type":"Feature","properties":{"osm_id":181171014,"building":"yes","source":"cadastre-dgi-fr source : Direction Générale des Impôts - Cadastre. Mise à jour : 2012","wall":"no"},"geometry":{"type":"Polygon","coordinates":[[[4.486235,45.802803],[4.48623,45.802783],[4.486285,45.802776],[4.48629,45.802795],[4.486235,45.802803]]]}},{"type":"Feature","properties":{"osm_id":181171015,"building":"yes","source":"cadastre-dgi-fr source : Direction Générale des Impôts - Cadastre. Mise à jour : 2012","wall":"no"},"geometry":{"type":"Polygon","coordinates":[[[4.47746,45.781409],[4.477496,45.781399],[4.477507,45.781418],[4.477472,45.781428],[4.47746,45.781409]]]}},{"type":"Feature","properties":{"osm_id":181171016,"building":"yes","source":"cadastre-dgi-fr source : Direction Générale des Impôts - Cadastre. Mise à jour : 2012"},"geometry":{"type":"Polygon","coordinates":[[[4.490403,45.803128],[4.490324,45.803044],[4.490408,45.803006],[4.490485,45.803093],[4.490403,45.803128]]]}},{"type":"Feature","properties":{"osm_id":181171017,"building":"yes","source":"cadastre-dgi-fr source : Direction Générale des Impôts - Cadastre. Mise à jour : 2012","wall":"no"},"geometry":{"type":"Polygon","coordinates":[[[4.470207,45.782133],[4.470151,45.782152],[4.470135,45.78213],[4.4701901,45.78211],[4.470207,45.782133]]]}},{"type":"Feature","properties":{"osm_id":181171018,"building":"yes","source":"cadastre-dgi-fr source : Direction Générale des Impôts - Cadastre. Mise à jour : 2012","wall":"no"},"geometry":{"type":"Polygon","coordinates":[[[4.458674,45.773475],[4.45857,45.773529],[4.458543,45.7735],[4.458657,45.773452],[4.458674,45.773475]]]}},{"type":"Feature","properties":{"osm_id":181171023,"building":"yes","source":"cadastre-dgi-fr source : Direction Générale des Impôts - Cadastre. Mise à jour : 2012","wall":"no"},"geometry":{"type":"Polygon","coordinates":[[[4.460515,45.804107],[4.46048,45.80407],[4.460522,45.804035],[4.460563,45.804064],[4.460515,45.804107]]]}},{"type":"Feature","properties":{"osm_id":181171025,"building":"yes","source":"cadastre-dgi-fr source : Direction Générale des Impôts - Cadastre. Mise à jour : 2012"},"geometry":{"type":"Polygon","coordinates":[[[4.480269,45.791636],[4.480252,45.791693],[4.480078,45.791679],[4.480085,45.791611],[4.480269,45.791636]]]}},{"type":"Feature","properties":{"osm_id":181171027,"building":"yes","source":"cadastre-dgi-fr source : Direction Générale des Impôts - Cadastre. Mise à jour : 2012","wall":"no"},"geometry":{"type":"Polygon","coordinates":[[[4.475417,45.810036],[4.475359,45.810045],[4.475351,45.810023],[4.475409,45.810013],[4.475417,45.810036]]]}},{"type":"Feature","properties":{"osm_id":181171028,"building":"yes","source":"cadastre-dgi-fr source : Direction Générale des Impôts - Cadastre. Mise à jour : 2012"},"geometry":{"type":"Polygon","coordinates":[[[4.464369,45.802008],[4.464449,45.801889],[4.464534,45.801922],[4.464457,45.802038],[4.464369,45.802008]]]}},{"type":"Feature","properties":{"osm_id":181171029,"building":"yes","source":"cadastre-dgi-fr source : Direction Générale des Impôts - Cadastre. Mise à jour : 2012","wall":"no"},"geometry":{"type":"Polygon","coordinates":[[[4.483753,45.780427],[4.483789,45.780432],[4.483776,45.780477],[4.483742,45.780473],[4.483753,45.780427]]]}},{"type":"Feature","properties":{"osm_id":181171031,"building":"yes","source":"cadastre-dgi-fr source : Direction Générale des Impôts - Cadastre. Mise à jour : 2012"},"geometry":{"type":"Polygon","coordinates":[[[4.471859,45.804169],[4.471918,45.804142],[4.471965,45.80418],[4.471911,45.804221],[4.471859,45.804169]]]}},{"type":"Feature","properties":{"osm_id":181171032,"building":"yes","source":"cadastre-dgi-fr source : Direction Générale des Impôts - Cadastre. Mise à jour : 2012","wall":"no"},"geometry":{"type":"Polygon","coordinates":[[[4.46081,45.769443],[4.460813,45.769406],[4.460878,45.76941],[4.460873,45.769446],[4.46081,45.769443]]]}},{"type":"Feature","properties":{"osm_id":181171034,"building":"yes","source":"cadastre-dgi-fr source : Direction Générale des Impôts - Cadastre. Mise à jour : 2012"},"geometry":{"type":"Polygon","coordinates":[[[4.473997,45.798842],[4.474,45.79877],[4.474141,45.798782],[4.474136,45.798854],[4.473997,45.798842]]]}},{"type":"Feature","properties":{"osm_id":181171036,"building":"yes","source":"cadastre-dgi-fr source : Direction Générale des Impôts - Cadastre. Mise à jour : 2012","wall":"no"},"geometry":{"type":"Polygon","coordinates":[[[4.485812,45.786217],[4.485779,45.786241],[4.485758,45.78623],[4.485787,45.786204],[4.485812,45.786217]]]}},{"type":"Feature","properties":{"osm_id":181171037,"building":"yes","source":"cadastre-dgi-fr source : Direction Générale des Impôts - Cadastre. Mise à jour : 2012"},"geometry":{"type":"Polygon","coordinates":[[[4.4824031,45.8079646],[4.4823251,45.8079946],[4.4822781,45.8079386],[4.4823601,45.8079086],[4.4824031,45.8079646]]]}},{"type":"Feature","properties":{"osm_id":181171040,"building":"yes","source":"cadastre-dgi-fr source : Direction Générale des Impôts - Cadastre. Mise à jour : 2012","wall":"no"},"geometry":{"type":"Polygon","coordinates":[[[4.476263,45.790483],[4.4763483,45.7904353],[4.476385,45.790469],[4.476295,45.79052],[4.476263,45.790483]]]}},{"type":"Feature","properties":{"osm_id":181171041,"building":"yes","source":"cadastre-dgi-fr source : Direction Générale des Impôts - Cadastre. Mise à jour : 2012","wall":"no"},"geometry":{"type":"Polygon","coordinates":[[[4.466287,45.798031],[4.466279,45.798053],[4.466213,45.798045],[4.46623,45.798024],[4.466287,45.798031]]]}},{"type":"Feature","properties":{"osm_id":181171042,"building":"yes","source":"cadastre-dgi-fr source : Direction Générale des Impôts - Cadastre. Mise à jour : 2012"},"geometry":{"type":"Polygon","coordinates":[[[4.472804,45.795779],[4.472753,45.795795],[4.47272,45.79575],[4.472773,45.795732],[4.472804,45.795779]]]}},{"type":"Feature","properties":{"osm_id":181171043,"building":"yes","source":"cadastre-dgi-fr source : Direction Générale des Impôts - Cadastre. Mise à jour : 2012","wall":"no"},"geometry":{"type":"Polygon","coordinates":[[[4.475335,45.809983],[4.475344,45.810009],[4.475237,45.810029],[4.475225,45.810003],[4.475335,45.809983]]]}},{"type":"Feature","properties":{"osm_id":181171044,"building":"yes","source":"cadastre-dgi-fr source : Direction Générale des Impôts - Cadastre. Mise à jour : 2012","wall":"no"},"geometry":{"type":"Polygon","coordinates":[[[4.483859,45.780412],[4.483869,45.78037],[4.483903,45.780374],[4.483891,45.780416],[4.483859,45.780412]]]}},{"type":"Feature","properties":{"osm_id":181171052,"building":"yes","source":"cadastre-dgi-fr source : Direction Générale des Impôts - Cadastre. Mise à jour : 2012","wall":"no"},"geometry":{"type":"Polygon","coordinates":[[[4.470248,45.774876],[4.470205,45.774909],[4.470153,45.774894],[4.47017,45.774858],[4.470248,45.774876]]]}},{"type":"Feature","properties":{"osm_id":181171053,"building":"yes","source":"cadastre-dgi-fr source : Direction Générale des Impôts - Cadastre. Mise à jour : 2012","wall":"no"},"geometry":{"type":"Polygon","coordinates":[[[4.468282,45.798388],[4.468239,45.798338],[4.46835,45.798286],[4.468402,45.798332],[4.468282,45.798388]]]}},{"type":"Feature","properties":{"osm_id":181171054,"building":"yes","source":"cadastre-dgi-fr source : Direction Générale des Impôts - Cadastre. Mise à jour : 2012","wall":"no"},"geometry":{"type":"Polygon","coordinates":[[[4.49925,45.790384],[4.499309,45.790387],[4.499307,45.790421],[4.499247,45.79042],[4.49925,45.790384]]]}},{"type":"Feature","properties":{"osm_id":181171055,"building":"yes","source":"cadastre-dgi-fr source : Direction Générale des Impôts - Cadastre. Mise à jour : 2012","wall":"no"},"geometry":{"type":"Polygon","coordinates":[[[4.473811,45.800618],[4.473743,45.800632],[4.473735,45.800605],[4.473802,45.800592],[4.473811,45.800618]]]}},{"type":"Feature","properties":{"osm_id":181171056,"building":"yes","source":"cadastre-dgi-fr source : Direction Générale des Impôts - Cadastre. Mise à jour : 2012","wall":"no"},"geometry":{"type":"Polygon","coordinates":[[[4.460171,45.803947],[4.460233,45.803901],[4.4602508,45.8039198],[4.460188,45.803966],[4.460171,45.803947]]]}},{"type":"Feature","properties":{"osm_id":181171062,"building":"yes","source":"cadastre-dgi-fr source : Direction Générale des Impôts - Cadastre. Mise à jour : 2012","wall":"no"},"geometry":{"type":"Polygon","coordinates":[[[4.499783,45.792433],[4.499827,45.792496],[4.499778,45.792516],[4.499734,45.792455],[4.499783,45.792433]]]}},{"type":"Feature","properties":{"osm_id":181171063,"building":"yes","source":"cadastre-dgi-fr source : Direction Générale des Impôts - Cadastre. Mise à jour : 2012","wall":"no"},"geometry":{"type":"Polygon","coordinates":[[[4.464698,45.781449],[4.464757,45.781441],[4.46477,45.781484],[4.46471,45.781492],[4.464698,45.781449]]]}},{"type":"Feature","properties":{"osm_id":181171064,"building":"yes","source":"cadastre-dgi-fr source : Direction Générale des Impôts - Cadastre. Mise à jour : 2012"},"geometry":{"type":"Polygon","coordinates":[[[4.4821131,45.8081025],[4.48208,45.8080727],[4.4820439,45.8080401],[4.4821115,45.8080037],[4.4821807,45.8080662],[4.4821131,45.8081025]]]}},{"type":"Feature","properties":{"osm_id":181171065,"building":"yes","source":"cadastre-dgi-fr source : Direction Générale des Impôts - Cadastre. Mise à jour : 2012","wall":"no"},"geometry":{"type":"Polygon","coordinates":[[[4.460444,45.804171],[4.460404,45.804141],[4.460475,45.804078],[4.460515,45.804107],[4.460444,45.804171]]]}},{"type":"Feature","properties":{"osm_id":181171066,"building":"yes","source":"cadastre-dgi-fr source : Direction Générale des Impôts - Cadastre. Mise à jour : 2012"},"geometry":{"type":"Polygon","coordinates":[[[4.489233,45.803142],[4.489145,45.803158],[4.489119,45.803093],[4.489206,45.803078],[4.489233,45.803142]]]}},{"type":"Feature","properties":{"osm_id":181171071,"building":"yes","source":"cadastre-dgi-fr source : Direction Générale des Impôts - Cadastre. Mise à jour : 2012"},"geometry":{"type":"Polygon","coordinates":[[[4.477556,45.781336],[4.477569,45.78137],[4.477511,45.78138],[4.477499,45.781346],[4.477556,45.781336]]]}},{"type":"Feature","properties":{"osm_id":181171072,"building":"yes","source":"cadastre-dgi-fr source : Direction Générale des Impôts - Cadastre. Mise à jour : 2012","wall":"no"},"geometry":{"type":"Polygon","coordinates":[[[4.4802665,45.7993797],[4.4802655,45.7993637],[4.4805866,45.7992863],[4.4805913,45.7992997],[4.4802665,45.7993797]]]}},{"type":"Feature","properties":{"osm_id":181171074,"building":"yes","source":"cadastre-dgi-fr source : Direction Générale des Impôts - Cadastre. Mise à jour : 2012"},"geometry":{"type":"Polygon","coordinates":[[[4.472527,45.795698],[4.472483,45.795589],[4.472576,45.795573],[4.472616,45.795671],[4.472527,45.795698]]]}},{"type":"Feature","properties":{"osm_id":181171075,"building":"yes","source":"cadastre-dgi-fr source : Direction Générale des Impôts - Cadastre. Mise à jour : 2012","wall":"no"},"geometry":{"type":"Polygon","coordinates":[[[4.482687,45.803196],[4.482665,45.803165],[4.482847,45.803109],[4.482869,45.803142],[4.482687,45.803196]]]}},{"type":"Feature","properties":{"osm_id":181171078,"building":"yes","source":"cadastre-dgi-fr source : Direction Générale des Impôts - Cadastre. Mise à jour : 2012"},"geometry":{"type":"Polygon","coordinates":[[[4.485726,45.80202],[4.485796,45.802018],[4.485803,45.802043],[4.485729,45.802046],[4.485726,45.80202]]]}},{"type":"Feature","properties":{"osm_id":181171080,"building":"yes","source":"cadastre-dgi-fr source : Direction Générale des Impôts - Cadastre. Mise à jour : 2012"},"geometry":{"type":"Polygon","coordinates":[[[4.460985,45.777442],[4.461061,45.777519],[4.460989,45.777556],[4.460905,45.777478],[4.460985,45.777442]]]}},{"type":"Feature","properties":{"osm_id":181171082,"building":"yes","source":"cadastre-dgi-fr source : Direction Générale des Impôts - Cadastre. Mise à jour : 2012","wall":"no"},"geometry":{"type":"Polygon","coordinates":[[[4.487714,45.802387],[4.487652,45.802388],[4.487666,45.802322],[4.487727,45.802322],[4.487714,45.802387]]]}},{"type":"Feature","properties":{"osm_id":181171084,"building":"yes","source":"cadastre-dgi-fr source : Direction Générale des Impôts - Cadastre. Mise à jour : 2012"},"geometry":{"type":"Polygon","coordinates":[[[4.483962,45.801986],[4.48394,45.801955],[4.48398,45.801941],[4.484002,45.801972],[4.483962,45.801986]]]}},{"type":"Feature","properties":{"osm_id":181171085,"building":"yes","source":"cadastre-dgi-fr source : Direction Générale des Impôts - Cadastre. Mise à jour : 2012"},"geometry":{"type":"Polygon","coordinates":[[[4.499797,45.792317],[4.499772,45.79229],[4.499823,45.792262],[4.499849,45.792288],[4.499797,45.792317]]]}},{"type":"Feature","properties":{"osm_id":181171086,"building":"yes","source":"cadastre-dgi-fr source : Direction Générale des Impôts - Cadastre. Mise à jour : 2012","wall":"no"},"geometry":{"type":"Polygon","coordinates":[[[4.47017,45.775067],[4.470174,45.775057],[4.4703028,45.775091],[4.470298,45.7751],[4.47017,45.775067]]]}},{"type":"Feature","properties":{"osm_id":181171089,"building":"yes","source":"cadastre-dgi-fr source : Direction Générale des Impôts - Cadastre. Mise à jour : 2012"},"geometry":{"type":"Polygon","coordinates":[[[4.451906,45.778299],[4.451883,45.778277],[4.451934,45.77825],[4.451957,45.778272],[4.451906,45.778299]]]}},{"type":"Feature","properties":{"osm_id":181171091,"building":"yes","source":"cadastre-dgi-fr source : Direction Générale des Impôts - Cadastre. Mise à jour : 2012"},"geometry":{"type":"Polygon","coordinates":[[[4.486189,45.786402],[4.486281,45.786427],[4.486218,45.786523],[4.486132,45.786498],[4.486189,45.786402]]]}},{"type":"Feature","properties":{"osm_id":181171093,"building":"yes","source":"cadastre-dgi-fr source : Direction Générale des Impôts - Cadastre. Mise à jour : 2012","wall":"no"},"geometry":{"type":"Polygon","coordinates":[[[4.475751,45.810007],[4.475762,45.810029],[4.475723,45.810038],[4.475714,45.810016],[4.475751,45.810007]]]}},{"type":"Feature","properties":{"osm_id":181171095,"building":"yes","source":"cadastre-dgi-fr source : Direction Générale des Impôts - Cadastre. Mise à jour : 2012","wall":"no"},"geometry":{"type":"Polygon","coordinates":[[[4.486817,45.778338],[4.486902,45.778357],[4.486883,45.778401],[4.486844,45.778407],[4.486817,45.778338]]]}},{"type":"Feature","properties":{"osm_id":181171097,"building":"yes","source":"cadastre-dgi-fr source : Direction Générale des Impôts - Cadastre. Mise à jour : 2012"},"geometry":{"type":"Polygon","coordinates":[[[4.476712,45.81144],[4.476738,45.811476],[4.476656,45.811501],[4.476631,45.811469],[4.476712,45.81144]]]}},{"type":"Feature","properties":{"osm_id":181171099,"building":"yes","source":"cadastre-dgi-fr source : Direction Générale des Impôts - Cadastre. Mise à jour : 2012"},"geometry":{"type":"Polygon","coordinates":[[[4.46691,45.773492],[4.466921,45.773518],[4.466884,45.773525],[4.466873,45.773499],[4.46691,45.773492]]]}},{"type":"Feature","properties":{"osm_id":181171101,"building":"yes","source":"cadastre-dgi-fr source : Direction Générale des Impôts - Cadastre. Mise à jour : 2012"},"geometry":{"type":"Polygon","coordinates":[[[4.460921,45.779498],[4.46098,45.779539],[4.460908,45.779587],[4.46083,45.779561],[4.460921,45.779498]]]}},{"type":"Feature","properties":{"osm_id":181171103,"building":"yes","source":"cadastre-dgi-fr source : Direction Générale des Impôts - Cadastre. Mise à jour : 2012","wall":"no"},"geometry":{"type":"Polygon","coordinates":[[[4.500542,45.78979],[4.500555,45.789754],[4.5006,45.789762],[4.500587,45.789798],[4.500542,45.78979]]]}},{"type":"Feature","properties":{"osm_id":181171105,"building":"yes","source":"cadastre-dgi-fr source : Direction Générale des Impôts - Cadastre. Mise à jour : 2012"},"geometry":{"type":"Polygon","coordinates":[[[4.477591,45.80179],[4.477616,45.801755],[4.477688,45.801782],[4.477658,45.801813],[4.477591,45.80179]]]}},{"type":"Feature","properties":{"osm_id":181171108,"building":"yes","source":"cadastre-dgi-fr source : Direction Générale des Impôts - Cadastre. Mise à jour : 2012","wall":"no"},"geometry":{"type":"Polygon","coordinates":[[[4.484564,45.802417],[4.48454,45.802372],[4.484608,45.802351],[4.484635,45.802395],[4.484564,45.802417]]]}},{"type":"Feature","properties":{"osm_id":181171111,"building":"yes","source":"cadastre-dgi-fr source : Direction Générale des Impôts - Cadastre. Mise à jour : 2012","wall":"no"},"geometry":{"type":"Polygon","coordinates":[[[4.460662,45.779535],[4.460611,45.779502],[4.460639,45.779484],[4.460689,45.779516],[4.460662,45.779535]]]}},{"type":"Feature","properties":{"osm_id":181171116,"building":"yes","source":"cadastre-dgi-fr source : Direction Générale des Impôts - Cadastre. Mise à jour : 2012"},"geometry":{"type":"Polygon","coordinates":[[[4.4714,45.781161],[4.471442,45.781098],[4.471515,45.781125],[4.471474,45.781187],[4.4714,45.781161]]]}},{"type":"Feature","properties":{"osm_id":181171119,"building":"yes","source":"cadastre-dgi-fr source : Direction Générale des Impôts - Cadastre. Mise à jour : 2012"},"geometry":{"type":"Polygon","coordinates":[[[4.488139,45.801812],[4.488158,45.801855],[4.488118,45.801863],[4.488103,45.801822],[4.488139,45.801812]]]}},{"type":"Feature","properties":{"osm_id":181171121,"building":"yes","source":"cadastre-dgi-fr source : Direction Générale des Impôts - Cadastre. Mise à jour : 2012","wall":"no"},"geometry":{"type":"Polygon","coordinates":[[[4.473357,45.776792],[4.473335,45.776813],[4.4733153,45.7768021],[4.4733376,45.7767813],[4.473357,45.776792]]]}},{"type":"Feature","properties":{"osm_id":181171210,"building":"yes","source":"cadastre-dgi-fr source : Direction Générale des Impôts - Cadastre. Mise à jour : 2012","wall":"no"},"geometry":{"type":"Polygon","coordinates":[[[4.478865,45.805931],[4.478847,45.805912],[4.478938,45.805872],[4.478956,45.805891],[4.478865,45.805931]]]}},{"type":"Feature","properties":{"osm_id":181171211,"building":"yes","source":"cadastre-dgi-fr source : Direction Générale des Impôts - Cadastre. Mise à jour : 2012"},"geometry":{"type":"Polygon","coordinates":[[[4.491703,45.800025],[4.491687,45.8],[4.491762,45.799976],[4.49178,45.800006],[4.491703,45.800025]]]}},{"type":"Feature","properties":{"osm_id":181171212,"building":"yes","source":"cadastre-dgi-fr source : Direction Générale des Impôts - Cadastre. Mise à jour : 2012"},"geometry":{"type":"Polygon","coordinates":[[[4.479909,45.783667],[4.479815,45.783645],[4.479853,45.783568],[4.479943,45.783588],[4.479909,45.783667]]]}},{"type":"Feature","properties":{"osm_id":181171213,"building":"yes","source":"cadastre-dgi-fr source : Direction Générale des Impôts - Cadastre. Mise à jour : 2012"},"geometry":{"type":"Polygon","coordinates":[[[4.479268,45.805515],[4.479229,45.805449],[4.479278,45.805435],[4.479317,45.805501],[4.479268,45.805515]]]}},{"type":"Feature","properties":{"osm_id":181171217,"building":"yes","source":"cadastre-dgi-fr source : Direction Générale des Impôts - Cadastre. Mise à jour : 2012","wall":"no"},"geometry":{"type":"Polygon","coordinates":[[[4.477612,45.80207],[4.477593,45.802036],[4.477675,45.802002],[4.477704,45.802032],[4.477612,45.80207]]]}},{"type":"Feature","properties":{"osm_id":181171219,"building":"yes","source":"cadastre-dgi-fr source : Direction Générale des Impôts - Cadastre. Mise à jour : 2012","wall":"no"},"geometry":{"type":"Polygon","coordinates":[[[4.4576319,45.7747913],[4.457692,45.774799],[4.457685,45.774822],[4.457626,45.774815],[4.4576319,45.7747913]]]}},{"type":"Feature","properties":{"osm_id":181171221,"building":"yes","source":"cadastre-dgi-fr source : Direction Générale des Impôts - Cadastre. Mise à jour : 2012"},"geometry":{"type":"Polygon","coordinates":[[[4.4807745,45.7994234],[4.480811,45.799414],[4.4808433,45.7994608],[4.480794,45.7994739],[4.4807745,45.7994234]]]}},{"type":"Feature","properties":{"osm_id":181171222,"building":"yes","source":"cadastre-dgi-fr source : Direction Générale des Impôts - Cadastre. Mise à jour : 2012"},"geometry":{"type":"Polygon","coordinates":[[[4.463849,45.771612],[4.464001,45.771616],[4.463995,45.771695],[4.463854,45.771689],[4.463849,45.771612]]]}},{"type":"Feature","properties":{"osm_id":181171223,"building":"yes","source":"cadastre-dgi-fr source : Direction Générale des Impôts - Cadastre. Mise à jour : 2012"},"geometry":{"type":"Polygon","coordinates":[[[4.482145,45.803523],[4.482117,45.803483],[4.482207,45.803452],[4.482232,45.803491],[4.482145,45.803523]]]}},{"type":"Feature","properties":{"osm_id":181171224,"building":"yes","source":"cadastre-dgi-fr source : Direction Générale des Impôts - Cadastre. Mise à jour : 2012"},"geometry":{"type":"Polygon","coordinates":[[[4.480583,45.785505],[4.480549,45.785487],[4.480583,45.785458],[4.480613,45.785474],[4.480583,45.785505]]]}},{"type":"Feature","properties":{"osm_id":181171225,"building":"yes","source":"cadastre-dgi-fr source : Direction Générale des Impôts - Cadastre. Mise à jour : 2012"},"geometry":{"type":"Polygon","coordinates":[[[4.48055,45.804886],[4.480531,45.804869],[4.480552,45.804858],[4.480571,45.804875],[4.48055,45.804886]]]}},{"type":"Feature","properties":{"osm_id":181171226,"building":"yes","source":"cadastre-dgi-fr source : Direction Générale des Impôts - Cadastre. Mise à jour : 2012","wall":"no"},"geometry":{"type":"Polygon","coordinates":[[[4.481965,45.785999],[4.481915,45.786007],[4.481887,45.785931],[4.48194,45.785935],[4.481965,45.785999]]]}},{"type":"Feature","properties":{"osm_id":181171227,"building":"yes","source":"cadastre-dgi-fr source : Direction Générale des Impôts - Cadastre. Mise à jour : 2012"},"geometry":{"type":"Polygon","coordinates":[[[4.457021,45.76879],[4.456985,45.768841],[4.456939,45.768826],[4.456975,45.768774],[4.457021,45.76879]]]}},{"type":"Feature","properties":{"osm_id":181171228,"building":"yes","source":"cadastre-dgi-fr source : Direction Générale des Impôts - Cadastre. Mise à jour : 2012","wall":"no"},"geometry":{"type":"Polygon","coordinates":[[[4.467174,45.79976],[4.467292,45.799748],[4.467295,45.799768],[4.467178,45.799779],[4.467174,45.79976]]]}},{"type":"Feature","properties":{"osm_id":181171230,"building":"yes","source":"cadastre-dgi-fr source : Direction Générale des Impôts - Cadastre. Mise à jour : 2012"},"geometry":{"type":"Polygon","coordinates":[[[4.473071,45.791651],[4.473057,45.79161],[4.473171,45.791599],[4.473179,45.791639],[4.473071,45.791651]]]}},{"type":"Feature","properties":{"osm_id":181171234,"building":"yes","source":"cadastre-dgi-fr source : Direction Générale des Impôts - Cadastre. Mise à jour : 2012","wall":"no"},"geometry":{"type":"Polygon","coordinates":[[[4.4590296,45.773634],[4.459027,45.773613],[4.4590806,45.773606],[4.459084,45.773627],[4.4590296,45.773634]]]}},{"type":"Feature","properties":{"osm_id":181171236,"building":"yes","source":"cadastre-dgi-fr source : Direction Générale des Impôts - Cadastre. Mise à jour : 2012"},"geometry":{"type":"Polygon","coordinates":[[[4.480535,45.799525],[4.4803681,45.7995686],[4.4803316,45.7995007],[4.4804985,45.799457],[4.480535,45.799525]]]}},{"type":"Feature","properties":{"osm_id":181171237,"building":"yes","source":"cadastre-dgi-fr source : Direction Générale des Impôts - Cadastre. Mise à jour : 2012","wall":"no"},"geometry":{"type":"Polygon","coordinates":[[[4.4866,45.793715],[4.486443,45.793826],[4.486086,45.793584],[4.486253,45.793471],[4.4866,45.793715]]]}},{"type":"Feature","properties":{"osm_id":181171238,"building":"yes","source":"cadastre-dgi-fr source : Direction Générale des Impôts - Cadastre. Mise à jour : 2012"},"geometry":{"type":"Polygon","coordinates":[[[4.484265,45.807776],[4.48429,45.80773],[4.484384,45.807755],[4.484364,45.807799],[4.484265,45.807776]]]}},{"type":"Feature","properties":{"osm_id":181171239,"building":"yes","source":"cadastre-dgi-fr source : Direction Générale des Impôts - Cadastre. Mise à jour : 2012"},"geometry":{"type":"Polygon","coordinates":[[[4.492187,45.78735],[4.492244,45.787357],[4.492241,45.787383],[4.492184,45.787374],[4.492187,45.78735]]]}},{"type":"Feature","properties":{"osm_id":181171240,"building":"yes","source":"cadastre-dgi-fr source : Direction Générale des Impôts - Cadastre. Mise à jour : 2012","wall":"no"},"geometry":{"type":"Polygon","coordinates":[[[4.487177,45.802713],[4.487177,45.802698],[4.487264,45.802696],[4.487265,45.802712],[4.487177,45.802713]]]}},{"type":"Feature","properties":{"osm_id":181171241,"building":"yes","source":"cadastre-dgi-fr source : Direction Générale des Impôts - Cadastre. Mise à jour : 2012","wall":"no"},"geometry":{"type":"Polygon","coordinates":[[[4.4799864,45.7919389],[4.4800812,45.7919428],[4.4800774,45.791986],[4.4799827,45.791982],[4.4799864,45.7919389]]]}},{"type":"Feature","properties":{"osm_id":181171242,"building":"yes","source":"cadastre-dgi-fr source : Direction Générale des Impôts - Cadastre. Mise à jour : 2012","wall":"no"},"geometry":{"type":"Polygon","coordinates":[[[4.461016,45.769467],[4.46103,45.769511],[4.460925,45.769538],[4.460928,45.769486],[4.461016,45.769467]]]}},{"type":"Feature","properties":{"osm_id":181171243,"building":"yes","source":"cadastre-dgi-fr source : Direction Générale des Impôts - Cadastre. Mise à jour : 2012","wall":"no"},"geometry":{"type":"Polygon","coordinates":[[[4.490145,45.803004],[4.490178,45.803055],[4.4900988,45.8030721],[4.490061,45.803026],[4.490145,45.803004]]]}},{"type":"Feature","properties":{"osm_id":181171245,"building":"yes","source":"cadastre-dgi-fr source : Direction Générale des Impôts - Cadastre. Mise à jour : 2012"},"geometry":{"type":"Polygon","coordinates":[[[4.469909,45.782165],[4.469873,45.782102],[4.469941,45.78208],[4.469979,45.782146],[4.469909,45.782165]]]}},{"type":"Feature","properties":{"osm_id":181171246,"building":"yes","source":"cadastre-dgi-fr source : Direction Générale des Impôts - Cadastre. Mise à jour : 2012","wall":"no"},"geometry":{"type":"Polygon","coordinates":[[[4.476288,45.779541],[4.476326,45.779506],[4.47638,45.779532],[4.476342,45.779565],[4.476288,45.779541]]]}},{"type":"Feature","properties":{"osm_id":181171251,"building":"yes","source":"cadastre-dgi-fr source : Direction Générale des Impôts - Cadastre. Mise à jour : 2012"},"geometry":{"type":"Polygon","coordinates":[[[4.473003,45.777898],[4.473085,45.777918],[4.473047,45.777973],[4.472955,45.777944],[4.473003,45.777898]]]}},{"type":"Feature","properties":{"osm_id":181171252,"building":"yes","source":"cadastre-dgi-fr source : Direction Générale des Impôts - Cadastre. Mise à jour : 2012"},"geometry":{"type":"Polygon","coordinates":[[[4.4797061,45.8055913],[4.479699,45.805564],[4.47975,45.805558],[4.479757,45.8055848],[4.4797061,45.8055913]]]}},{"type":"Feature","properties":{"osm_id":181171253,"building":"yes","source":"cadastre-dgi-fr source : Direction Générale des Impôts - Cadastre. Mise à jour : 2012","wall":"no"},"geometry":{"type":"Polygon","coordinates":[[[4.461303,45.777431],[4.461352,45.777399],[4.46139,45.777427],[4.461342,45.777458],[4.461303,45.777431]]]}},{"type":"Feature","properties":{"osm_id":181171254,"building":"yes","source":"cadastre-dgi-fr source : Direction Générale des Impôts - Cadastre. Mise à jour : 2012","wall":"no"},"geometry":{"type":"Polygon","coordinates":[[[4.486319,45.787593],[4.486299,45.787537],[4.486396,45.787517],[4.48642,45.787571],[4.486319,45.787593]]]}},{"type":"Feature","properties":{"osm_id":181171255,"building":"yes","source":"cadastre-dgi-fr source : Direction Générale des Impôts - Cadastre. Mise à jour : 2012"},"geometry":{"type":"Polygon","coordinates":[[[4.472732,45.79563],[4.472695,45.795558],[4.472825,45.795524],[4.472866,45.795608],[4.472732,45.79563]]]}},{"type":"Feature","properties":{"osm_id":181171256,"building":"yes","source":"cadastre-dgi-fr source : Direction Générale des Impôts - Cadastre. Mise à jour : 2012"},"geometry":{"type":"Polygon","coordinates":[[[4.488073,45.802328],[4.488064,45.802337],[4.488042,45.802355],[4.487951,45.802345],[4.487969,45.802316],[4.488073,45.802328]]]}},{"type":"Feature","properties":{"osm_id":181171257,"building":"yes","source":"cadastre-dgi-fr source : Direction Générale des Impôts - Cadastre. Mise à jour : 2012","wall":"no"},"geometry":{"type":"Polygon","coordinates":[[[4.47597,45.778436],[4.47599,45.778428],[4.476026,45.778464],[4.475937,45.778508],[4.475901,45.77847],[4.47597,45.778436]]]}},{"type":"Feature","properties":{"osm_id":181171258,"building":"yes","source":"cadastre-dgi-fr source : Direction Générale des Impôts - Cadastre. Mise à jour : 2012","wall":"no"},"geometry":{"type":"Polygon","coordinates":[[[4.489281,45.803245],[4.489182,45.803258],[4.489145,45.803158],[4.489233,45.803142],[4.489266,45.803204],[4.489281,45.803245]]]}},{"type":"Feature","properties":{"osm_id":181171259,"building":"yes","source":"cadastre-dgi-fr source : Direction Générale des Impôts - Cadastre. Mise à jour : 2012"},"geometry":{"type":"Polygon","coordinates":[[[4.475395,45.776309],[4.475378,45.776273],[4.475321,45.776175],[4.475406,45.77615],[4.475485,45.776284],[4.475395,45.776309]]]}},{"type":"Feature","properties":{"osm_id":181171261,"building":"yes","source":"cadastre-dgi-fr source : Direction Générale des Impôts - Cadastre. Mise à jour : 2012","wall":"no"},"geometry":{"type":"Polygon","coordinates":[[[4.4681139,45.7793704],[4.4680828,45.7794858],[4.4680219,45.7794778],[4.4680476,45.7793825],[4.468053,45.7793624],[4.4681139,45.7793704]]]}},{"type":"Feature","properties":{"osm_id":181171265,"building":"yes","source":"cadastre-dgi-fr source : Direction Générale des Impôts - Cadastre. Mise à jour : 2012","wall":"no"},"geometry":{"type":"Polygon","coordinates":[[[4.491392,45.805905],[4.491413,45.805971],[4.491159,45.806014],[4.491156,45.806004],[4.491139,45.805947],[4.491392,45.805905]]]}},{"type":"Feature","properties":{"osm_id":181171266,"building":"yes","source":"cadastre-dgi-fr source : Direction Générale des Impôts - Cadastre. Mise à jour : 2012"},"geometry":{"type":"Polygon","coordinates":[[[4.468692,45.804812],[4.468721,45.80469],[4.468786,45.804695],[4.468747,45.804861],[4.468682,45.804856],[4.468692,45.804812]]]}},{"type":"Feature","properties":{"osm_id":181171267,"building":"yes","source":"cadastre-dgi-fr source : Direction Générale des Impôts - Cadastre. Mise à jour : 2012"},"geometry":{"type":"Polygon","coordinates":[[[4.452414,45.778032],[4.45245,45.778017],[4.45248,45.778057],[4.452447,45.77807],[4.452432,45.778051],[4.452414,45.778032]]]}},{"type":"Feature","properties":{"osm_id":181171268,"building":"yes","source":"cadastre-dgi-fr source : Direction Générale des Impôts - Cadastre. Mise à jour : 2012"},"geometry":{"type":"Polygon","coordinates":[[[4.478846,45.806029],[4.478787,45.805964],[4.478865,45.805931],[4.478956,45.805891],[4.479014,45.805956],[4.478846,45.806029]]]}},{"type":"Feature","properties":{"osm_id":181171269,"building":"yes","source":"cadastre-dgi-fr source : Direction Générale des Impôts - Cadastre. Mise à jour : 2012"},"geometry":{"type":"Polygon","coordinates":[[[4.477468,45.801852],[4.477375,45.801815],[4.477464,45.801697],[4.477555,45.801731],[4.477528,45.801768],[4.477468,45.801852]]]}},{"type":"Feature","properties":{"osm_id":181171270,"building":"yes","source":"cadastre-dgi-fr source : Direction Générale des Impôts - Cadastre. Mise à jour : 2012"},"geometry":{"type":"Polygon","coordinates":[[[4.483951,45.808042],[4.483883,45.807993],[4.483847,45.807967],[4.483923,45.807918],[4.484056,45.808018],[4.483986,45.808068],[4.483951,45.808042]]]}},{"type":"Feature","properties":{"osm_id":181171272,"building":"yes","source":"cadastre-dgi-fr source : Direction Générale des Impôts - Cadastre. Mise à jour : 2012"},"geometry":{"type":"Polygon","coordinates":[[[4.460713,45.779351],[4.460745,45.779333],[4.460815,45.779394],[4.460796,45.779408],[4.460785,45.779413],[4.460713,45.779351]]]}},{"type":"Feature","properties":{"osm_id":181171273,"building":"yes","source":"cadastre-dgi-fr source : Direction Générale des Impôts - Cadastre. Mise à jour : 2012","wall":"no"},"geometry":{"type":"Polygon","coordinates":[[[4.470748,45.798178],[4.47072,45.798172],[4.47074,45.798127],[4.470772,45.798134],[4.470768,45.798143],[4.470748,45.798178]]]}},{"type":"Feature","properties":{"osm_id":181171275,"building":"yes","source":"cadastre-dgi-fr source : Direction Générale des Impôts - Cadastre. Mise à jour : 2012","wall":"no"},"geometry":{"type":"Polygon","coordinates":[[[4.484723,45.800852],[4.484716,45.800841],[4.484757,45.800829],[4.484778,45.800857],[4.484735,45.80087],[4.484723,45.800852]]]}},{"type":"Feature","properties":{"osm_id":181171281,"building":"yes","source":"cadastre-dgi-fr source : Direction Générale des Impôts - Cadastre. Mise à jour : 2012"},"geometry":{"type":"Polygon","coordinates":[[[4.464005,45.771598],[4.463994,45.771597],[4.464,45.771546],[4.464036,45.771548],[4.464031,45.771599],[4.464005,45.771598]]]}},{"type":"Feature","properties":{"osm_id":181171282,"building":"yes","source":"cadastre-dgi-fr source : Direction Générale des Impôts - Cadastre. Mise à jour : 2012","wall":"no"},"geometry":{"type":"Polygon","coordinates":[[[4.485924,45.79344],[4.485884,45.79347],[4.485813,45.793424],[4.485854,45.793395],[4.485861,45.7934],[4.485924,45.79344]]]}},{"type":"Feature","properties":{"osm_id":181171283,"building":"yes","source":"cadastre-dgi-fr source : Direction Générale des Impôts - Cadastre. Mise à jour : 2012","wall":"no"},"geometry":{"type":"Polygon","coordinates":[[[4.479961,45.805608],[4.479946,45.80561],[4.479933,45.80556],[4.47992,45.805509],[4.479938,45.805507],[4.479961,45.805608]]]}},{"type":"Feature","properties":{"osm_id":181171284,"building":"yes","source":"cadastre-dgi-fr source : Direction Générale des Impôts - Cadastre. Mise à jour : 2012","wall":"no"},"geometry":{"type":"Polygon","coordinates":[[[4.480179,45.803014],[4.480152,45.803033],[4.480112,45.802962],[4.480172,45.802915],[4.480171,45.80292],[4.480179,45.803014]]]}},{"type":"Feature","properties":{"osm_id":181171285,"building":"yes","source":"cadastre-dgi-fr source : Direction Générale des Impôts - Cadastre. Mise à jour : 2012","wall":"no"},"geometry":{"type":"Polygon","coordinates":[[[4.473013,45.778237],[4.473,45.778178],[4.472999,45.77817],[4.473056,45.778164],[4.473072,45.77823],[4.473013,45.778237]]]}},{"type":"Feature","properties":{"osm_id":181171286,"building":"yes","source":"cadastre-dgi-fr source : Direction Générale des Impôts - Cadastre. Mise à jour : 2012","wall":"no"},"geometry":{"type":"Polygon","coordinates":[[[4.484112,45.802215],[4.483987,45.802224],[4.483917,45.802135],[4.48402,45.802089],[4.484042,45.80212],[4.484112,45.802215]]]}},{"type":"Feature","properties":{"osm_id":181171288,"building":"yes","source":"cadastre-dgi-fr source : Direction Générale des Impôts - Cadastre. Mise à jour : 2012","wall":"no"},"geometry":{"type":"Polygon","coordinates":[[[4.479532,45.805872],[4.479513,45.805822],[4.479571,45.805813],[4.479638,45.805801],[4.479657,45.805851],[4.479532,45.805872]]]}},{"type":"Feature","properties":{"osm_id":181171291,"building":"yes","source":"cadastre-dgi-fr source : Direction Générale des Impôts - Cadastre. Mise à jour : 2012","wall":"no"},"geometry":{"type":"Polygon","coordinates":[[[4.473071,45.791651],[4.473179,45.791639],[4.473183,45.791642],[4.47319,45.791677],[4.473081,45.791686],[4.473071,45.791651]]]}},{"type":"Feature","properties":{"osm_id":181171293,"building":"yes","source":"cadastre-dgi-fr source : Direction Générale des Impôts - Cadastre. Mise à jour : 2012","wall":"no"},"geometry":{"type":"Polygon","coordinates":[[[4.468457,45.798011],[4.46841,45.797961],[4.468507,45.797915],[4.468565,45.797978],[4.468568,45.797985],[4.468457,45.798011]]]}},{"type":"Feature","properties":{"osm_id":181171294,"building":"yes","source":"cadastre-dgi-fr source : Direction Générale des Impôts - Cadastre. Mise à jour : 2012"},"geometry":{"type":"Polygon","coordinates":[[[4.490724,45.786072],[4.490716,45.786039],[4.490809,45.786026],[4.490834,45.786121],[4.490741,45.786131],[4.490724,45.786072]]]}},{"type":"Feature","properties":{"osm_id":181171295,"building":"yes","source":"cadastre-dgi-fr source : Direction Générale des Impôts - Cadastre. Mise à jour : 2012"},"geometry":{"type":"Polygon","coordinates":[[[4.48272,45.803244],[4.482687,45.803196],[4.482869,45.803142],[4.482899,45.803193],[4.482803,45.803221],[4.48272,45.803244]]]}},{"type":"Feature","properties":{"osm_id":181171296,"building":"yes","source":"cadastre-dgi-fr source : Direction Générale des Impôts - Cadastre. Mise à jour : 2012","wall":"no"},"geometry":{"type":"Polygon","coordinates":[[[4.478375,45.795499],[4.478336,45.79541],[4.478335,45.795405],[4.478431,45.795396],[4.478458,45.795488],[4.478375,45.795499]]]}},{"type":"Feature","properties":{"osm_id":181171297,"building":"yes","source":"cadastre-dgi-fr source : Direction Générale des Impôts - Cadastre. Mise à jour : 2012"},"geometry":{"type":"Polygon","coordinates":[[[4.460826,45.779423],[4.460872,45.77945],[4.460905,45.779474],[4.460766,45.77957],[4.460688,45.779521],[4.460826,45.779423]]]}},{"type":"Feature","properties":{"osm_id":181171299,"building":"yes","source":"cadastre-dgi-fr source : Direction Générale des Impôts - Cadastre. Mise à jour : 2012","wall":"no"},"geometry":{"type":"Polygon","coordinates":[[[4.486979,45.778287],[4.486935,45.778278],[4.48694,45.778265],[4.48697,45.778198],[4.487014,45.778207],[4.486979,45.778287]]]}},{"type":"Feature","properties":{"osm_id":181171301,"building":"yes","source":"cadastre-dgi-fr source : Direction Générale des Impôts - Cadastre. Mise à jour : 2012"},"geometry":{"type":"Polygon","coordinates":[[[4.483758,45.780396],[4.483753,45.780427],[4.483742,45.780473],[4.483663,45.780462],[4.483678,45.780387],[4.483758,45.780396]]]}},{"type":"Feature","properties":{"osm_id":181171305,"building":"yes","source":"cadastre-dgi-fr source : Direction Générale des Impôts - Cadastre. Mise à jour : 2012","wall":"no"},"geometry":{"type":"Polygon","coordinates":[[[4.485796,45.802018],[4.485855,45.802016],[4.485864,45.802029],[4.485867,45.802042],[4.485803,45.802043],[4.485796,45.802018]]]}},{"type":"Feature","properties":{"osm_id":181171306,"building":"yes","source":"cadastre-dgi-fr source : Direction Générale des Impôts - Cadastre. Mise à jour : 2012"},"geometry":{"type":"Polygon","coordinates":[[[4.479552,45.793918],[4.479542,45.793871],[4.47953,45.793806],[4.479619,45.793797],[4.479641,45.793909],[4.479552,45.793918]]]}},{"type":"Feature","properties":{"osm_id":181171307,"building":"yes","source":"cadastre-dgi-fr source : Direction Générale des Impôts - Cadastre. Mise à jour : 2012"},"geometry":{"type":"Polygon","coordinates":[[[4.470404,45.782079],[4.470372,45.782035],[4.470427,45.782012],[4.47046,45.782061],[4.470405,45.782081],[4.470404,45.782079]]]}},{"type":"Feature","properties":{"osm_id":181171308,"building":"yes","source":"cadastre-dgi-fr source : Direction Générale des Impôts - Cadastre. Mise à jour : 2012"},"geometry":{"type":"Polygon","coordinates":[[[4.468534,45.798263],[4.468463,45.798291],[4.468339,45.798188],[4.468312,45.798164],[4.468413,45.798127],[4.468534,45.798263]]]}},{"type":"Feature","properties":{"osm_id":181171309,"building":"yes","source":"cadastre-dgi-fr source : Direction Générale des Impôts - Cadastre. Mise à jour : 2012"},"geometry":{"type":"Polygon","coordinates":[[[4.469979,45.775067],[4.469954,45.775017],[4.469971,45.775019],[4.470032,45.775039],[4.469996,45.775067],[4.469979,45.775067]]]}},{"type":"Feature","properties":{"osm_id":181171310,"building":"yes","source":"cadastre-dgi-fr source : Direction Générale des Impôts - Cadastre. Mise à jour : 2012","wall":"no"},"geometry":{"type":"Polygon","coordinates":[[[4.480256,45.805472],[4.480279,45.805574],[4.479961,45.805608],[4.479938,45.805507],[4.480068,45.805493],[4.480256,45.805472]]]}},{"type":"Feature","properties":{"osm_id":181171313,"building":"yes","source":"cadastre-dgi-fr source : Direction Générale des Impôts - Cadastre. Mise à jour : 2012","wall":"no"},"geometry":{"type":"Polygon","coordinates":[[[4.488823,45.787046],[4.488796,45.787061],[4.488758,45.787],[4.488816,45.786968],[4.488873,45.787016],[4.488823,45.787046]]]}},{"type":"Feature","properties":{"osm_id":181171314,"building":"yes","source":"cadastre-dgi-fr source : Direction Générale des Impôts - Cadastre. Mise à jour : 2012","wall":"no"},"geometry":{"type":"Polygon","coordinates":[[[4.492337,45.787491],[4.49234,45.787548],[4.492122,45.787556],[4.492118,45.787512],[4.492117,45.787475],[4.492337,45.787491]]]}},{"type":"Feature","properties":{"osm_id":181171316,"building":"yes","source":"cadastre-dgi-fr source : Direction Générale des Impôts - Cadastre. Mise à jour : 2012"},"geometry":{"type":"Polygon","coordinates":[[[4.47056,45.801334],[4.470586,45.801284],[4.470681,45.801304],[4.470626,45.801406],[4.470535,45.801382],[4.47056,45.801334]]]}},{"type":"Feature","properties":{"osm_id":181171317,"building":"yes","source":"cadastre-dgi-fr source : Direction Générale des Impôts - Cadastre. Mise à jour : 2012","wall":"no"},"geometry":{"type":"Polygon","coordinates":[[[4.479884,45.803114],[4.479934,45.80307],[4.480021,45.803117],[4.480019,45.803118],[4.479951,45.80315],[4.479884,45.803114]]]}},{"type":"Feature","properties":{"osm_id":181171318,"building":"yes","source":"cadastre-dgi-fr source : Direction Générale des Impôts - Cadastre. Mise à jour : 2012","wall":"no"},"geometry":{"type":"Polygon","coordinates":[[[4.472807,45.791802],[4.472867,45.791792],[4.472921,45.791788],[4.472931,45.791841],[4.472826,45.791853],[4.472807,45.791802]]]}},{"type":"Feature","properties":{"osm_id":181171319,"building":"yes","source":"cadastre-dgi-fr source : Direction Générale des Impôts - Cadastre. Mise à jour : 2012"},"geometry":{"type":"Polygon","coordinates":[[[4.479639,45.807274],[4.479559,45.807194],[4.479643,45.807157],[4.479773,45.807283],[4.479683,45.807319],[4.479639,45.807274]]]}},{"type":"Feature","properties":{"osm_id":181171320,"building":"yes","source":"cadastre-dgi-fr source : Direction Générale des Impôts - Cadastre. Mise à jour : 2012","wall":"no"},"geometry":{"type":"Polygon","coordinates":[[[4.466802,45.798124],[4.466655,45.798106],[4.466659,45.798084],[4.466673,45.798024],[4.466782,45.798031],[4.466802,45.798124]]]}},{"type":"Feature","properties":{"osm_id":181171321,"building":"yes","source":"cadastre-dgi-fr source : Direction Générale des Impôts - Cadastre. Mise à jour : 2012","wall":"no"},"geometry":{"type":"Polygon","coordinates":[[[4.4755882,45.7909967],[4.475676,45.7908731],[4.4757837,45.7909103],[4.4756959,45.7910339],[4.4755882,45.7909967]]]}},{"type":"Feature","properties":{"osm_id":181171322,"building":"yes","source":"cadastre-dgi-fr source : Direction Générale des Impôts - Cadastre. Mise à jour : 2012","wall":"no"},"geometry":{"type":"Polygon","coordinates":[[[4.464333,45.781249],[4.464448,45.781288],[4.464383,45.781381],[4.464335,45.781406],[4.464242,45.781373],[4.464333,45.781249]]]}},{"type":"Feature","properties":{"osm_id":181171323,"building":"yes","source":"cadastre-dgi-fr source : Direction Générale des Impôts - Cadastre. Mise à jour : 2012","wall":"no"},"geometry":{"type":"Polygon","coordinates":[[[4.474732,45.79528],[4.474762,45.795276],[4.474797,45.795358],[4.474765,45.795357],[4.474753,45.795325],[4.474732,45.79528]]]}},{"type":"Feature","properties":{"osm_id":181171324,"building":"yes","source":"cadastre-dgi-fr source : Direction Générale des Impôts - Cadastre. Mise à jour : 2012"},"geometry":{"type":"Polygon","coordinates":[[[4.467813,45.779231],[4.467853,45.779236],[4.467855,45.779366],[4.467816,45.779358],[4.467812,45.779234],[4.467813,45.779231]]]}},{"type":"Feature","properties":{"osm_id":181171325,"building":"yes","source":"cadastre-dgi-fr source : Direction Générale des Impôts - Cadastre. Mise à jour : 2012"},"geometry":{"type":"Polygon","coordinates":[[[4.4680476,45.7793825],[4.4680219,45.7794778],[4.4678456,45.7794548],[4.4678713,45.7793594],[4.4680476,45.7793825]]]}},{"type":"Feature","properties":{"osm_id":181171326,"building":"yes","source":"cadastre-dgi-fr source : Direction Générale des Impôts - Cadastre. Mise à jour : 2012"},"geometry":{"type":"Polygon","coordinates":[[[4.449758,45.779687],[4.449778,45.779801],[4.449715,45.77981],[4.44963,45.779821],[4.449619,45.77969],[4.449758,45.779687]]]}},{"type":"Feature","properties":{"osm_id":181171327,"building":"yes","source":"cadastre-dgi-fr source : Direction Générale des Impôts - Cadastre. Mise à jour : 2012","wall":"no"},"geometry":{"type":"Polygon","coordinates":[[[4.449715,45.77981],[4.44973,45.779888],[4.449643,45.779898],[4.449636,45.779864],[4.44963,45.779821],[4.449715,45.77981]]]}},{"type":"Feature","properties":{"osm_id":181171328,"building":"yes","source":"cadastre-dgi-fr source : Direction Générale des Impôts - Cadastre. Mise à jour : 2012","wall":"no"},"geometry":{"type":"Polygon","coordinates":[[[4.466708,45.798265],[4.466821,45.798306],[4.466815,45.798364],[4.466714,45.798326],[4.466684,45.798299],[4.466708,45.798265]]]}},{"type":"Feature","properties":{"osm_id":181171330,"building":"yes","source":"cadastre-dgi-fr source : Direction Générale des Impôts - Cadastre. Mise à jour : 2012"},"geometry":{"type":"Polygon","coordinates":[[[4.471858,45.804057],[4.471878,45.804049],[4.471906,45.804079],[4.47187,45.804097],[4.471838,45.80407],[4.471858,45.804057]]]}},{"type":"Feature","properties":{"osm_id":181171331,"building":"yes","source":"cadastre-dgi-fr source : Direction Générale des Impôts - Cadastre. Mise à jour : 2012"},"geometry":{"type":"Polygon","coordinates":[[[4.468113,45.798307],[4.468183,45.798277],[4.468239,45.798338],[4.468282,45.798388],[4.468212,45.798406],[4.468113,45.798307]]]}},{"type":"Feature","properties":{"osm_id":181171332,"building":"yes","source":"cadastre-dgi-fr source : Direction Générale des Impôts - Cadastre. Mise à jour : 2012","wall":"no"},"geometry":{"type":"Polygon","coordinates":[[[4.458118,45.77454],[4.458129,45.774559],[4.458024,45.77459],[4.458017,45.774578],[4.458015,45.774574],[4.458118,45.77454]]]}},{"type":"Feature","properties":{"osm_id":181171333,"building":"yes","source":"cadastre-dgi-fr source : Direction Générale des Impôts - Cadastre. Mise à jour : 2012","wall":"no"},"geometry":{"type":"Polygon","coordinates":[[[4.460277,45.778131],[4.460331,45.778116],[4.460357,45.778156],[4.460379,45.778199],[4.460326,45.778214],[4.460277,45.778131]]]}},{"type":"Feature","properties":{"osm_id":181171334,"building":"yes","source":"cadastre-dgi-fr source : Direction Générale des Impôts - Cadastre. Mise à jour : 2012"},"geometry":{"type":"Polygon","coordinates":[[[4.488139,45.801812],[4.488129,45.801786],[4.488279,45.801754],[4.488286,45.801765],[4.488292,45.801779],[4.488139,45.801812]]]}},{"type":"Feature","properties":{"osm_id":181171335,"building":"yes","source":"cadastre-dgi-fr source : Direction Générale des Impôts - Cadastre. Mise à jour : 2012"},"geometry":{"type":"Polygon","coordinates":[[[4.484502,45.802299],[4.484553,45.802277],[4.484571,45.802304],[4.484507,45.802331],[4.484502,45.802324],[4.484502,45.802299]]]}},{"type":"Feature","properties":{"osm_id":181171336,"building":"yes","source":"cadastre-dgi-fr source : Direction Générale des Impôts - Cadastre. Mise à jour : 2012","wall":"no"},"geometry":{"type":"Polygon","coordinates":[[[4.485991,45.802114],[4.486008,45.80215],[4.48576,45.80222],[4.485739,45.802163],[4.485893,45.802112],[4.485991,45.802114]]]}},{"type":"Feature","properties":{"osm_id":181171337,"building":"yes","source":"cadastre-dgi-fr source : Direction Générale des Impôts - Cadastre. Mise à jour : 2012","wall":"no"},"geometry":{"type":"Polygon","coordinates":[[[4.474347,45.79875],[4.474292,45.798764],[4.47427,45.798729],[4.474338,45.798711],[4.474356,45.798748],[4.474347,45.79875]]]}},{"type":"Feature","properties":{"osm_id":181171338,"building":"yes","source":"cadastre-dgi-fr source : Direction Générale des Impôts - Cadastre. Mise à jour : 2012","wall":"no"},"geometry":{"type":"Polygon","coordinates":[[[4.488543,45.801917],[4.488493,45.801939],[4.488462,45.801904],[4.488403,45.801823],[4.488458,45.801802],[4.488543,45.801917]]]}},{"type":"Feature","properties":{"osm_id":181171339,"building":"yes","source":"cadastre-dgi-fr source : Direction Générale des Impôts - Cadastre. Mise à jour : 2012"},"geometry":{"type":"Polygon","coordinates":[[[4.490633,45.806372],[4.490529,45.806379],[4.490523,45.806331],[4.49058,45.806328],[4.490626,45.806325],[4.490633,45.806372]]]}},{"type":"Feature","properties":{"osm_id":181171340,"building":"yes","source":"cadastre-dgi-fr source : Direction Générale des Impôts - Cadastre. Mise à jour : 2012","wall":"no"},"geometry":{"type":"Polygon","coordinates":[[[4.471981,45.798451],[4.4721,45.798621],[4.471863,45.798704],[4.471744,45.798534],[4.471981,45.798451]]]}},{"type":"Feature","properties":{"osm_id":181171341,"building":"yes","source":"cadastre-dgi-fr source : Direction Générale des Impôts - Cadastre. Mise à jour : 2012","wall":"no"},"geometry":{"type":"Polygon","coordinates":[[[4.498974,45.790257],[4.498979,45.790206],[4.498982,45.790196],[4.499084,45.790198],[4.499076,45.790257],[4.498974,45.790257]]]}},{"type":"Feature","properties":{"osm_id":181171342,"building":"yes","source":"cadastre-dgi-fr source : Direction Générale des Impôts - Cadastre. Mise à jour : 2012","wall":"no"},"geometry":{"type":"Polygon","coordinates":[[[4.466526,45.773916],[4.466547,45.773989],[4.466517,45.773995],[4.46647,45.774001],[4.466447,45.773929],[4.466526,45.773916]]]}},{"type":"Feature","properties":{"osm_id":181171343,"building":"yes","source":"cadastre-dgi-fr source : Direction Générale des Impôts - Cadastre. Mise à jour : 2012"},"geometry":{"type":"Polygon","coordinates":[[[4.46623,45.798024],[4.466213,45.798045],[4.466151,45.798048],[4.466155,45.797957],[4.466218,45.797959],[4.46623,45.798024]]]}},{"type":"Feature","properties":{"osm_id":181171344,"building":"yes","source":"cadastre-dgi-fr source : Direction Générale des Impôts - Cadastre. Mise à jour : 2012"},"geometry":{"type":"Polygon","coordinates":[[[4.492433,45.78738],[4.492447,45.787545],[4.49234,45.787548],[4.492337,45.787491],[4.492331,45.787369],[4.492433,45.78738]]]}},{"type":"Feature","properties":{"osm_id":181171345,"building":"yes","source":"cadastre-dgi-fr source : Direction Générale des Impôts - Cadastre. Mise à jour : 2012","wall":"no"},"geometry":{"type":"Polygon","coordinates":[[[4.466274,45.773725],[4.466343,45.773716],[4.466391,45.773802],[4.466348,45.773812],[4.466305,45.773818],[4.466274,45.773725]]]}},{"type":"Feature","properties":{"osm_id":181171346,"building":"yes","source":"cadastre-dgi-fr source : Direction Générale des Impôts - Cadastre. Mise à jour : 2012"},"geometry":{"type":"Polygon","coordinates":[[[4.483986,45.808068],[4.484038,45.808106],[4.484001,45.808118],[4.483977,45.808133],[4.483946,45.80811],[4.483986,45.808068]]]}},{"type":"Feature","properties":{"osm_id":181171347,"building":"yes","source":"cadastre-dgi-fr source : Direction Générale des Impôts - Cadastre. Mise à jour : 2012","wall":"no"},"geometry":{"type":"Polygon","coordinates":[[[4.475498,45.800509],[4.475553,45.800528],[4.475526,45.800579],[4.475488,45.800573],[4.475468,45.800568],[4.475498,45.800509]]]}},{"type":"Feature","properties":{"osm_id":181171348,"building":"yes","source":"cadastre-dgi-fr source : Direction Générale des Impôts - Cadastre. Mise à jour : 2012"},"geometry":{"type":"Polygon","coordinates":[[[4.470401,45.7927466],[4.470412,45.7928096],[4.470288,45.7928296],[4.470273,45.7927656],[4.470401,45.7927466]]]}},{"type":"Feature","properties":{"osm_id":181171349,"building":"yes","source":"cadastre-dgi-fr source : Direction Générale des Impôts - Cadastre. Mise à jour : 2012","wall":"no"},"geometry":{"type":"Polygon","coordinates":[[[4.464871,45.799175],[4.464876,45.799132],[4.464959,45.799115],[4.465059,45.799131],[4.465053,45.799175],[4.464871,45.799175]]]}},{"type":"Feature","properties":{"osm_id":181171350,"building":"yes","source":"cadastre-dgi-fr source : Direction Générale des Impôts - Cadastre. Mise à jour : 2012","wall":"no"},"geometry":{"type":"Polygon","coordinates":[[[4.473931,45.798786],[4.473931,45.798765],[4.474,45.79877],[4.473997,45.798842],[4.473935,45.798839],[4.473931,45.798786]]]}},{"type":"Feature","properties":{"osm_id":181171351,"building":"yes","source":"cadastre-dgi-fr source : Direction Générale des Impôts - Cadastre. Mise à jour : 2012"},"geometry":{"type":"Polygon","coordinates":[[[4.490927,45.805855],[4.490946,45.805908],[4.490917,45.805913],[4.4908959,45.8059167],[4.490876,45.805863],[4.490927,45.805855]]]}},{"type":"Feature","properties":{"osm_id":181171352,"building":"yes","source":"cadastre-dgi-fr source : Direction Générale des Impôts - Cadastre. Mise à jour : 2012"},"geometry":{"type":"Polygon","coordinates":[[[4.484212,45.78567],[4.48413,45.78572],[4.484112,45.785707],[4.484123,45.7857],[4.484193,45.785656],[4.484212,45.78567]]]}},{"type":"Feature","properties":{"osm_id":181171353,"building":"yes","source":"cadastre-dgi-fr source : Direction Générale des Impôts - Cadastre. Mise à jour : 2012"},"geometry":{"type":"Polygon","coordinates":[[[4.480093,45.791523],[4.480098,45.791483],[4.480211,45.791497],[4.480272,45.791504],[4.480265,45.791565],[4.480093,45.791523]]]}},{"type":"Feature","properties":{"osm_id":181171354,"building":"yes","source":"cadastre-dgi-fr source : Direction Générale des Impôts - Cadastre. Mise à jour : 2012"},"geometry":{"type":"Polygon","coordinates":[[[4.486367,45.786557],[4.486326,45.786594],[4.486312,45.786608],[4.486253,45.786578],[4.486303,45.786528],[4.486367,45.786557]]]}},{"type":"Feature","properties":{"osm_id":181171355,"building":"yes","source":"cadastre-dgi-fr source : Direction Générale des Impôts - Cadastre. Mise à jour : 2012"},"geometry":{"type":"Polygon","coordinates":[[[4.474508,45.798746],[4.474572,45.798796],[4.474449,45.798866],[4.474382,45.798818],[4.474444,45.798779],[4.474508,45.798746]]]}},{"type":"Feature","properties":{"osm_id":181171357,"building":"yes","source":"cadastre-dgi-fr source : Direction Générale des Impôts - Cadastre. Mise à jour : 2012","wall":"no"},"geometry":{"type":"Polygon","coordinates":[[[4.470261,45.78205],[4.470263,45.782049],[4.4703,45.782097],[4.470207,45.782133],[4.4701901,45.78211],[4.470171,45.782084],[4.470261,45.78205]]]}},{"type":"Feature","properties":{"osm_id":181171358,"building":"yes","source":"cadastre-dgi-fr source : Direction Générale des Impôts - Cadastre. Mise à jour : 2012","wall":"no"},"geometry":{"type":"Polygon","coordinates":[[[4.48694,45.778265],[4.486853,45.778248],[4.486864,45.778222],[4.486886,45.778169],[4.486974,45.778188],[4.48694,45.778265]]]}},{"type":"Feature","properties":{"osm_id":181171359,"building":"yes","source":"cadastre-dgi-fr source : Direction Générale des Impôts - Cadastre. Mise à jour : 2012"},"geometry":{"type":"Polygon","coordinates":[[[4.468986,45.80478],[4.468986,45.804679],[4.469069,45.80468],[4.46906,45.804825],[4.468989,45.804825],[4.468986,45.80478]]]}},{"type":"Feature","properties":{"osm_id":181171361,"building":"yes","source":"cadastre-dgi-fr source : Direction Générale des Impôts - Cadastre. Mise à jour : 2012"},"geometry":{"type":"Polygon","coordinates":[[[4.490422,45.786009],[4.490532,45.785997],[4.490553,45.786091],[4.490568,45.78615],[4.490456,45.78616],[4.490422,45.786009]]]}},{"type":"Feature","properties":{"osm_id":181171362,"building":"yes","source":"cadastre-dgi-fr source : Direction Générale des Impôts - Cadastre. Mise à jour : 2012"},"geometry":{"type":"Polygon","coordinates":[[[4.484319,45.785854],[4.484214,45.785779],[4.484174,45.78575],[4.48413,45.78572],[4.484212,45.78567],[4.484395,45.785802],[4.484319,45.785854]]]}},{"type":"Feature","properties":{"osm_id":181171364,"building":"yes","source":"cadastre-dgi-fr source : Direction Générale des Impôts - Cadastre. Mise à jour : 2012","wall":"no"},"geometry":{"type":"Polygon","coordinates":[[[4.479673,45.805564],[4.479442,45.805602],[4.479414,45.805565],[4.479418,45.805563],[4.479448,45.805548],[4.47966,45.805509],[4.479673,45.805564]]]}},{"type":"Feature","properties":{"osm_id":181171365,"building":"yes","source":"cadastre-dgi-fr source : Direction Générale des Impôts - Cadastre. Mise à jour : 2012","wall":"no"},"geometry":{"type":"Polygon","coordinates":[[[4.470576,45.801482],[4.470607,45.801439],[4.470572,45.801428],[4.47058,45.801416],[4.470626,45.801431],[4.470588,45.801486],[4.470576,45.801482]]]}},{"type":"Feature","properties":{"osm_id":181171366,"building":"yes","source":"cadastre-dgi-fr source : Direction Générale des Impôts - Cadastre. Mise à jour : 2012"},"geometry":{"type":"Polygon","coordinates":[[[4.470718,45.781806],[4.470819,45.781756],[4.470941,45.781876],[4.470844,45.781925],[4.470804,45.78189],[4.470759,45.781845],[4.470718,45.781806]]]}},{"type":"Feature","properties":{"osm_id":181171369,"building":"yes","source":"cadastre-dgi-fr source : Direction Générale des Impôts - Cadastre. Mise à jour : 2012"},"geometry":{"type":"Polygon","coordinates":[[[4.475751,45.790566],[4.475913,45.790522],[4.475946,45.790581],[4.475955,45.790596],[4.475837,45.79064],[4.475793,45.790627],[4.475751,45.790566]]]}},{"type":"Feature","properties":{"osm_id":181171370,"building":"yes","source":"cadastre-dgi-fr source : Direction Générale des Impôts - Cadastre. Mise à jour : 2012"},"geometry":{"type":"Polygon","coordinates":[[[4.460374,45.803829],[4.460465,45.803906],[4.460313,45.804002],[4.460266,45.804036],[4.460188,45.803966],[4.4602508,45.8039198],[4.460374,45.803829]]]}},{"type":"Feature","properties":{"osm_id":181171371,"building":"yes","source":"cadastre-dgi-fr source : Direction Générale des Impôts - Cadastre. Mise à jour : 2012"},"geometry":{"type":"Polygon","coordinates":[[[4.473883,45.800502],[4.473903,45.800597],[4.473811,45.800618],[4.473802,45.800592],[4.473735,45.800605],[4.473711,45.800522],[4.473883,45.800502]]]}},{"type":"Feature","properties":{"osm_id":181171372,"building":"yes","source":"cadastre-dgi-fr source : Direction Générale des Impôts - Cadastre. Mise à jour : 2012"},"geometry":{"type":"Polygon","coordinates":[[[4.484174,45.80191],[4.484216,45.801955],[4.484245,45.80199],[4.484217,45.802],[4.484173,45.801944],[4.484153,45.801917],[4.484174,45.80191]]]}},{"type":"Feature","properties":{"osm_id":181171374,"building":"yes","source":"cadastre-dgi-fr source : Direction Générale des Impôts - Cadastre. Mise à jour : 2012"},"geometry":{"type":"Polygon","coordinates":[[[4.485893,45.802112],[4.485867,45.802042],[4.485864,45.802029],[4.485933,45.802027],[4.485957,45.802036],[4.485991,45.802114],[4.485893,45.802112]]]}},{"type":"Feature","properties":{"osm_id":181171376,"building":"yes","source":"cadastre-dgi-fr source : Direction Générale des Impôts - Cadastre. Mise à jour : 2012"},"geometry":{"type":"Polygon","coordinates":[[[4.467137,45.799867],[4.467119,45.799766],[4.467174,45.79976],[4.467178,45.799779],[4.467295,45.799768],[4.467308,45.799851],[4.467137,45.799867]]]}},{"type":"Feature","properties":{"osm_id":181171377,"building":"yes","source":"cadastre-dgi-fr source : Direction Générale des Impôts - Cadastre. Mise à jour : 2012","wall":"no"},"geometry":{"type":"Polygon","coordinates":[[[4.486516,45.786712],[4.486557,45.786676],[4.486729,45.786748],[4.486732,45.786749],[4.486691,45.786799],[4.486505,45.786722],[4.486516,45.786712]]]}},{"type":"Feature","properties":{"osm_id":181171378,"building":"yes","source":"cadastre-dgi-fr source : Direction Générale des Impôts - Cadastre. Mise à jour : 2012"},"geometry":{"type":"Polygon","coordinates":[[[4.475312,45.800398],[4.475306,45.800438],[4.475265,45.800437],[4.475254,45.8005],[4.475162,45.800492],[4.475174,45.800402],[4.475312,45.800398]]]}},{"type":"Feature","properties":{"osm_id":181171379,"building":"yes","source":"cadastre-dgi-fr source : Direction Générale des Impôts - Cadastre. Mise à jour : 2012","wall":"no"},"geometry":{"type":"Polygon","coordinates":[[[4.449453,45.779683],[4.449445,45.779655],[4.449441,45.779637],[4.449515,45.779631],[4.449609,45.779628],[4.449614,45.779671],[4.449453,45.779683]]]}},{"type":"Feature","properties":{"osm_id":181171380,"building":"yes","source":"cadastre-dgi-fr source : Direction Générale des Impôts - Cadastre. Mise à jour : 2012"},"geometry":{"type":"Polygon","coordinates":[[[4.485982,45.787154],[4.486025,45.787121],[4.486072,45.787151],[4.486123,45.78715],[4.486123,45.787196],[4.486049,45.787198],[4.485982,45.787154]]]}},{"type":"Feature","properties":{"osm_id":181171381,"building":"yes","source":"cadastre-dgi-fr source : Direction Générale des Impôts - Cadastre. Mise à jour : 2012"},"geometry":{"type":"Polygon","coordinates":[[[4.486132,45.786718],[4.486205,45.786765],[4.486231,45.786747],[4.486302,45.786793],[4.486212,45.786858],[4.486068,45.786764],[4.486132,45.786718]]]}},{"type":"Feature","properties":{"osm_id":181171382,"building":"yes","source":"cadastre-dgi-fr source : Direction Générale des Impôts - Cadastre. Mise à jour : 2012"},"geometry":{"type":"Polygon","coordinates":[[[4.471864,45.780182],[4.471831,45.78012],[4.47197,45.780078],[4.471951,45.780045],[4.472014,45.780026],[4.472066,45.780123],[4.471864,45.780182]]]}},{"type":"Feature","properties":{"osm_id":181171383,"building":"yes","source":"cadastre-dgi-fr source : Direction Générale des Impôts - Cadastre. Mise à jour : 2012"},"geometry":{"type":"Polygon","coordinates":[[[4.488166,45.802655],[4.488137,45.80259],[4.488237,45.802569],[4.488226,45.802541],[4.488324,45.802523],[4.488362,45.802616],[4.488166,45.802655]]]}},{"type":"Feature","properties":{"osm_id":181171384,"building":"yes","source":"cadastre-dgi-fr source : Direction Générale des Impôts - Cadastre. Mise à jour : 2012"},"geometry":{"type":"Polygon","coordinates":[[[4.472825,45.795524],[4.472962,45.795491],[4.472974,45.795507],[4.472986,45.795538],[4.472997,45.795587],[4.472866,45.795608],[4.472825,45.795524]]]}},{"type":"Feature","properties":{"osm_id":181171385,"building":"yes","source":"cadastre-dgi-fr source : Direction Générale des Impôts - Cadastre. Mise à jour : 2012","wall":"no"},"geometry":{"type":"Polygon","coordinates":[[[4.466563,45.773567],[4.466622,45.77362],[4.466567,45.77365],[4.466527,45.77367],[4.466472,45.773613],[4.466509,45.773593],[4.466563,45.773567]]]}},{"type":"Feature","properties":{"osm_id":181171386,"building":"yes","source":"cadastre-dgi-fr source : Direction Générale des Impôts - Cadastre. Mise à jour : 2012"},"geometry":{"type":"Polygon","coordinates":[[[4.484491,45.80274],[4.48428,45.802869],[4.484241,45.802838],[4.484248,45.802833],[4.484211,45.802801],[4.484413,45.802678],[4.484491,45.80274]]]}},{"type":"Feature","properties":{"osm_id":181171387,"building":"yes","source":"cadastre-dgi-fr source : Direction Générale des Impôts - Cadastre. Mise à jour : 2012","wall":"no"},"geometry":{"type":"Polygon","coordinates":[[[4.484295,45.80225],[4.484347,45.802239],[4.484446,45.802217],[4.484478,45.802273],[4.484331,45.802312],[4.484313,45.80228],[4.484295,45.80225]]]}},{"type":"Feature","properties":{"osm_id":181171388,"building":"yes","source":"cadastre-dgi-fr source : Direction Générale des Impôts - Cadastre. Mise à jour : 2012"},"geometry":{"type":"Polygon","coordinates":[[[4.484419,45.802462],[4.484378,45.802415],[4.484526,45.802348],[4.48454,45.802372],[4.484564,45.802417],[4.484431,45.802473],[4.484419,45.802462]]]}},{"type":"Feature","properties":{"osm_id":181171389,"building":"yes","source":"cadastre-dgi-fr source : Direction Générale des Impôts - Cadastre. Mise à jour : 2012"},"geometry":{"type":"Polygon","coordinates":[[[4.486844,45.778407],[4.486864,45.778468],[4.486727,45.778492],[4.486697,45.778398],[4.486796,45.778381],[4.486807,45.778413],[4.486844,45.778407]]]}},{"type":"Feature","properties":{"osm_id":181171390,"building":"yes","source":"cadastre-dgi-fr source : Direction Générale des Impôts - Cadastre. Mise à jour : 2012"},"geometry":{"type":"Polygon","coordinates":[[[4.488977,45.803128],[4.488996,45.803178],[4.48891,45.803195],[4.48893,45.803247],[4.488822,45.803266],[4.488787,45.803166],[4.488977,45.803128]]]}},{"type":"Feature","properties":{"osm_id":181171391,"building":"yes","source":"cadastre-dgi-fr source : Direction Générale des Impôts - Cadastre. Mise à jour : 2012","wall":"no"},"geometry":{"type":"Polygon","coordinates":[[[4.488305,45.80182],[4.488285,45.801828],[4.488158,45.801855],[4.488139,45.801812],[4.488292,45.801779],[4.488296,45.801791],[4.488305,45.80182]]]}},{"type":"Feature","properties":{"osm_id":181171392,"building":"yes","source":"cadastre-dgi-fr source : Direction Générale des Impôts - Cadastre. Mise à jour : 2012"},"geometry":{"type":"Polygon","coordinates":[[[4.4776192,45.8011689],[4.4776715,45.8012678],[4.4774809,45.8013167],[4.4774366,45.8012327],[4.4775227,45.8012106],[4.4775148,45.8011957],[4.4776192,45.8011689]]]}},{"type":"Feature","properties":{"osm_id":181171393,"building":"yes","source":"cadastre-dgi-fr source : Direction Générale des Impôts - Cadastre. Mise à jour : 2012","wall":"no"},"geometry":{"type":"Polygon","coordinates":[[[4.460693,45.769527],[4.460687,45.769581],[4.460591,45.769578],[4.460593,45.769546],[4.460652,45.769537],[4.460654,45.769526],[4.460693,45.769527]]]}},{"type":"Feature","properties":{"osm_id":181171394,"building":"yes","source":"cadastre-dgi-fr source : Direction Générale des Impôts - Cadastre. Mise à jour : 2012"},"geometry":{"type":"Polygon","coordinates":[[[4.461216,45.777559],[4.461155,45.777597],[4.46108,45.777536],[4.461143,45.777497],[4.461244,45.777435],[4.461319,45.777492],[4.461216,45.777559]]]}},{"type":"Feature","properties":{"osm_id":181171395,"building":"yes","source":"cadastre-dgi-fr source : Direction Générale des Impôts - Cadastre. Mise à jour : 2012"},"geometry":{"type":"Polygon","coordinates":[[[4.480112,45.802962],[4.479972,45.802889],[4.479939,45.802873],[4.47999,45.802826],[4.480124,45.802891],[4.48017,45.802916],[4.480112,45.802962]]]}},{"type":"Feature","properties":{"osm_id":181171396,"building":"yes","source":"cadastre-dgi-fr source : Direction Générale des Impôts - Cadastre. Mise à jour : 2012"},"geometry":{"type":"Polygon","coordinates":[[[4.4702,45.781968],[4.470201,45.78197],[4.470261,45.78205],[4.470171,45.782084],[4.470129,45.782031],[4.47011,45.782003],[4.4702,45.781968]]]}},{"type":"Feature","properties":{"osm_id":181171398,"building":"yes","source":"cadastre-dgi-fr source : Direction Générale des Impôts - Cadastre. Mise à jour : 2012"},"geometry":{"type":"Polygon","coordinates":[[[4.486853,45.778248],[4.48694,45.778265],[4.486908,45.778342],[4.486902,45.778357],[4.486817,45.778338],[4.486831,45.7783],[4.486853,45.778248]]]}},{"type":"Feature","properties":{"osm_id":181171399,"building":"yes","source":"cadastre-dgi-fr source : Direction Générale des Impôts - Cadastre. Mise à jour : 2012"},"geometry":{"type":"Polygon","coordinates":[[[4.460513,45.804221],[4.460444,45.804171],[4.460515,45.804107],[4.460563,45.804064],[4.4606,45.804031],[4.460677,45.804067],[4.460513,45.804221]]]}},{"type":"Feature","properties":{"osm_id":181171400,"building":"yes","source":"cadastre-dgi-fr source : Direction Générale des Impôts - Cadastre. Mise à jour : 2012"},"geometry":{"type":"Polygon","coordinates":[[[4.480546,45.800901],[4.480478,45.800843],[4.480479,45.800836],[4.480588,45.800773],[4.48067,45.800721],[4.480737,45.800786],[4.480546,45.800901]]]}},{"type":"Feature","properties":{"osm_id":181171401,"building":"yes","source":"cadastre-dgi-fr source : Direction Générale des Finances Publiques - Cadastre. Mise à jour : 2023","wall":"no"},"geometry":{"type":"Polygon","coordinates":[[[4.4689775,45.7824919],[4.4689788,45.782487],[4.4689097,45.7824783],[4.4689208,45.7824353],[4.4689137,45.7824344],[4.4689359,45.7823486],[4.469179,45.7823792],[4.4691445,45.7825129],[4.4689775,45.7824919]]]}},{"type":"Feature","properties":{"osm_id":181171402,"building":"yes","source":"cadastre-dgi-fr source : Direction Générale des Impôts - Cadastre. Mise à jour : 2012"},"geometry":{"type":"Polygon","coordinates":[[[4.485646,45.802206],[4.485589,45.802055],[4.485681,45.802041],[4.485739,45.802163],[4.48576,45.80222],[4.485661,45.802248],[4.485646,45.802206]]]}},{"type":"Feature","properties":{"osm_id":181171404,"building":"yes","source":"cadastre-dgi-fr source : Direction Générale des Impôts - Cadastre. Mise à jour : 2012","wall":"no"},"geometry":{"type":"Polygon","coordinates":[[[4.484243,45.802452],[4.484332,45.8024],[4.484355,45.802425],[4.484378,45.802415],[4.484419,45.802462],[4.484322,45.802513],[4.484243,45.802452]]]}},{"type":"Feature","properties":{"osm_id":181171405,"building":"yes","source":"cadastre-dgi-fr source : Direction Générale des Impôts - Cadastre. Mise à jour : 2012"},"geometry":{"type":"Polygon","coordinates":[[[4.460361,45.778272],[4.460433,45.778246],[4.460417,45.778226],[4.460469,45.778197],[4.460563,45.778296],[4.460408,45.778349],[4.460361,45.778272]]]}},{"type":"Feature","properties":{"osm_id":181171406,"building":"yes","source":"cadastre-dgi-fr source : Direction Générale des Impôts - Cadastre. Mise à jour : 2012","wall":"no"},"geometry":{"type":"Polygon","coordinates":[[[4.464514,45.781509],[4.464505,45.781547],[4.464493,45.781547],[4.464475,45.78159],[4.464388,45.781578],[4.464418,45.781494],[4.464514,45.781509]]]}},{"type":"Feature","properties":{"osm_id":181171407,"building":"yes","source":"cadastre-dgi-fr source : Direction Générale des Impôts - Cadastre. Mise à jour : 2012"},"geometry":{"type":"Polygon","coordinates":[[[4.473853,45.802766],[4.473922,45.80271],[4.473911,45.802701],[4.473984,45.802647],[4.47408,45.802711],[4.473931,45.802819],[4.473853,45.802766]]]}},{"type":"Feature","properties":{"osm_id":181171408,"building":"yes","source":"cadastre-dgi-fr source : Direction Générale des Impôts - Cadastre. Mise à jour : 2012"},"geometry":{"type":"Polygon","coordinates":[[[4.491368,45.80583],[4.491389,45.805895],[4.491392,45.805905],[4.491139,45.805947],[4.491119,45.805876],[4.491191,45.805863],[4.491368,45.80583]]]}},{"type":"Feature","properties":{"osm_id":181171409,"building":"yes","source":"cadastre-dgi-fr source : Direction Générale des Impôts - Cadastre. Mise à jour : 2012","wall":"no"},"geometry":{"type":"Polygon","coordinates":[[[4.491389,45.805895],[4.491368,45.80583],[4.491191,45.805863],[4.491183,45.805837],[4.491415,45.805795],[4.491443,45.805886],[4.491389,45.805895]]]}},{"type":"Feature","properties":{"osm_id":181171410,"building":"yes","source":"cadastre-dgi-fr source : Direction Générale des Impôts - Cadastre. Mise à jour : 2012","wall":"no"},"geometry":{"type":"Polygon","coordinates":[[[4.486367,45.786557],[4.486444,45.78659],[4.486404,45.786628],[4.486385,45.786645],[4.486312,45.786608],[4.486326,45.786594],[4.486367,45.786557]]]}},{"type":"Feature","properties":{"osm_id":181171411,"building":"yes","source":"cadastre-dgi-fr source : Direction Générale des Impôts - Cadastre. Mise à jour : 2012"},"geometry":{"type":"Polygon","coordinates":[[[4.480117,45.783713],[4.480104,45.783735],[4.480064,45.783728],[4.480046,45.783764],[4.480002,45.783755],[4.480033,45.783694],[4.480117,45.783713]]]}},{"type":"Feature","properties":{"osm_id":181171412,"building":"yes","source":"cadastre-dgi-fr source : Direction Générale des Impôts - Cadastre. Mise à jour : 2012"},"geometry":{"type":"Polygon","coordinates":[[[4.472794,45.791534],[4.472775,45.791372],[4.47297,45.791361],[4.47297,45.791363],[4.473356,45.791344],[4.473374,45.791499],[4.472794,45.791534]]]}},{"type":"Feature","properties":{"osm_id":181171413,"building":"yes","source":"cadastre-dgi-fr source : Direction Générale des Impôts - Cadastre. Mise à jour : 2012"},"geometry":{"type":"Polygon","coordinates":[[[4.483961,45.7803844],[4.4839061,45.7803745],[4.483914,45.780353],[4.483931,45.780346],[4.483959,45.780351],[4.483969,45.780363],[4.483961,45.7803844]]]}},{"type":"Feature","properties":{"osm_id":181171414,"building":"yes","source":"cadastre-dgi-fr source : Direction Générale des Impôts - Cadastre. Mise à jour : 2012","wall":"no"},"geometry":{"type":"Polygon","coordinates":[[[4.486903,45.79406],[4.486859,45.794078],[4.486811,45.794032],[4.486804,45.794026],[4.487105,45.793903],[4.487199,45.793943],[4.486903,45.79406]]]}},{"type":"Feature","properties":{"osm_id":181171415,"building":"yes","source":"cadastre-dgi-fr source : Direction Générale des Impôts - Cadastre. Mise à jour : 2012"},"geometry":{"type":"Polygon","coordinates":[[[4.486529,45.787489],[4.48655,45.787541],[4.486505,45.7875514],[4.48642,45.787571],[4.486396,45.787517],[4.486424,45.787512],[4.486529,45.787489]]]}},{"type":"Feature","properties":{"osm_id":181171416,"building":"yes","source":"cadastre-dgi-fr source : Direction Générale des Impôts - Cadastre. Mise à jour : 2012","wall":"no"},"geometry":{"type":"Polygon","coordinates":[[[4.458417,45.773612],[4.458386,45.773627],[4.458373,45.77362],[4.458344,45.7736],[4.458413,45.773555],[4.458458,45.773588],[4.458417,45.773612]]]}},{"type":"Feature","properties":{"osm_id":181171417,"building":"yes","source":"cadastre-dgi-fr source : Direction Générale des Impôts - Cadastre. Mise à jour : 2012","wall":"no"},"geometry":{"type":"Polygon","coordinates":[[[4.471859,45.804169],[4.471911,45.804221],[4.471869,45.804253],[4.471737,45.80415],[4.471765,45.804135],[4.471821,45.804185],[4.471859,45.804169]]]}},{"type":"Feature","properties":{"osm_id":181171418,"building":"yes","source":"cadastre-dgi-fr source : Direction Générale des Impôts - Cadastre. Mise à jour : 2012"},"geometry":{"type":"Polygon","coordinates":[[[4.485714,45.786263],[4.485758,45.78623],[4.485779,45.786241],[4.485812,45.786217],[4.485913,45.78627],[4.485844,45.786331],[4.485714,45.786263]]]}},{"type":"Feature","properties":{"osm_id":181171419,"building":"yes","source":"cadastre-dgi-fr source : Direction Générale des Impôts - Cadastre. Mise à jour : 2012"},"geometry":{"type":"Polygon","coordinates":[[[4.4866628,45.8021741],[4.486742,45.802159],[4.48678,45.802257],[4.486628,45.802288],[4.4866,45.802218],[4.486674,45.802202],[4.4866628,45.8021741]]]}},{"type":"Feature","properties":{"osm_id":181171420,"building":"yes","source":"cadastre-dgi-fr source : Direction Générale des Impôts - Cadastre. Mise à jour : 2012"},"geometry":{"type":"Polygon","coordinates":[[[4.464475,45.78159],[4.464493,45.781547],[4.464505,45.781547],[4.464677,45.781575],[4.464786,45.781596],[4.464772,45.781642],[4.464475,45.78159]]]}},{"type":"Feature","properties":{"osm_id":181171421,"building":"yes","source":"cadastre-dgi-fr source : Direction Générale des Impôts - Cadastre. Mise à jour : 2012","wall":"no"},"geometry":{"type":"Polygon","coordinates":[[[4.470759,45.781845],[4.470663,45.78189],[4.470625,45.781852],[4.470646,45.78184],[4.47069,45.781819],[4.470718,45.781806],[4.470759,45.781845]]]}},{"type":"Feature","properties":{"osm_id":181171422,"building":"yes","source":"cadastre-dgi-fr source : Direction Générale des Impôts - Cadastre. Mise à jour : 2012","wall":"no"},"geometry":{"type":"Polygon","coordinates":[[[4.480309,45.791804],[4.480318,45.791763],[4.480325,45.791742],[4.480346,45.791743],[4.480428,45.791752],[4.480412,45.79181],[4.480309,45.791804]]]}},{"type":"Feature","properties":{"osm_id":181171423,"building":"yes","source":"cadastre-dgi-fr source : Direction Générale des Impôts - Cadastre. Mise à jour : 2012","wall":"no"},"geometry":{"type":"Polygon","coordinates":[[[4.486516,45.786712],[4.486505,45.786722],[4.486492,45.786733],[4.486409,45.786694],[4.486433,45.786673],[4.486449,45.78668],[4.486516,45.786712]]]}},{"type":"Feature","properties":{"osm_id":181171424,"building":"yes","source":"cadastre-dgi-fr source : Direction Générale des Impôts - Cadastre. Mise à jour : 2012"},"geometry":{"type":"Polygon","coordinates":[[[4.488921,45.787116],[4.488964,45.787095],[4.488947,45.787078],[4.489016,45.787045],[4.489079,45.787101],[4.488965,45.787157],[4.488921,45.787116]]]}},{"type":"Feature","properties":{"osm_id":181171425,"building":"yes","source":"cadastre-dgi-fr source : Direction Générale des Impôts - Cadastre. Mise à jour : 2012","wall":"no"},"geometry":{"type":"Polygon","coordinates":[[[4.469845,45.782187],[4.469844,45.782184],[4.469822,45.782189],[4.469785,45.78213],[4.469873,45.782102],[4.469909,45.782165],[4.469845,45.782187]]]}},{"type":"Feature","properties":{"osm_id":181171426,"building":"yes","source":"cadastre-dgi-fr source : Direction Générale des Impôts - Cadastre. Mise à jour : 2012","wall":"no"},"geometry":{"type":"Polygon","coordinates":[[[4.487919,45.802397],[4.487951,45.802345],[4.488042,45.802355],[4.488012,45.802377],[4.487975,45.802398],[4.487907,45.802424],[4.487919,45.802397]]]}},{"type":"Feature","properties":{"osm_id":181171427,"building":"yes","source":"cadastre-dgi-fr source : Direction Générale des Impôts - Cadastre. Mise à jour : 2012","wall":"no"},"geometry":{"type":"Polygon","coordinates":[[[4.472066,45.780123],[4.472088,45.780162],[4.472132,45.780245],[4.472077,45.780261],[4.472071,45.780262],[4.471997,45.780144],[4.472066,45.780123]]]}},{"type":"Feature","properties":{"osm_id":181171428,"building":"yes","source":"cadastre-dgi-fr source : Direction Générale des Impôts - Cadastre. Mise à jour : 2012"},"geometry":{"type":"Polygon","coordinates":[[[4.472247,45.805155],[4.472288,45.805123],[4.472314,45.805136],[4.472348,45.805109],[4.472424,45.805157],[4.472349,45.805215],[4.472247,45.805155]]]}},{"type":"Feature","properties":{"osm_id":181171429,"building":"yes","source":"cadastre-dgi-fr source : Direction Générale des Impôts - Cadastre. Mise à jour : 2012"},"geometry":{"type":"Polygon","coordinates":[[[4.470646,45.78184],[4.470625,45.781852],[4.470588,45.78187],[4.470555,45.781837],[4.470658,45.781785],[4.47069,45.781819],[4.470646,45.78184]]]}},{"type":"Feature","properties":{"osm_id":181171430,"building":"yes","source":"cadastre-dgi-fr source : Direction Générale des Impôts - Cadastre. Mise à jour : 2012"},"geometry":{"type":"Polygon","coordinates":[[[4.485015,45.802672],[4.484986,45.802612],[4.485093,45.802587],[4.485079,45.802559],[4.485153,45.802542],[4.485198,45.802629],[4.485015,45.802672]]]}},{"type":"Feature","properties":{"osm_id":181171431,"building":"yes","source":"cadastre-dgi-fr source : Direction Générale des Impôts - Cadastre. Mise à jour : 2012","wall":"no"},"geometry":{"type":"Polygon","coordinates":[[[4.490966,45.806091],[4.491045,45.806078],[4.491132,45.806065],[4.49114,45.806089],[4.491099,45.806105],[4.490977,45.806125],[4.490966,45.806091]]]}},{"type":"Feature","properties":{"osm_id":181171432,"building":"yes","source":"cadastre-dgi-fr source : Direction Générale des Impôts - Cadastre. Mise à jour : 2012"},"geometry":{"type":"Polygon","coordinates":[[[4.474017,45.800487],[4.474116,45.800491],[4.474129,45.800654],[4.474051,45.800656],[4.474041,45.800546],[4.474025,45.800545],[4.474017,45.800487]]]}},{"type":"Feature","properties":{"osm_id":181171433,"building":"yes","source":"cadastre-dgi-fr source : Direction Générale des Impôts - Cadastre. Mise à jour : 2012"},"geometry":{"type":"Polygon","coordinates":[[[4.4710853,45.7983403],[4.4710806,45.798351],[4.470946,45.798314],[4.470968,45.79826],[4.47099,45.7982],[4.471127,45.798227],[4.4710853,45.7983403]]]}},{"type":"Feature","properties":{"osm_id":181171435,"building":"yes","source":"cadastre-dgi-fr source : Direction Générale des Impôts - Cadastre. Mise à jour : 2012"},"geometry":{"type":"Polygon","coordinates":[[[4.470258,45.775177],[4.470055,45.775126],[4.470101,45.775038],[4.470174,45.775057],[4.47017,45.775067],[4.470298,45.7751],[4.470258,45.775177]]]}},{"type":"Feature","properties":{"osm_id":181171436,"building":"yes","source":"cadastre-dgi-fr source : Direction Générale des Impôts - Cadastre. Mise à jour : 2012"},"geometry":{"type":"Polygon","coordinates":[[[4.486784,45.794101],[4.486738,45.794061],[4.486804,45.794026],[4.486811,45.794032],[4.486859,45.794078],[4.486795,45.794109],[4.486784,45.794101]]]}},{"type":"Feature","properties":{"osm_id":181171438,"building":"yes","source":"cadastre-dgi-fr source : Direction Générale des Impôts - Cadastre. Mise à jour : 2012"},"geometry":{"type":"Polygon","coordinates":[[[4.482899,45.803193],[4.482929,45.803239],[4.482866,45.803259],[4.482852,45.803237],[4.48282,45.803245],[4.482803,45.803221],[4.482899,45.803193]]]}},{"type":"Feature","properties":{"osm_id":181171439,"building":"yes","source":"cadastre-dgi-fr source : Direction Générale des Impôts - Cadastre. Mise à jour : 2012"},"geometry":{"type":"Polygon","coordinates":[[[4.491073,45.80602],[4.491043,45.80593],[4.490993,45.805939],[4.490979,45.805902],[4.491119,45.805876],[4.491139,45.805947],[4.491156,45.806004],[4.491073,45.80602]]]}},{"type":"Feature","properties":{"osm_id":181171440,"building":"yes","source":"cadastre-dgi-fr source : Direction Générale des Impôts - Cadastre. Mise à jour : 2012","wall":"no"},"geometry":{"type":"Polygon","coordinates":[[[4.459022,45.773425],[4.459009,45.773383],[4.459056,45.773376],[4.459142,45.773364],[4.459175,45.773399],[4.459182,45.773422],[4.459028,45.773442],[4.459022,45.773425]]]}},{"type":"Feature","properties":{"osm_id":181171441,"building":"yes","source":"cadastre-dgi-fr source : Direction Générale des Impôts - Cadastre. Mise à jour : 2012"},"geometry":{"type":"Polygon","coordinates":[[[4.468932,45.781955],[4.468913,45.781906],[4.468944,45.781899],[4.468932,45.781863],[4.468972,45.781854],[4.469006,45.781849],[4.469039,45.781942],[4.468932,45.781955]]]}},{"type":"Feature","properties":{"osm_id":181171442,"building":"yes","source":"cadastre-dgi-fr source : Direction Générale des Impôts - Cadastre. Mise à jour : 2012"},"geometry":{"type":"Polygon","coordinates":[[[4.470435,45.77484],[4.470396,45.774913],[4.470248,45.774876],[4.47017,45.774858],[4.470205,45.774784],[4.470435,45.77484]]]}},{"type":"Feature","properties":{"osm_id":181171443,"building":"yes","source":"cadastre-dgi-fr source : Direction Générale des Impôts - Cadastre. Mise à jour : 2012"},"geometry":{"type":"Polygon","coordinates":[[[4.473205,45.80488],[4.473158,45.80486],[4.473101,45.804841],[4.473111,45.804822],[4.473081,45.804813],[4.47311,45.804755],[4.473252,45.804791],[4.473205,45.80488]]]}},{"type":"Feature","properties":{"osm_id":181171444,"building":"yes","source":"cadastre-dgi-fr source : Direction Générale des Impôts - Cadastre. Mise à jour : 2012"},"geometry":{"type":"Polygon","coordinates":[[[4.45857,45.773529],[4.458662,45.773615],[4.458657,45.773621],[4.458712,45.773669],[4.458573,45.773744],[4.458417,45.773612],[4.458458,45.773588],[4.45857,45.773529]]]}},{"type":"Feature","properties":{"osm_id":181171446,"building":"yes","source":"cadastre-dgi-fr source : Direction Générale des Impôts - Cadastre. Mise à jour : 2012"},"geometry":{"type":"Polygon","coordinates":[[[4.4606,45.804031],[4.460522,45.803991],[4.4605307,45.8039848],[4.4605648,45.8039589],[4.460606,45.803979],[4.46061,45.803976],[4.460638,45.803994],[4.4606,45.804031]]]}},{"type":"Feature","properties":{"osm_id":181171447,"building":"yes","source":"cadastre-dgi-fr source : Direction Générale des Impôts - Cadastre. Mise à jour : 2012"},"geometry":{"type":"Polygon","coordinates":[[[4.484652,45.802338],[4.484607,45.802265],[4.484693,45.802228],[4.484744,45.802343],[4.484677,45.802383],[4.484635,45.802395],[4.484608,45.802351],[4.484652,45.802338]]]}},{"type":"Feature","properties":{"osm_id":181171448,"building":"yes","source":"cadastre-dgi-fr source : Direction Générale des Impôts - Cadastre. Mise à jour : 2012","wall":"no"},"geometry":{"type":"Polygon","coordinates":[[[4.470968,45.79826],[4.470946,45.798314],[4.47071,45.798253],[4.470725,45.798224],[4.470739,45.798197],[4.470968,45.79826]]]}},{"type":"Feature","properties":{"osm_id":181171450,"building":"yes","source":"cadastre-dgi-fr source : Direction Générale des Impôts - Cadastre. Mise à jour : 2012"},"geometry":{"type":"Polygon","coordinates":[[[4.470464,45.781995],[4.470432,45.781948],[4.470539,45.781892],[4.470625,45.781977],[4.470666,45.782018],[4.47058,45.782034],[4.470509,45.782061],[4.470464,45.781995]]]}},{"type":"Feature","properties":{"osm_id":181171451,"building":"yes","source":"cadastre-dgi-fr source : Direction Générale des Impôts - Cadastre. Mise à jour : 2012"},"geometry":{"type":"Polygon","coordinates":[[[4.474337,45.798816],[4.474324,45.79881],[4.474315,45.798799],[4.474292,45.798764],[4.474347,45.79875],[4.474365,45.79877],[4.474369,45.798788],[4.474337,45.798816]]]}},{"type":"Feature","properties":{"osm_id":181171452,"building":"yes","source":"cadastre-dgi-fr source : Direction Générale des Impôts - Cadastre. Mise à jour : 2012"},"geometry":{"type":"Polygon","coordinates":[[[4.479875,45.783744],[4.479804,45.783729],[4.479817,45.783701],[4.479783,45.783695],[4.479804,45.783643],[4.479815,45.783645],[4.479909,45.783667],[4.479875,45.783744]]]}},{"type":"Feature","properties":{"osm_id":181171454,"building":"yes","source":"cadastre-dgi-fr source : Direction Générale des Impôts - Cadastre. Mise à jour : 2012"},"geometry":{"type":"Polygon","coordinates":[[[4.490966,45.806091],[4.490977,45.806125],[4.490877,45.806141],[4.490899,45.806208],[4.490784,45.806226],[4.49075,45.806125],[4.49082,45.806115],[4.490966,45.806091]]]}},{"type":"Feature","properties":{"osm_id":181171458,"building":"yes","source":"cadastre-dgi-fr source : Direction Générale des Impôts - Cadastre. Mise à jour : 2012"},"geometry":{"type":"Polygon","coordinates":[[[4.472787,45.791683],[4.472901,45.791663],[4.47292,45.791773],[4.472921,45.791788],[4.472867,45.791792],[4.472807,45.791802],[4.472802,45.791786],[4.472787,45.791683]]]}},{"type":"Feature","properties":{"osm_id":181171460,"building":"yes","source":"cadastre-dgi-fr source : Direction Générale des Impôts - Cadastre. Mise à jour : 2012","wall":"no"},"geometry":{"type":"Polygon","coordinates":[[[4.479939,45.802873],[4.479972,45.802889],[4.479878,45.802982],[4.479841,45.802963],[4.479805,45.802945],[4.479836,45.802911],[4.479898,45.802853],[4.479939,45.802873]]]}},{"type":"Feature","properties":{"osm_id":181171462,"building":"yes","source":"cadastre-dgi-fr source : Direction Générale des Impôts - Cadastre. Mise à jour : 2012"},"geometry":{"type":"Polygon","coordinates":[[[4.484939,45.801759],[4.484885,45.801695],[4.484865,45.801672],[4.484946,45.801638],[4.484965,45.801659],[4.484975,45.801654],[4.485031,45.801718],[4.484939,45.801759]]]}},{"type":"Feature","properties":{"osm_id":181171464,"building":"yes","source":"cadastre-dgi-fr source : Direction Générale des Impôts - Cadastre. Mise à jour : 2012"},"geometry":{"type":"Polygon","coordinates":[[[4.471737,45.80415],[4.471657,45.804076],[4.471743,45.804028],[4.471763,45.804045],[4.471772,45.804038],[4.47182,45.80409],[4.471765,45.804135],[4.471737,45.80415]]]}},{"type":"Feature","properties":{"osm_id":181171465,"building":"yes","source":"cadastre-dgi-fr source : Direction Générale des Impôts - Cadastre. Mise à jour : 2012","wall":"no"},"geometry":{"type":"Polygon","coordinates":[[[4.463845,45.771488],[4.463849,45.771612],[4.463854,45.771689],[4.463762,45.771684],[4.463751,45.771409],[4.46381,45.771412],[4.463842,45.771415],[4.463845,45.771488]]]}},{"type":"Feature","properties":{"osm_id":181171469,"building":"yes","source":"cadastre-dgi-fr source : Direction Générale des Impôts - Cadastre. Mise à jour : 2012"},"geometry":{"type":"Polygon","coordinates":[[[4.466007,45.773539],[4.466201,45.773536],[4.466206,45.773536],[4.466209,45.773604],[4.465988,45.773608],[4.465975,45.773594],[4.465941,45.773542],[4.466007,45.773539]]]}},{"type":"Feature","properties":{"osm_id":181171471,"building":"yes","source":"cadastre-dgi-fr source : Direction Générale des Impôts - Cadastre. Mise à jour : 2012"},"geometry":{"type":"Polygon","coordinates":[[[4.46051,45.803939],[4.460532,45.803924],[4.460574,45.803951],[4.4605648,45.8039589],[4.4605307,45.8039848],[4.460497,45.803961],[4.460519,45.803945],[4.46051,45.803939]]]}},{"type":"Feature","properties":{"osm_id":181171473,"building":"yes","source":"cadastre-dgi-fr source : Direction Générale des Impôts - Cadastre. Mise à jour : 2012"},"geometry":{"type":"Polygon","coordinates":[[[4.487265,45.802712],[4.487268,45.802783],[4.487082,45.802787],[4.487075,45.802689],[4.487177,45.802688],[4.487177,45.802698],[4.487177,45.802713],[4.487265,45.802712]]]}},{"type":"Feature","properties":{"osm_id":181171474,"building":"yes","source":"cadastre-dgi-fr source : Direction Générale des Impôts - Cadastre. Mise à jour : 2012"},"geometry":{"type":"Polygon","coordinates":[[[4.470485,45.801449],[4.470342,45.801398],[4.470374,45.80135],[4.47058,45.801416],[4.470572,45.801428],[4.470607,45.801439],[4.470576,45.801482],[4.470485,45.801449]]]}},{"type":"Feature","properties":{"osm_id":181171476,"building":"yes","source":"cadastre-dgi-fr source : Direction Générale des Impôts - Cadastre. Mise à jour : 2012"},"geometry":{"type":"Polygon","coordinates":[[[4.471188,45.804578],[4.471224,45.804602],[4.471234,45.804597],[4.471273,45.804622],[4.471315,45.804652],[4.471252,45.804697],[4.471131,45.804618],[4.471188,45.804578]]]}},{"type":"Feature","properties":{"osm_id":181171481,"building":"yes","source":"cadastre-dgi-fr source : Direction Générale des Impôts - Cadastre. Mise à jour : 2012"},"geometry":{"type":"Polygon","coordinates":[[[4.4809787,45.7993466],[4.4810211,45.7993958],[4.480953,45.799427],[4.480917,45.799442],[4.4808433,45.7994608],[4.480811,45.799414],[4.480929,45.799365],[4.4809787,45.7993466]]]}},{"type":"Feature","properties":{"osm_id":181171482,"building":"yes","source":"cadastre-dgi-fr source : Direction Générale des Impôts - Cadastre. Mise à jour : 2012"},"geometry":{"type":"Polygon","coordinates":[[[4.486638,45.793622],[4.486538,45.793575],[4.4865434,45.7935722],[4.4868178,45.7934288],[4.486848,45.793413],[4.486924,45.793481],[4.486778,45.793553],[4.486638,45.793622]]]}},{"type":"Feature","properties":{"osm_id":181171483,"building":"yes","source":"cadastre-dgi-fr source : Direction Générale des Impôts - Cadastre. Mise à jour : 2012","wall":"no"},"geometry":{"type":"Polygon","coordinates":[[[4.491156,45.806004],[4.491159,45.806014],[4.491172,45.806059],[4.491132,45.806065],[4.491045,45.806078],[4.491028,45.806028],[4.491073,45.80602],[4.491156,45.806004]]]}},{"type":"Feature","properties":{"osm_id":181171485,"building":"yes","source":"cadastre-dgi-fr source : Direction Générale des Impôts - Cadastre. Mise à jour : 2012"},"geometry":{"type":"Polygon","coordinates":[[[4.47938,45.805703],[4.479357,45.805662],[4.479333,45.80562],[4.479317,45.805592],[4.479414,45.805565],[4.479442,45.805602],[4.479505,45.805679],[4.47938,45.805703]]]}},{"type":"Feature","properties":{"osm_id":181171489,"building":"yes","source":"cadastre-dgi-fr source : Direction Générale des Impôts - Cadastre. Mise à jour : 2012"},"geometry":{"type":"Polygon","coordinates":[[[4.475468,45.800568],[4.475349,45.800526],[4.475248,45.800528],[4.475254,45.8005],[4.475366,45.8005],[4.475388,45.800466],[4.475498,45.800509],[4.475468,45.800568]]]}},{"type":"Feature","properties":{"osm_id":181171491,"building":"yes","source":"cadastre-dgi-fr source : Direction Générale des Impôts - Cadastre. Mise à jour : 2012","wall":"no"},"geometry":{"type":"Polygon","coordinates":[[[4.480085,45.791611],[4.480078,45.791679],[4.480071,45.791679],[4.479996,45.791668],[4.480041,45.791475],[4.480098,45.791483],[4.480093,45.791523],[4.480085,45.791611]]]}},{"type":"Feature","properties":{"osm_id":181171492,"building":"yes","source":"cadastre-dgi-fr source : Direction Générale des Impôts - Cadastre. Mise à jour : 2012","wall":"no"},"geometry":{"type":"Polygon","coordinates":[[[4.4710853,45.7983403],[4.471127,45.798227],[4.4711357,45.7982105],[4.471506,45.7983],[4.4713959,45.7984173],[4.4710853,45.7983403]]]}},{"type":"Feature","properties":{"osm_id":181171493,"building":"yes","source":"cadastre-dgi-fr source : Direction Générale des Impôts - Cadastre. Mise à jour : 2012"},"geometry":{"type":"Polygon","coordinates":[[[4.479878,45.802982],[4.48008,45.803087],[4.480021,45.803117],[4.479934,45.80307],[4.479884,45.803114],[4.479752,45.803043],[4.479841,45.802963],[4.479878,45.802982]]]}},{"type":"Feature","properties":{"osm_id":181171495,"building":"yes","source":"cadastre-dgi-fr source : Direction Générale des Impôts - Cadastre. Mise à jour : 2012","wall":"no"},"geometry":{"type":"Polygon","coordinates":[[[4.493344,45.784231],[4.493315,45.784341],[4.493271,45.784335],[4.493287,45.784276],[4.493313,45.784279],[4.49332,45.78425],[4.493295,45.784247],[4.4933,45.784226],[4.493344,45.784231]]]}},{"type":"Feature","properties":{"osm_id":181171503,"building":"yes","source":"cadastre-dgi-fr source : Direction Générale des Impôts - Cadastre. Mise à jour : 2012"},"geometry":{"type":"Polygon","coordinates":[[[4.486378,45.787757],[4.486349,45.787691],[4.4864121,45.7876782],[4.486487,45.787663],[4.48648,45.787643],[4.486504,45.787637],[4.486549,45.787626],[4.486574,45.787715],[4.486378,45.787757]]]}},{"type":"Feature","properties":{"osm_id":181171505,"building":"yes","source":"cadastre-dgi-fr source : Direction Générale des Impôts - Cadastre. Mise à jour : 2012"},"geometry":{"type":"Polygon","coordinates":[[[4.483917,45.802135],[4.483835,45.802032],[4.484002,45.801972],[4.484074,45.801945],[4.484097,45.801936],[4.484114,45.801962],[4.483964,45.802009],[4.48402,45.802089],[4.483917,45.802135]]]}},{"type":"Feature","properties":{"osm_id":181171506,"building":"yes","source":"cadastre-dgi-fr source : Direction Générale des Impôts - Cadastre. Mise à jour : 2012"},"geometry":{"type":"Polygon","coordinates":[[[4.493521,45.784183],[4.493525,45.784268],[4.493574,45.784268],[4.493574,45.784303],[4.493448,45.784302],[4.493443,45.784275],[4.493382,45.784275],[4.49338,45.784185],[4.493521,45.784183]]]}},{"type":"Feature","properties":{"osm_id":181171514,"building":"yes","source":"cadastre-dgi-fr source : Direction Générale des Impôts - Cadastre. Mise à jour : 2012","wall":"no"},"geometry":{"type":"Polygon","coordinates":[[[4.470397,45.78217],[4.470314,45.782189],[4.470246,45.782206],[4.470225,45.782177],[4.47033,45.782143],[4.470424,45.78211],[4.470439,45.782107],[4.470463,45.782142],[4.470397,45.78217]]]}},{"type":"Feature","properties":{"osm_id":181171516,"building":"yes","source":"cadastre-dgi-fr source : Direction Générale des Impôts - Cadastre. Mise à jour : 2012"},"geometry":{"type":"Polygon","coordinates":[[[4.499783,45.792433],[4.499841,45.792408],[4.499891,45.792471],[4.49987,45.79248],[4.499879,45.792494],[4.499789,45.792537],[4.499778,45.792516],[4.499827,45.792496],[4.499783,45.792433]]]}},{"type":"Feature","properties":{"osm_id":181171518,"building":"yes","source":"cadastre-dgi-fr source : Direction Générale des Impôts - Cadastre. Mise à jour : 2012"},"geometry":{"type":"Polygon","coordinates":[[[4.46683,45.79819],[4.466935,45.798197],[4.466919,45.798371],[4.466815,45.798364],[4.466821,45.798306],[4.466708,45.798265],[4.466727,45.79824],[4.466823,45.798261],[4.46683,45.79819]]]}},{"type":"Feature","properties":{"osm_id":181171519,"building":"yes","source":"cadastre-dgi-fr source : Direction Générale des Impôts - Cadastre. Mise à jour : 2012"},"geometry":{"type":"Polygon","coordinates":[[[4.464669,45.799018],[4.464796,45.799016],[4.464793,45.799147],[4.464876,45.799132],[4.464871,45.799175],[4.464773,45.799175],[4.464774,45.799154],[4.464673,45.799167],[4.464669,45.799018]]]}},{"type":"Feature","properties":{"osm_id":181171521,"building":"yes","source":"cadastre-dgi-fr source : Direction Générale des Impôts - Cadastre. Mise à jour : 2012"},"geometry":{"type":"Polygon","coordinates":[[[4.476326,45.779506],[4.476288,45.779541],[4.476261,45.779569],[4.476222,45.779547],[4.476201,45.779533],[4.476223,45.77951],[4.476178,45.779487],[4.476217,45.779449],[4.476326,45.779506]]]}},{"type":"Feature","properties":{"osm_id":181171526,"building":"yes","source":"cadastre-dgi-fr source : Direction Générale des Impôts - Cadastre. Mise à jour : 2012"},"geometry":{"type":"Polygon","coordinates":[[[4.453883,45.778038],[4.453957,45.777916],[4.454114,45.777968],[4.454087,45.77801],[4.454064,45.778003],[4.454041,45.778035],[4.454055,45.778042],[4.454027,45.77808],[4.453883,45.778038]]]}},{"type":"Feature","properties":{"osm_id":181171529,"building":"yes","source":"cadastre-dgi-fr source : Direction Générale des Impôts - Cadastre. Mise à jour : 2012"},"geometry":{"type":"Polygon","coordinates":[[[4.473041,45.795565],[4.473119,45.795532],[4.473109,45.795516],[4.473173,45.795496],[4.47319,45.795524],[4.473144,45.795546],[4.4732,45.79563],[4.473125,45.795664],[4.473041,45.795565]]]}},{"type":"Feature","properties":{"osm_id":181171531,"building":"yes","source":"cadastre-dgi-fr source : Direction Générale des Impôts - Cadastre. Mise à jour : 2012"},"geometry":{"type":"Polygon","coordinates":[[[4.466305,45.773818],[4.466039,45.773851],[4.466012,45.773761],[4.4660899,45.7737506],[4.466185,45.773738],[4.466181,45.773726],[4.46627,45.773715],[4.466274,45.773725],[4.466305,45.773818]]]}},{"type":"Feature","properties":{"osm_id":181171533,"building":"yes","source":"cadastre-dgi-fr source : Direction Générale des Impôts - Cadastre. Mise à jour : 2012","wall":"no"},"geometry":{"type":"Polygon","coordinates":[[[4.452429,45.77814],[4.452468,45.778186],[4.452397,45.77819],[4.452318,45.778195],[4.452262,45.778201],[4.452226,45.778172],[4.452292,45.778129],[4.452347,45.77817],[4.452429,45.77814]]]}},{"type":"Feature","properties":{"osm_id":181171539,"building":"yes","source":"cadastre-dgi-fr source : Direction Générale des Impôts - Cadastre. Mise à jour : 2012"},"geometry":{"type":"Polygon","coordinates":[[[4.4884,45.801978],[4.488369,45.801943],[4.488285,45.801828],[4.488305,45.80182],[4.488382,45.801794],[4.488403,45.801823],[4.488462,45.801904],[4.488493,45.801939],[4.4884,45.801978]]]}},{"type":"Feature","properties":{"osm_id":181171541,"building":"yes","source":"cadastre-dgi-fr source : Direction Générale des Impôts - Cadastre. Mise à jour : 2012"},"geometry":{"type":"Polygon","coordinates":[[[4.477382,45.781016],[4.477511,45.780992],[4.477529,45.781025],[4.477548,45.781024],[4.477568,45.781073],[4.477379,45.78111],[4.477362,45.781071],[4.477399,45.781064],[4.477382,45.781016]]]}},{"type":"Feature","properties":{"osm_id":181171542,"building":"yes","source":"cadastre-dgi-fr source : Direction Générale des Impôts - Cadastre. Mise à jour : 2012"},"geometry":{"type":"Polygon","coordinates":[[[4.476475,45.796628],[4.476549,45.796553],[4.476606,45.79658],[4.476705,45.796631],[4.476652,45.79668],[4.47658,45.796643],[4.476552,45.796666],[4.476503,45.79664],[4.476475,45.796628]]]}},{"type":"Feature","properties":{"osm_id":181171544,"building":"yes","source":"cadastre-dgi-fr source : Direction Générale des Impôts - Cadastre. Mise à jour : 2012","wall":"no"},"geometry":{"type":"Polygon","coordinates":[[[4.472931,45.791841],[4.472921,45.791788],[4.47292,45.791773],[4.473009,45.791766],[4.473105,45.791758],[4.47311,45.791772],[4.473013,45.79178],[4.473027,45.79183],[4.472931,45.791841]]]}},{"type":"Feature","properties":{"osm_id":181171546,"building":"yes","source":"cadastre-dgi-fr source : Direction Générale des Impôts - Cadastre. Mise à jour : 2012","wall":"no"},"geometry":{"type":"Polygon","coordinates":[[[4.466923,45.801911],[4.466946,45.801868],[4.467097,45.801888],[4.467211,45.801928],[4.467198,45.801948],[4.467296,45.80196],[4.467274,45.801989],[4.46711,45.801954],[4.466923,45.801911]]]}},{"type":"Feature","properties":{"osm_id":181171553,"building":"yes","source":"cadastre-dgi-fr source : Direction Générale des Impôts - Cadastre. Mise à jour : 2012"},"geometry":{"type":"Polygon","coordinates":[[[4.452429,45.77814],[4.452482,45.778119],[4.452488,45.778125],[4.452573,45.778092],[4.452601,45.778125],[4.452581,45.778134],[4.452588,45.778144],[4.452468,45.778186],[4.452429,45.77814]]]}},{"type":"Feature","properties":{"osm_id":181171556,"building":"yes","source":"cadastre-dgi-fr source : Direction Générale des Impôts - Cadastre. Mise à jour : 2012","wall":"no"},"geometry":{"type":"Polygon","coordinates":[[[4.469332,45.801526],[4.469333,45.801539],[4.469342,45.801539],[4.469347,45.801561],[4.469221,45.801625],[4.469205,45.801596],[4.469216,45.801594],[4.469193,45.801562],[4.469332,45.801526]]]}},{"type":"Feature","properties":{"osm_id":181171558,"building":"yes","source":"cadastre-dgi-fr source : Direction Générale des Impôts - Cadastre. Mise à jour : 2012"},"geometry":{"type":"Polygon","coordinates":[[[4.449453,45.779683],[4.449504,45.779881],[4.449512,45.779914],[4.449425,45.779925],[4.449411,45.779861],[4.449396,45.779863],[4.449344,45.779666],[4.449445,45.779655],[4.449453,45.779683]]]}},{"type":"Feature","properties":{"osm_id":181171561,"building":"yes","source":"cadastre-dgi-fr source : Direction Générale des Impôts - Cadastre. Mise à jour : 2012"},"geometry":{"type":"Polygon","coordinates":[[[4.464131,45.780802],[4.464005,45.780766],[4.464028,45.780729],[4.463926,45.780698],[4.464042,45.780488],[4.464271,45.780547],[4.464189,45.780697],[4.464175,45.780723],[4.464131,45.780802]]]}},{"type":"Feature","properties":{"osm_id":181171563,"building":"yes","source":"cadastre-dgi-fr source : Direction Générale des Impôts - Cadastre. Mise à jour : 2012","wall":"no"},"geometry":{"type":"Polygon","coordinates":[[[4.477504,45.781682],[4.477474,45.781659],[4.477489,45.78165],[4.477474,45.781639],[4.477499,45.781623],[4.477513,45.781634],[4.477532,45.781622],[4.477562,45.781644],[4.477504,45.781682]]]}},{"type":"Feature","properties":{"osm_id":181171571,"building":"yes","source":"cadastre-dgi-fr source : Direction Générale des Impôts - Cadastre. Mise à jour : 2012"},"geometry":{"type":"Polygon","coordinates":[[[4.453987,45.77814],[4.454073,45.778149],[4.454072,45.778176],[4.454193,45.778188],[4.454247,45.778193],[4.454226,45.778276],[4.453954,45.778247],[4.453958,45.778184],[4.453987,45.77814]]]}},{"type":"Feature","properties":{"osm_id":181171573,"building":"yes","source":"cadastre-dgi-fr source : Direction Générale des Impôts - Cadastre. Mise à jour : 2012"},"geometry":{"type":"Polygon","coordinates":[[[4.473105,45.791758],[4.473081,45.791686],[4.47319,45.791677],[4.473206,45.791717],[4.473229,45.791806],[4.473027,45.79183],[4.473013,45.79178],[4.47311,45.791772],[4.473105,45.791758]]]}},{"type":"Feature","properties":{"osm_id":181171574,"building":"yes","source":"cadastre-dgi-fr source : Direction Générale des Impôts - Cadastre. Mise à jour : 2012"},"geometry":{"type":"Polygon","coordinates":[[[4.466659,45.798084],[4.466655,45.798106],[4.466646,45.7981361],[4.466626,45.798203],[4.46665,45.798206],[4.466607,45.798272],[4.466555,45.798252],[4.46654,45.798217],[4.46657,45.798074],[4.466659,45.798084]]]}},{"type":"Feature","properties":{"osm_id":181171577,"building":"yes","source":"cadastre-dgi-fr source : Direction Générale des Impôts - Cadastre. Mise à jour : 2012"},"geometry":{"type":"Polygon","coordinates":[[[4.485861,45.7934],[4.485854,45.793395],[4.485813,45.793424],[4.485753,45.793464],[4.485696,45.793422],[4.485717,45.793401],[4.485822,45.793319],[4.485856,45.793297],[4.485925,45.793347],[4.485861,45.7934]]]}},{"type":"Feature","properties":{"osm_id":181171586,"building":"yes","source":"cadastre-dgi-fr source : Direction Générale des Impôts - Cadastre. Mise à jour : 2012"},"geometry":{"type":"Polygon","coordinates":[[[4.461574,45.777701],[4.461428,45.777765],[4.461375,45.77771],[4.461456,45.777672],[4.461438,45.777653],[4.461458,45.77764],[4.46143,45.777615],[4.461461,45.777595],[4.461499,45.777622],[4.461574,45.777701]]]}},{"type":"Feature","properties":{"osm_id":181171590,"building":"yes","source":"cadastre-dgi-fr source : Direction Générale des Impôts - Cadastre. Mise à jour : 2012"},"geometry":{"type":"Polygon","coordinates":[[[4.479537,45.807171],[4.47938,45.807242],[4.479306,45.807162],[4.479307,45.807158],[4.479469,45.807089],[4.479502,45.807126],[4.479546,45.807107],[4.479569,45.807143],[4.47953,45.807163],[4.479537,45.807171]]]}},{"type":"Feature","properties":{"osm_id":181171592,"building":"yes","source":"cadastre-dgi-fr source : Direction Générale des Impôts - Cadastre. Mise à jour : 2012","wall":"no"},"geometry":{"type":"Polygon","coordinates":[[[4.470988,45.781922],[4.470955,45.781939],[4.470788,45.781988],[4.470692,45.782013],[4.470666,45.782018],[4.470625,45.781977],[4.470804,45.78189],[4.470844,45.781925],[4.470941,45.781876],[4.470988,45.781922]]]}},{"type":"Feature","properties":{"osm_id":181171595,"addr:housenumber":"223","addr:street":"Chemin de la Chambardière","building":"yes","source":"cadastre-dgi-fr source : Direction Générale des Impôts - Cadastre. Mise à jour : 2012"},"geometry":{"type":"Polygon","coordinates":[[[4.474765,45.795357],[4.474718,45.795359],[4.474711,45.795347],[4.474629,45.795355],[4.474593,45.795281],[4.474646,45.795269],[4.474721,45.795255],[4.474732,45.79528],[4.474753,45.795325],[4.474765,45.795357]]]}},{"type":"Feature","properties":{"osm_id":181171597,"building":"yes","source":"cadastre-dgi-fr source : Direction Générale des Impôts - Cadastre. Mise à jour : 2012"},"geometry":{"type":"Polygon","coordinates":[[[4.4749,45.795297],[4.47489,45.795233],[4.474945,45.795225],[4.474942,45.795206],[4.474969,45.795203],[4.474975,45.795223],[4.474994,45.795223],[4.475019,45.795383],[4.474915,45.795371],[4.4749,45.795297]]]}},{"type":"Feature","properties":{"osm_id":181171605,"building":"yes","source":"cadastre-dgi-fr source : Direction Générale des Impôts - Cadastre. Mise à jour : 2012"},"geometry":{"type":"Polygon","coordinates":[[[4.479908,45.805795],[4.479856,45.805572],[4.479933,45.80556],[4.479946,45.80561],[4.479959,45.80566],[4.480033,45.805649],[4.480042,45.805685],[4.479974,45.805693],[4.479999,45.805784],[4.479908,45.805795]]]}},{"type":"Feature","properties":{"osm_id":181171607,"building":"yes","source":"cadastre-dgi-fr source : Direction Générale des Impôts - Cadastre. Mise à jour : 2012","wall":"no"},"geometry":{"type":"Polygon","coordinates":[[[4.461216,45.777559],[4.461283,45.777619],[4.461375,45.77771],[4.461428,45.777765],[4.461376,45.777787],[4.461291,45.777713],[4.461278,45.777717],[4.461145,45.777605],[4.461155,45.777597],[4.461216,45.777559]]]}},{"type":"Feature","properties":{"osm_id":181171609,"building":"yes","source":"cadastre-dgi-fr source : Direction Générale des Impôts - Cadastre. Mise à jour : 2012"},"geometry":{"type":"Polygon","coordinates":[[[4.469205,45.801596],[4.469038,45.801604],[4.469032,45.801484],[4.469128,45.801462],[4.469235,45.801431],[4.469242,45.801449],[4.469153,45.801479],[4.469193,45.801562],[4.469216,45.801594],[4.469205,45.801596]]]}},{"type":"Feature","properties":{"osm_id":181171611,"building":"yes","source":"cadastre-dgi-fr source : Direction Générale des Impôts - Cadastre. Mise à jour : 2012"},"geometry":{"type":"Polygon","coordinates":[[[4.460681,45.779325],[4.460573,45.779399],[4.460521,45.779364],[4.460513,45.779368],[4.460472,45.779329],[4.460518,45.779298],[4.460534,45.779307],[4.460603,45.779267],[4.460631,45.779289],[4.460681,45.779325]]]}},{"type":"Feature","properties":{"osm_id":181171618,"building":"yes","source":"cadastre-dgi-fr source : Direction Générale des Impôts - Cadastre. Mise à jour : 2012"},"geometry":{"type":"Polygon","coordinates":[[[4.466468,45.797986],[4.466474,45.797988],[4.466468,45.798043],[4.466287,45.798031],[4.46623,45.798024],[4.466218,45.797959],[4.466233,45.797943],[4.46632,45.797953],[4.466319,45.797974],[4.466468,45.797986]]]}},{"type":"Feature","properties":{"osm_id":181171620,"building":"yes","source":"cadastre-dgi-fr source : Direction Générale des Impôts - Cadastre. Mise à jour : 2012"},"geometry":{"type":"Polygon","coordinates":[[[4.490931,45.802933],[4.491272,45.802754],[4.491427,45.802673],[4.491492,45.802733],[4.491246,45.802862],[4.491265,45.80288],[4.491235,45.802896],[4.491215,45.802878],[4.491,45.802992],[4.490931,45.802933]]]}},{"type":"Feature","properties":{"osm_id":181171623,"building":"yes","source":"cadastre-dgi-fr source : Direction Générale des Impôts - Cadastre. Mise à jour : 2012","wall":"no"},"geometry":{"type":"Polygon","coordinates":[[[4.470345,45.775199],[4.470258,45.775177],[4.470298,45.7751],[4.4703028,45.775091],[4.470396,45.774913],[4.470435,45.77484],[4.47052,45.77486],[4.470377,45.77514],[4.470349,45.7752],[4.470345,45.775199]]]}},{"type":"Feature","properties":{"osm_id":181171625,"building":"yes","source":"cadastre-dgi-fr source : Direction Générale des Impôts - Cadastre. Mise à jour : 2012"},"geometry":{"type":"Polygon","coordinates":[[[4.486729,45.786748],[4.486778,45.786689],[4.486734,45.78667],[4.486757,45.786646],[4.4868,45.786663],[4.486832,45.786627],[4.486913,45.786658],[4.486808,45.786779],[4.486732,45.786749],[4.486729,45.786748]]]}},{"type":"Feature","properties":{"osm_id":181171627,"building":"yes","source":"cadastre-dgi-fr source : Direction Générale des Impôts - Cadastre. Mise à jour : 2012"},"geometry":{"type":"Polygon","coordinates":[[[4.499667,45.792398],[4.49965,45.792388],[4.499586,45.792348],[4.499537,45.792306],[4.499477,45.792268],[4.499553,45.79221],[4.499676,45.792285],[4.499751,45.792334],[4.499715,45.792363],[4.499667,45.792398]]]}},{"type":"Feature","properties":{"osm_id":181171633,"building":"yes","source":"cadastre-dgi-fr source : Direction Générale des Impôts - Cadastre. Mise à jour : 2012"},"geometry":{"type":"Polygon","coordinates":[[[4.469979,45.782146],[4.469941,45.78208],[4.469938,45.782069],[4.470017,45.782037],[4.4701,45.782155],[4.470081,45.782161],[4.470087,45.782175],[4.470099,45.782189],[4.470043,45.782217],[4.469979,45.782146]]]}},{"type":"Feature","properties":{"osm_id":181171636,"building":"yes","source":"cadastre-dgi-fr source : Direction Générale des Impôts - Cadastre. Mise à jour : 2012"},"geometry":{"type":"Polygon","coordinates":[[[4.486618,45.786618],[4.486557,45.786676],[4.486516,45.786712],[4.486449,45.78668],[4.486469,45.786663],[4.486534,45.786605],[4.486553,45.786617],[4.486613,45.786561],[4.486654,45.786584],[4.486618,45.786618]]]}},{"type":"Feature","properties":{"osm_id":181171639,"building":"yes","source":"cadastre-dgi-fr source : Direction Générale des Impôts - Cadastre. Mise à jour : 2012"},"geometry":{"type":"Polygon","coordinates":[[[4.460705,45.769401],[4.460693,45.769527],[4.460654,45.769526],[4.460652,45.769537],[4.460593,45.769546],[4.460565,45.769549],[4.460571,45.769428],[4.460642,45.769427],[4.460646,45.769397],[4.460705,45.769401]]]}},{"type":"Feature","properties":{"osm_id":181171640,"building":"yes","source":"cadastre-dgi-fr source : Direction Générale des Impôts - Cadastre. Mise à jour : 2012"},"geometry":{"type":"Polygon","coordinates":[[[4.468778,45.781861],[4.468808,45.781875],[4.468793,45.781893],[4.468838,45.781918],[4.468797,45.781953],[4.46878,45.78197],[4.468735,45.781966],[4.468768,45.781933],[4.468725,45.781909],[4.468778,45.781861]]]}},{"type":"Feature","properties":{"osm_id":181171646,"building":"yes","source":"cadastre-dgi-fr source : Direction Générale des Impôts - Cadastre. Mise à jour : 2012"},"geometry":{"type":"Polygon","coordinates":[[[4.4806277,45.7993638],[4.4807227,45.7993356],[4.4807745,45.7994234],[4.480794,45.7994739],[4.4807107,45.7994997],[4.4805677,45.7995304],[4.4805046,45.7994068],[4.4805907,45.7993851],[4.4806277,45.7993638]]]}},{"type":"Feature","properties":{"osm_id":181171648,"building":"yes","source":"cadastre-dgi-fr source : Direction Générale des Impôts - Cadastre. Mise à jour : 2012"},"geometry":{"type":"Polygon","coordinates":[[[4.479505,45.805679],[4.479524,45.805677],[4.479571,45.805813],[4.479513,45.805822],[4.479532,45.805872],[4.479481,45.80588],[4.479473,45.805865],[4.47945,45.805825],[4.47938,45.805703],[4.479505,45.805679]]]}},{"type":"Feature","properties":{"osm_id":181172606,"building":"yes","source":"cadastre-dgi-fr source : Direction Générale des Impôts - Cadastre. Mise à jour : 2012"},"geometry":{"type":"Polygon","coordinates":[[[4.450914,45.823277],[4.450923,45.823225],[4.450935,45.823226],[4.450939,45.823211],[4.450885,45.823206],[4.450894,45.823157],[4.450948,45.823161],[4.450951,45.823139],[4.451015,45.823144],[4.450989,45.823283],[4.450914,45.823277]]]}},{"type":"Feature","properties":{"osm_id":181172613,"building":"yes","source":"cadastre-dgi-fr source : Direction Générale des Impôts - Cadastre. Mise à jour : 2012"},"geometry":{"type":"Polygon","coordinates":[[[4.45123,45.822813],[4.451279,45.822759],[4.451367,45.822801],[4.451442,45.822724],[4.451487,45.822745],[4.451473,45.82276],[4.451515,45.822781],[4.451482,45.822815],[4.451487,45.822817],[4.451408,45.822897],[4.45123,45.822813]]]}},{"type":"Feature","properties":{"osm_id":181172616,"building":"yes","source":"cadastre-dgi-fr source : Direction Générale des Impôts - Cadastre. Mise à jour : 2012"},"geometry":{"type":"Polygon","coordinates":[[[4.433236,45.820477],[4.43326,45.82045],[4.43323,45.820437],[4.433255,45.820408],[4.433284,45.820421],[4.433312,45.820392],[4.433428,45.820439],[4.433364,45.820515],[4.433318,45.82052],[4.433303,45.820512],[4.433236,45.820477]]]}},{"type":"Feature","properties":{"osm_id":181172618,"building":"yes","source":"cadastre-dgi-fr source : Direction Générale des Impôts - Cadastre. Mise à jour : 2012"},"geometry":{"type":"Polygon","coordinates":[[[4.450642,45.823318],[4.450621,45.823265],[4.450603,45.823212],[4.450641,45.823211],[4.45066,45.823264],[4.450792,45.82326],[4.45079,45.823266],[4.450774,45.823304],[4.450768,45.823312],[4.450689,45.823316],[4.450642,45.823318]]]}},{"type":"Feature","properties":{"osm_id":181172619,"building":"yes","source":"cadastre-dgi-fr source : Direction Générale des Impôts - Cadastre. Mise à jour : 2012"},"geometry":{"type":"Polygon","coordinates":[[[4.448118,45.815949],[4.448279,45.815951],[4.448393,45.815954],[4.448387,45.816033],[4.44832,45.816033],[4.448188,45.816029],[4.448186,45.816056],[4.448141,45.816055],[4.448143,45.816028],[4.448118,45.816027],[4.448118,45.815949]]]}},{"type":"Feature","properties":{"osm_id":181172627,"building":"yes","source":"cadastre-dgi-fr source : Direction Générale des Impôts - Cadastre. Mise à jour : 2012"},"geometry":{"type":"Polygon","coordinates":[[[4.444329,45.809899],[4.444571,45.809999],[4.444505,45.81008],[4.444527,45.810091],[4.444527,45.810099],[4.444516,45.810108],[4.444492,45.810099],[4.444474,45.810117],[4.444232,45.810021],[4.444238,45.810012],[4.444329,45.809899]]]}},{"type":"Feature","properties":{"osm_id":181172630,"building":"yes","source":"cadastre-dgi-fr source : Direction Générale des Impôts - Cadastre. Mise à jour : 2012"},"geometry":{"type":"Polygon","coordinates":[[[4.450619,45.82433],[4.450582,45.824406],[4.450574,45.824422],[4.450551,45.824454],[4.450495,45.824436],[4.450468,45.824478],[4.450418,45.824464],[4.450466,45.82439],[4.4505,45.824397],[4.450542,45.824311],[4.450619,45.82433]]]}},{"type":"Feature","properties":{"osm_id":181172632,"building":"yes","source":"cadastre-dgi-fr source : Direction Générale des Impôts - Cadastre. Mise à jour : 2012"},"geometry":{"type":"Polygon","coordinates":[[[4.458374,45.818683],[4.458368,45.818698],[4.458343,45.818748],[4.458289,45.818778],[4.458253,45.818778],[4.458184,45.818771],[4.458015,45.818747],[4.458027,45.818706],[4.458262,45.818738],[4.458285,45.818682],[4.458374,45.818683]]]}},{"type":"Feature","properties":{"osm_id":181172633,"building":"yes","source":"cadastre-dgi-fr source : Direction Générale des Impôts - Cadastre. Mise à jour : 2012"},"geometry":{"type":"Polygon","coordinates":[[[4.443068,45.829844],[4.443039,45.829873],[4.442843,45.829777],[4.44292,45.829689],[4.44295,45.829661],[4.443019,45.829692],[4.442955,45.829758],[4.443027,45.829793],[4.443049,45.829773],[4.443109,45.829802],[4.443068,45.829844]]]}},{"type":"Feature","properties":{"osm_id":181172639,"building":"yes","source":"cadastre-dgi-fr source : Direction Générale des Impôts - Cadastre. Mise à jour : 2012"},"geometry":{"type":"Polygon","coordinates":[[[4.450134,45.822793],[4.450017,45.822695],[4.450076,45.822661],[4.450308,45.82285],[4.450361,45.822926],[4.450143,45.823001],[4.450092,45.822968],[4.450166,45.822939],[4.450145,45.822908],[4.45023,45.822876],[4.450134,45.822793]]]}},{"type":"Feature","properties":{"osm_id":181172642,"building":"yes","source":"cadastre-dgi-fr source : Direction Générale des Impôts - Cadastre. Mise à jour : 2012"},"geometry":{"type":"Polygon","coordinates":[[[4.439554,45.832928],[4.439626,45.832985],[4.43954,45.833039],[4.439563,45.83306],[4.439538,45.833076],[4.43951,45.833055],[4.43948,45.833073],[4.439465,45.833061],[4.439419,45.833092],[4.439368,45.833051],[4.439554,45.832928]]]}},{"type":"Feature","properties":{"osm_id":181172646,"building":"yes","source":"cadastre-dgi-fr source : Direction Générale des Impôts - Cadastre. Mise à jour : 2012"},"geometry":{"type":"Polygon","coordinates":[[[4.437129,45.821974],[4.436993,45.822056],[4.436973,45.822068],[4.436955,45.822053],[4.436901,45.822005],[4.437036,45.821906],[4.437065,45.821927],[4.437095,45.821909],[4.437131,45.821933],[4.437101,45.821955],[4.437129,45.821974]]]}},{"type":"Feature","properties":{"osm_id":181172649,"building":"yes","source":"cadastre-dgi-fr source : Direction Générale des Impôts - Cadastre. Mise à jour : 2012"},"geometry":{"type":"Polygon","coordinates":[[[4.43988,45.811627],[4.439808,45.811639],[4.439738,45.811663],[4.439625,45.811711],[4.439592,45.811677],[4.439624,45.811662],[4.439622,45.811641],[4.439686,45.811611],[4.439674,45.811598],[4.439837,45.811531],[4.439914,45.811613],[4.43988,45.811627]]]}},{"type":"Feature","properties":{"osm_id":181172651,"building":"yes","source":"cadastre-dgi-fr source : Direction Générale des Impôts - Cadastre. Mise à jour : 2012"},"geometry":{"type":"Polygon","coordinates":[[[4.471185,45.811839],[4.471243,45.81181],[4.471266,45.811833],[4.47129,45.811821],[4.471317,45.811848],[4.471293,45.81186],[4.471298,45.811864],[4.471113,45.811955],[4.471066,45.81191],[4.47106,45.811903],[4.471091,45.811886],[4.471185,45.811839]]]}},{"type":"Feature","properties":{"osm_id":181172658,"building":"yes","source":"cadastre-dgi-fr source : Direction Générale des Impôts - Cadastre. Mise à jour : 2012"},"geometry":{"type":"Polygon","coordinates":[[[4.449953,45.823635],[4.449938,45.823552],[4.450248,45.823511],[4.450234,45.823458],[4.450278,45.823452],[4.450296,45.823516],[4.450328,45.823626],[4.450317,45.823628],[4.450285,45.823633],[4.450274,45.823595],[4.450055,45.823623],[4.449953,45.823635]]]}},{"type":"Feature","properties":{"osm_id":181172662,"building":"yes","source":"cadastre-dgi-fr source : Direction Générale des Impôts - Cadastre. Mise à jour : 2012"},"geometry":{"type":"Polygon","coordinates":[[[4.450532,45.824601],[4.450619,45.824615],[4.450592,45.824694],[4.450577,45.824692],[4.45058,45.824681],[4.450554,45.824677],[4.450542,45.824714],[4.450478,45.824704],[4.450483,45.824685],[4.450491,45.824664],[4.45051,45.824667],[4.450532,45.824601]]]}},{"type":"Feature","properties":{"osm_id":181172666,"building":"yes","source":"cadastre-dgi-fr source : Direction Générale des Impôts - Cadastre. Mise à jour : 2012"},"geometry":{"type":"Polygon","coordinates":[[[4.4477603,45.8181548],[4.4477429,45.8181011],[4.4478315,45.818087],[4.4478399,45.8180853],[4.4478451,45.8180977],[4.4479787,45.8180709],[4.4479574,45.8180228],[4.448011,45.8180156],[4.4480233,45.8180159],[4.4480453,45.8180473],[4.4480759,45.8181102],[4.4478611,45.8181512],[4.4478592,45.8181427],[4.4477603,45.8181548]]]}},{"type":"Feature","properties":{"osm_id":181172669,"building":"yes","source":"cadastre-dgi-fr source : Direction Générale des Impôts - Cadastre. Mise à jour : 2012"},"geometry":{"type":"Polygon","coordinates":[[[4.443377,45.818057],[4.443388,45.818187],[4.443177,45.818195],[4.443176,45.818173],[4.443094,45.818175],[4.443078,45.818176],[4.443072,45.8181],[4.443243,45.818097],[4.443245,45.818108],[4.443338,45.818102],[4.443334,45.818058],[4.443377,45.818057]]]}},{"type":"Feature","properties":{"osm_id":181172674,"building":"yes","source":"cadastre-dgi-fr source : Direction Générale des Impôts - Cadastre. Mise à jour : 2012"},"geometry":{"type":"Polygon","coordinates":[[[4.469993,45.812444],[4.46999,45.812398],[4.470095,45.812395],[4.470095,45.812402],[4.470106,45.812408],[4.470173,45.812406],[4.470178,45.81249],[4.470134,45.812492],[4.470134,45.812502],[4.470072,45.812503],[4.470068,45.812442],[4.469993,45.812444]]]}},{"type":"Feature","properties":{"osm_id":181172676,"building":"yes","source":"cadastre-dgi-fr source : Direction Générale des Impôts - Cadastre. Mise à jour : 2012"},"geometry":{"type":"Polygon","coordinates":[[[4.445253,45.807353],[4.445255,45.807395],[4.445261,45.807455],[4.445234,45.807456],[4.445227,45.807465],[4.445221,45.807467],[4.445209,45.807466],[4.445199,45.807456],[4.44503,45.807463],[4.445019,45.80737],[4.445018,45.807362],[4.445253,45.807353]]]}},{"type":"Feature","properties":{"osm_id":181172678,"building":"yes","source":"cadastre-dgi-fr source : Direction Générale des Impôts - Cadastre. Mise à jour : 2012"},"geometry":{"type":"Polygon","coordinates":[[[4.453164,45.812619],[4.453057,45.812606],[4.453064,45.812576],[4.452962,45.812564],[4.452978,45.812504],[4.453096,45.81252],[4.453103,45.812493],[4.453191,45.812524],[4.45318,45.812561],[4.453269,45.812571],[4.453253,45.812629],[4.453164,45.812619]]]}},{"type":"Feature","properties":{"osm_id":181172681,"building":"yes","source":"cadastre-dgi-fr source : Direction Générale des Impôts - Cadastre. Mise à jour : 2012"},"geometry":{"type":"Polygon","coordinates":[[[4.445985,45.828712],[4.445983,45.828756],[4.446014,45.828758],[4.446013,45.828784],[4.445894,45.828777],[4.445778,45.828769],[4.445752,45.828768],[4.445746,45.828697],[4.445744,45.828632],[4.44581,45.828632],[4.445816,45.828703],[4.445985,45.828712]]]}},{"type":"Feature","properties":{"osm_id":181172687,"building":"yes","source":"cadastre-dgi-fr source : Direction Générale des Impôts - Cadastre. Mise à jour : 2012"},"geometry":{"type":"Polygon","coordinates":[[[4.443563,45.829876],[4.443513,45.829919],[4.443472,45.829897],[4.443331,45.830021],[4.443258,45.829983],[4.443236,45.82997],[4.443124,45.829915],[4.443155,45.829886],[4.443265,45.82994],[4.44335,45.829863],[4.443426,45.829797],[4.443563,45.829876]]]}},{"type":"Feature","properties":{"osm_id":181172688,"building":"yes","source":"cadastre-dgi-fr source : Direction Générale des Impôts - Cadastre. Mise à jour : 2012"},"geometry":{"type":"Polygon","coordinates":[[[4.450109,45.802838],[4.450049,45.802807],[4.450086,45.802771],[4.450006,45.802698],[4.450083,45.802635],[4.450169,45.802689],[4.450391,45.802832],[4.450312,45.802886],[4.450226,45.802842],[4.450146,45.802802],[4.450116,45.802841],[4.450109,45.802838]]]}},{"type":"Feature","properties":{"osm_id":181172689,"building":"yes","source":"cadastre-dgi-fr source : Direction Générale des Impôts - Cadastre. Mise à jour : 2012"},"geometry":{"type":"Polygon","coordinates":[[[4.464533,45.821944],[4.464599,45.821963],[4.46459,45.82198],[4.464654,45.821999],[4.464665,45.821985],[4.46472,45.822002],[4.464773,45.822018],[4.464728,45.82209],[4.464613,45.822059],[4.464469,45.822016],[4.464454,45.82201],[4.464467,45.821927],[4.464533,45.821944]]]}},{"type":"Feature","properties":{"osm_id":181172690,"building":"yes","source":"cadastre-dgi-fr source : Direction Générale des Impôts - Cadastre. Mise à jour : 2012"},"geometry":{"type":"Polygon","coordinates":[[[4.455415,45.809829],[4.455451,45.809819],[4.455588,45.809789],[4.455594,45.80982],[4.455623,45.809815],[4.455658,45.809885],[4.455636,45.809892],[4.455649,45.809918],[4.455639,45.809923],[4.45562,45.809927],[4.455603,45.809898],[4.455452,45.809927],[4.455415,45.809829]]]}},{"type":"Feature","properties":{"osm_id":181172693,"building":"yes","source":"cadastre-dgi-fr source : Direction Générale des Impôts - Cadastre. Mise à jour : 2012"},"geometry":{"type":"Polygon","coordinates":[[[4.460816,45.81184],[4.460873,45.811792],[4.460918,45.811808],[4.460982,45.811757],[4.461025,45.811771],[4.461105,45.811799],[4.461197,45.811831],[4.461111,45.811953],[4.461037,45.811928],[4.461073,45.811875],[4.460917,45.81182],[4.46088,45.811863],[4.460816,45.81184]]]}},{"type":"Feature","properties":{"osm_id":181172695,"building":"yes","source":"cadastre-dgi-fr source : Direction Générale des Impôts - Cadastre. Mise à jour : 2012"},"geometry":{"type":"Polygon","coordinates":[[[4.4444467,45.8001972],[4.4442411,45.8001565],[4.4442671,45.8000866],[4.4443282,45.8000985],[4.4443227,45.800113],[4.444398,45.8001277],[4.444403,45.8001129],[4.444474,45.8001267],[4.4444717,45.8001323],[4.4445009,45.8001376],[4.4444902,45.8001668],[4.4444602,45.8001616],[4.4444467,45.8001972]]]}},{"type":"Feature","properties":{"osm_id":181172697,"building":"yes","source":"cadastre-dgi-fr source : Direction Générale des Impôts - Cadastre. Mise à jour : 2012"},"geometry":{"type":"Polygon","coordinates":[[[4.460783,45.824729],[4.460958,45.824715],[4.460972,45.824786],[4.460932,45.824789],[4.460939,45.824826],[4.460903,45.824829],[4.460908,45.824862],[4.460874,45.824865],[4.460883,45.824911],[4.460955,45.824905],[4.460966,45.824969],[4.460823,45.824983],[4.460783,45.824729]]]}},{"type":"Feature","properties":{"osm_id":181172698,"building":"yes","source":"cadastre-dgi-fr source : Direction Générale des Impôts - Cadastre. Mise à jour : 2012"},"geometry":{"type":"Polygon","coordinates":[[[4.450377,45.8251],[4.450052,45.825037],[4.450073,45.824973],[4.450087,45.824931],[4.450224,45.824954],[4.450208,45.824994],[4.450345,45.825016],[4.450359,45.82498],[4.450404,45.824987],[4.45041,45.824971],[4.45048,45.82498],[4.450459,45.825034],[4.450404,45.825025],[4.450377,45.8251]]]}},{"type":"Feature","properties":{"osm_id":181172699,"building":"yes","source":"cadastre-dgi-fr source : Direction Générale des Impôts - Cadastre. Mise à jour : 2012"},"geometry":{"type":"Polygon","coordinates":[[[4.470434,45.811903],[4.470357,45.811954],[4.470368,45.811978],[4.470336,45.811999],[4.470263,45.811995],[4.470245,45.81199],[4.470229,45.811984],[4.47018,45.811952],[4.470218,45.811927],[4.470198,45.811911],[4.470232,45.811889],[4.470273,45.811911],[4.470376,45.811855],[4.470434,45.811903]]]}},{"type":"Feature","properties":{"osm_id":181172701,"building":"yes","source":"cadastre-dgi-fr source : Direction Générale des Impôts - Cadastre. Mise à jour : 2012"},"geometry":{"type":"Polygon","coordinates":[[[4.451982,45.811562],[4.451988,45.811592],[4.452123,45.811579],[4.452118,45.81155],[4.452173,45.811547],[4.452186,45.811606],[4.452157,45.81161],[4.45216,45.81163],[4.451917,45.811661],[4.451896,45.81157],[4.4518872,45.811478],[4.451955,45.811473],[4.451947,45.811564],[4.451982,45.811562]]]}},{"type":"Feature","properties":{"osm_id":181172703,"building":"yes","source":"cadastre-dgi-fr source : Direction Générale des Impôts - Cadastre. Mise à jour : 2012"},"geometry":{"type":"Polygon","coordinates":[[[4.450811,45.812617],[4.450857,45.812631],[4.450853,45.812641],[4.451007,45.812688],[4.451084,45.812712],[4.451059,45.812769],[4.450981,45.812753],[4.450969,45.812767],[4.450923,45.812755],[4.45093,45.812741],[4.450729,45.812678],[4.4507673,45.812613],[4.4507724,45.8126053],[4.450811,45.812617]]]}},{"type":"Feature","properties":{"osm_id":181172705,"building":"yes","source":"cadastre-dgi-fr source : Direction Générale des Impôts - Cadastre. Mise à jour : 2012"},"geometry":{"type":"Polygon","coordinates":[[[4.447945,45.804442],[4.447707,45.804424],[4.447727,45.804303],[4.447774,45.804306],[4.447764,45.804372],[4.447974,45.804381],[4.44798,45.804351],[4.448004,45.804352],[4.448003,45.804383],[4.447991,45.804383],[4.447991,45.804395],[4.448015,45.80442],[4.448017,45.804448],[4.447945,45.804442]]]}},{"type":"Feature","properties":{"osm_id":181172709,"building":"yes","source":"cadastre-dgi-fr source : Direction Générale des Impôts - Cadastre. Mise à jour : 2012"},"geometry":{"type":"Polygon","coordinates":[[[4.4519597,45.8113672],[4.4518755,45.8113643],[4.4518805,45.8112779],[4.4521828,45.8112916],[4.452186,45.8113816],[4.4521966,45.8114459],[4.452167,45.811444],[4.45215,45.811413],[4.45215,45.811375],[4.4520923,45.8113737],[4.452089,45.811404],[4.452025,45.811395],[4.452027,45.8113703],[4.4519597,45.8113672]]]}},{"type":"Feature","properties":{"osm_id":181172710,"building":"yes","source":"cadastre-dgi-fr source : Direction Générale des Impôts - Cadastre. Mise à jour : 2012"},"geometry":{"type":"Polygon","coordinates":[[[4.450692,45.824178],[4.450352,45.824143],[4.450343,45.824169],[4.450242,45.824153],[4.45025,45.824138],[4.450146,45.824111],[4.450169,45.824053],[4.450243,45.824063],[4.450369,45.824081],[4.450381,45.824059],[4.450443,45.824067],[4.450465,45.824018],[4.450506,45.824025],[4.450501,45.824071],[4.450708,45.824094],[4.450692,45.824178]]]}},{"type":"Feature","properties":{"osm_id":181172711,"building":"yes","source":"cadastre-dgi-fr source : Direction Générale des Impôts - Cadastre. Mise à jour : 2012"},"geometry":{"type":"Polygon","coordinates":[[[4.445352,45.805679],[4.445317,45.805682],[4.4453245,45.8056459],[4.445362,45.805487],[4.445458,45.805485],[4.445461,45.805594],[4.445588,45.805584],[4.445588,45.805543],[4.445693,45.805537],[4.445702,45.805559],[4.445664,45.805563],[4.445668,45.805579],[4.445633,45.805584],[4.445654,45.805653],[4.445514,45.805667],[4.445352,45.805679]]]}},{"type":"Feature","properties":{"osm_id":181172712,"building":"yes","source":"cadastre-dgi-fr source : Direction Générale des Impôts - Cadastre. Mise à jour : 2012"},"geometry":{"type":"Polygon","coordinates":[[[4.462977,45.812846],[4.462976,45.812859],[4.462941,45.813038],[4.462914,45.813036],[4.462912,45.813051],[4.462876,45.81305],[4.462867,45.81309],[4.462775,45.813081],[4.462767,45.813117],[4.462579,45.813096],[4.462602,45.81299],[4.462752,45.813],[4.462794,45.813008],[4.462822,45.813012],[4.462864,45.812836],[4.462977,45.812846]]]}},{"type":"Feature","properties":{"osm_id":181172717,"building":"yes","source":"cadastre-dgi-fr source : Direction Générale des Impôts - Cadastre. Mise à jour : 2012"},"geometry":{"type":"Polygon","coordinates":[[[4.466304,45.818761],[4.466304,45.818749],[4.46631,45.818679],[4.466451,45.818678],[4.466453,45.818641],[4.466512,45.818641],[4.466511,45.818679],[4.466564,45.81868],[4.466561,45.818763],[4.46661,45.818764],[4.466618,45.818816],[4.466534,45.818817],[4.466526,45.818764],[4.466387,45.818763],[4.466373,45.818876],[4.466299,45.818874],[4.466304,45.818761]]]}},{"type":"Feature","properties":{"osm_id":181172718,"amenity":"place_of_worship","building":"church","denomination":"catholic","name":"Église Saint-Jean Baptiste","religion":"christian","source":"cadastre-dgi-fr source : Direction Générale des Impôts - Cadastre. Mise à jour : 2012","wikidata":"Q119816830"},"geometry":{"type":"Polygon","coordinates":[[[4.450405,45.82445],[4.450393,45.824478],[4.45028,45.824455],[4.450346,45.824286],[4.450355,45.824266],[4.450347,45.824264],[4.450361,45.824233],[4.450368,45.824234],[4.450383,45.824202],[4.450515,45.824227],[4.450481,45.824301],[4.450489,45.824303],[4.450476,45.82433],[4.450468,45.824329],[4.450452,45.824361],[4.450441,45.824361],[4.450405,45.82445]]]}},{"type":"Feature","properties":{"osm_id":181172719,"building":"yes","source":"cadastre-dgi-fr source : Direction Générale des Impôts - Cadastre. Mise à jour : 2012"},"geometry":{"type":"Polygon","coordinates":[[[4.440967,45.815326],[4.441133,45.815372],[4.441213,45.815395],[4.441223,45.815374],[4.441271,45.815276],[4.441335,45.815289],[4.441294,45.815387],[4.441257,45.815462],[4.441246,45.815459],[4.441243,45.815465],[4.441125,45.815435],[4.441112,45.815453],[4.441064,45.815447],[4.441074,45.81542],[4.440903,45.815374],[4.440813,45.81535],[4.440846,45.815292],[4.440967,45.815326]]]}},{"type":"Feature","properties":{"osm_id":181172720,"building":"yes","source":"cadastre-dgi-fr source : Direction Générale des Impôts - Cadastre. Mise à jour : 2012"},"geometry":{"type":"Polygon","coordinates":[[[4.439517,45.811964],[4.439499,45.811972],[4.439424,45.811898],[4.439376,45.811854],[4.439561,45.811787],[4.439571,45.811798],[4.439598,45.811789],[4.439655,45.811843],[4.439802,45.811809],[4.439788,45.811779],[4.439849,45.811765],[4.439863,45.811795],[4.439992,45.811765],[4.440037,45.811904],[4.4397,45.811962],[4.439692,45.811939],[4.439579,45.811996],[4.439538,45.811954],[4.439517,45.811964]]]}},{"type":"Feature","properties":{"osm_id":181172723,"building":"yes","source":"cadastre-dgi-fr source : Direction Générale des Impôts - Cadastre. Mise à jour : 2012","wall":"no"},"geometry":{"type":"Polygon","coordinates":[[[4.445831,45.805568],[4.445837,45.805635],[4.445654,45.805653],[4.445633,45.805584],[4.445668,45.805579],[4.445745,45.805572],[4.445831,45.805568]]]}},{"type":"Feature","properties":{"osm_id":181172725,"building":"yes","source":"cadastre-dgi-fr source : Direction Générale des Impôts - Cadastre. Mise à jour : 2012"},"geometry":{"type":"Polygon","coordinates":[[[4.457828,45.812645],[4.457785,45.812614],[4.457807,45.812567],[4.457813,45.812508],[4.457695,45.812466],[4.457677,45.812491],[4.457646,45.81248],[4.457663,45.812455],[4.457568,45.812423],[4.457547,45.812448],[4.457505,45.812435],[4.457489,45.812429],[4.457562,45.812337],[4.45758,45.812343],[4.457629,45.812277],[4.457677,45.812292],[4.457623,45.812358],[4.457905,45.81246],[4.457864,45.812523],[4.457909,45.812538],[4.457828,45.812645]]]}},{"type":"Feature","properties":{"osm_id":181172728,"building":"yes","source":"cadastre-dgi-fr source : Direction Générale des Impôts - Cadastre. Mise à jour : 2012"},"geometry":{"type":"Polygon","coordinates":[[[4.470733,45.811914],[4.470753,45.811951],[4.470816,45.81192],[4.470845,45.811907],[4.470868,45.811926],[4.471038,45.811838],[4.471091,45.811886],[4.47106,45.811903],[4.471066,45.81191],[4.471016,45.811931],[4.470862,45.811971],[4.470673,45.812037],[4.47054,45.811828],[4.470517,45.811835],[4.470492,45.811798],[4.470694,45.811701],[4.470715,45.811739],[4.470658,45.811769],[4.470675,45.811802],[4.470705,45.811795],[4.470728,45.811839],[4.470698,45.811846],[4.470733,45.811914]]]}},{"type":"Feature","properties":{"osm_id":181172729,"building":"yes","source":"cadastre-dgi-fr source : Direction Générale des Impôts - Cadastre. Mise à jour : 2012"},"geometry":{"type":"Polygon","coordinates":[[[4.441359,45.815713],[4.441327,45.815728],[4.441266,45.815652],[4.441207,45.815675],[4.441177,45.815667],[4.441163,45.815687],[4.440905,45.815602],[4.440919,45.815579],[4.4408,45.81554],[4.440828,45.815493],[4.440833,45.815489],[4.440936,45.815519],[4.44093,45.81553],[4.441147,45.815597],[4.441185,45.815611],[4.441317,45.815563],[4.441301,45.815538],[4.441287,45.815518],[4.441301,45.815501],[4.441288,45.815481],[4.441309,45.815473],[4.441319,45.815484],[4.441334,45.815479],[4.441412,45.815594],[4.441307,45.815636],[4.441365,45.815711],[4.441359,45.815713]]]}},{"type":"Feature","properties":{"osm_id":181172731,"building":"yes","source":"cadastre-dgi-fr source : Direction Générale des Impôts - Cadastre. Mise à jour : 2012"},"geometry":{"type":"Polygon","coordinates":[[[4.445581,45.805359],[4.44561,45.805359],[4.445612,45.805381],[4.445585,45.805383],[4.445581,45.805359]]]}},{"type":"Feature","properties":{"osm_id":181172733,"building":"yes","source":"cadastre-dgi-fr source : Direction Générale des Impôts - Cadastre. Mise à jour : 2012"},"geometry":{"type":"Polygon","coordinates":[[[4.441268,45.8195],[4.441312,45.819569],[4.441268,45.819583],[4.441225,45.819511],[4.441268,45.8195]]]}},{"type":"Feature","properties":{"osm_id":181172734,"building":"yes","source":"cadastre-dgi-fr source : Direction Générale des Impôts - Cadastre. Mise à jour : 2012","wall":"no"},"geometry":{"type":"Polygon","coordinates":[[[4.443426,45.829797],[4.44335,45.829863],[4.443285,45.82983],[4.443366,45.829762],[4.443426,45.829797]]]}},{"type":"Feature","properties":{"osm_id":181172737,"building":"yes","source":"cadastre-dgi-fr source : Direction Générale des Impôts - Cadastre. Mise à jour : 2012","wall":"no"},"geometry":{"type":"Polygon","coordinates":[[[4.44527,45.805677],[4.445277,45.805641],[4.4453245,45.8056459],[4.445317,45.805682],[4.44527,45.805677]]]}},{"type":"Feature","properties":{"osm_id":181172738,"building":"yes","source":"cadastre-dgi-fr source : Direction Générale des Impôts - Cadastre. Mise à jour : 2012","wall":"no"},"geometry":{"type":"Polygon","coordinates":[[[4.436068,45.820048],[4.436082,45.820106],[4.435939,45.820124],[4.435922,45.82007],[4.436068,45.820048]]]}},{"type":"Feature","properties":{"osm_id":181172739,"building":"yes","source":"cadastre-dgi-fr source : Direction Générale des Impôts - Cadastre. Mise à jour : 2012"},"geometry":{"type":"Polygon","coordinates":[[[4.450174,45.824436],[4.450203,45.824441],[4.450196,45.824455],[4.450169,45.824449],[4.450174,45.824436]]]}},{"type":"Feature","properties":{"osm_id":181172740,"building":"yes","source":"cadastre-dgi-fr source : Direction Générale des Impôts - Cadastre. Mise à jour : 2012","wall":"no"},"geometry":{"type":"Polygon","coordinates":[[[4.450109,45.802838],[4.450089,45.802851],[4.450036,45.802821],[4.450049,45.802807],[4.450109,45.802838]]]}},{"type":"Feature","properties":{"osm_id":181172741,"building":"yes","source":"cadastre-dgi-fr source : Direction Générale des Impôts - Cadastre. Mise à jour : 2012","wall":"no"},"geometry":{"type":"Polygon","coordinates":[[[4.440549,45.831239],[4.440627,45.831294],[4.440568,45.831324],[4.440508,45.831261],[4.440549,45.831239]]]}},{"type":"Feature","properties":{"osm_id":181172746,"building":"yes","source":"cadastre-dgi-fr source : Direction Générale des Impôts - Cadastre. Mise à jour : 2012","wall":"no"},"geometry":{"type":"Polygon","coordinates":[[[4.445483,45.829326],[4.445494,45.829255],[4.445545,45.82926],[4.445531,45.829329],[4.445483,45.829326]]]}},{"type":"Feature","properties":{"osm_id":181172747,"building":"yes","source":"cadastre-dgi-fr source : Direction Générale des Impôts - Cadastre. Mise à jour : 2012"},"geometry":{"type":"Polygon","coordinates":[[[4.451353,45.812561],[4.451311,45.812511],[4.451367,45.812474],[4.451412,45.81252],[4.451353,45.812561]]]}},{"type":"Feature","properties":{"osm_id":181172748,"building":"yes","source":"cadastre-dgi-fr source : Direction Générale des Impôts - Cadastre. Mise à jour : 2012","wall":"no"},"geometry":{"type":"Polygon","coordinates":[[[4.449951,45.824254],[4.449937,45.82425],[4.449956,45.824221],[4.449971,45.824225],[4.449951,45.824254]]]}},{"type":"Feature","properties":{"osm_id":181172749,"building":"yes","source":"cadastre-dgi-fr source : Direction Générale des Impôts - Cadastre. Mise à jour : 2012","wall":"no"},"geometry":{"type":"Polygon","coordinates":[[[4.443094,45.818175],[4.443176,45.818173],[4.443177,45.818195],[4.443094,45.8182],[4.443094,45.818175]]]}},{"type":"Feature","properties":{"osm_id":181172750,"building":"yes","source":"cadastre-dgi-fr source : Direction Générale des Impôts - Cadastre. Mise à jour : 2012"},"geometry":{"type":"Polygon","coordinates":[[[4.44502,45.808242],[4.444996,45.808016],[4.445311,45.808],[4.445336,45.808225],[4.44502,45.808242]]]}},{"type":"Feature","properties":{"osm_id":181172753,"building":"yes","source":"cadastre-dgi-fr source : Direction Générale des Impôts - Cadastre. Mise à jour : 2012","wall":"no"},"geometry":{"type":"Polygon","coordinates":[[[4.4517095,45.8114884],[4.4517147,45.8113594],[4.4517793,45.811361],[4.4517731,45.8114901],[4.4517095,45.8114884]]]}},{"type":"Feature","properties":{"osm_id":181172755,"building":"yes","source":"cadastre-dgi-fr source : Direction Générale des Impôts - Cadastre. Mise à jour : 2012","wall":"no"},"geometry":{"type":"Polygon","coordinates":[[[4.452954,45.812595],[4.452962,45.812564],[4.453064,45.812576],[4.453057,45.812606],[4.452954,45.812595]]]}},{"type":"Feature","properties":{"osm_id":181172756,"building":"yes","source":"cadastre-dgi-fr source : Direction Générale des Impôts - Cadastre. Mise à jour : 2012","wall":"no"},"geometry":{"type":"Polygon","coordinates":[[[4.445457,45.805365],[4.445568,45.805359],[4.445569,45.805417],[4.445458,45.805422],[4.445457,45.805365]]]}},{"type":"Feature","properties":{"osm_id":181172758,"building":"yes","source":"cadastre-dgi-fr source : Direction Générale des Impôts - Cadastre. Mise à jour : 2012"},"geometry":{"type":"Polygon","coordinates":[[[4.449352,45.800343],[4.449295,45.800297],[4.449459,45.80019],[4.449523,45.800235],[4.449352,45.800343]]]}},{"type":"Feature","properties":{"osm_id":181172760,"building":"yes","source":"cadastre-dgi-fr source : Direction Générale des Impôts - Cadastre. Mise à jour : 2012"},"geometry":{"type":"Polygon","coordinates":[[[4.449971,45.824225],[4.4500312,45.8242426],[4.450009,45.824276],[4.449951,45.824254],[4.449971,45.824225]]]}},{"type":"Feature","properties":{"osm_id":181172762,"building":"yes","source":"cadastre-dgi-fr source : Direction Générale des Impôts - Cadastre. Mise à jour : 2012","wall":"no"},"geometry":{"type":"Polygon","coordinates":[[[4.440846,45.815292],[4.440876,45.815233],[4.441004,45.81526],[4.440967,45.815326],[4.440846,45.815292]]]}},{"type":"Feature","properties":{"osm_id":181172763,"building":"yes","source":"cadastre-dgi-fr source : Direction Générale des Impôts - Cadastre. Mise à jour : 2012"},"geometry":{"type":"Polygon","coordinates":[[[4.432896,45.822098],[4.432891,45.822115],[4.432817,45.822108],[4.432821,45.822088],[4.432896,45.822098]]]}},{"type":"Feature","properties":{"osm_id":181172764,"building":"yes","source":"cadastre-dgi-fr source : Direction Générale des Impôts - Cadastre. Mise à jour : 2012"},"geometry":{"type":"Polygon","coordinates":[[[4.436354,45.820131],[4.436366,45.820217],[4.436308,45.820219],[4.436295,45.820135],[4.436354,45.820131]]]}},{"type":"Feature","properties":{"osm_id":181172765,"building":"yes","source":"cadastre-dgi-fr source : Direction Générale des Impôts - Cadastre. Mise à jour : 2012"},"geometry":{"type":"Polygon","coordinates":[[[4.451975,45.812156],[4.452002,45.812125],[4.452113,45.812183],[4.452067,45.81222],[4.451975,45.812156]]]}},{"type":"Feature","properties":{"osm_id":181172766,"building":"yes","source":"cadastre-dgi-fr source : Direction Générale des Impôts - Cadastre. Mise à jour : 2012"},"geometry":{"type":"Polygon","coordinates":[[[4.4493498,45.8235729],[4.4492128,45.8233731],[4.4494968,45.8232784],[4.4496351,45.8234774],[4.4494134,45.8235516],[4.4493498,45.8235729]]]}},{"type":"Feature","properties":{"osm_id":181172767,"building":"yes","source":"cadastre-dgi-fr source : Direction Générale des Impôts - Cadastre. Mise à jour : 2012","wall":"no"},"geometry":{"type":"Polygon","coordinates":[[[4.470969,45.811308],[4.470988,45.811328],[4.470902,45.811368],[4.470883,45.811348],[4.470969,45.811308]]]}},{"type":"Feature","properties":{"osm_id":181172773,"building":"yes","source":"cadastre-dgi-fr source : Direction Générale des Impôts - Cadastre. Mise à jour : 2012","wall":"no"},"geometry":{"type":"Polygon","coordinates":[[[4.447774,45.804306],[4.447727,45.804303],[4.447733,45.80426],[4.447779,45.804263],[4.447774,45.804306]]]}},{"type":"Feature","properties":{"osm_id":181172774,"building":"yes","source":"cadastre-dgi-fr source : Direction Générale des Impôts - Cadastre. Mise à jour : 2012"},"geometry":{"type":"Polygon","coordinates":[[[4.450526,45.823693],[4.450456,45.823705],[4.450435,45.823635],[4.4505,45.823623],[4.450526,45.823693]]]}},{"type":"Feature","properties":{"osm_id":181172775,"building":"yes","source":"cadastre-dgi-fr source : Direction Générale des Impôts - Cadastre. Mise à jour : 2012","wall":"no"},"geometry":{"type":"Polygon","coordinates":[[[4.469891,45.81311],[4.469892,45.813074],[4.469918,45.813075],[4.469917,45.813111],[4.469891,45.81311]]]}},{"type":"Feature","properties":{"osm_id":181172776,"building":"yes","source":"cadastre-dgi-fr source : Direction Générale des Impôts - Cadastre. Mise à jour : 2012","wall":"no"},"geometry":{"type":"Polygon","coordinates":[[[4.450629,45.813567],[4.4506,45.813629],[4.450564,45.81362],[4.450593,45.813558],[4.450629,45.813567]]]}},{"type":"Feature","properties":{"osm_id":181172777,"building":"yes","source":"cadastre-dgi-fr source : Direction Générale des Impôts - Cadastre. Mise à jour : 2012"},"geometry":{"type":"Polygon","coordinates":[[[4.442583,45.823688],[4.442519,45.823722],[4.442485,45.823696],[4.442547,45.823661],[4.442583,45.823688]]]}},{"type":"Feature","properties":{"osm_id":181172779,"building":"yes","source":"cadastre-dgi-fr source : Direction Générale des Impôts - Cadastre. Mise à jour : 2012","wall":"no"},"geometry":{"type":"Polygon","coordinates":[[[4.445894,45.828777],[4.445893,45.828804],[4.445775,45.828798],[4.445778,45.828769],[4.445894,45.828777]]]}},{"type":"Feature","properties":{"osm_id":181172781,"building":"yes","source":"cadastre-dgi-fr source : Direction Générale des Impôts - Cadastre. Mise à jour : 2012","wall":"no"},"geometry":{"type":"Polygon","coordinates":[[[4.441271,45.815276],[4.44123,45.815268],[4.441238,45.81524],[4.441282,45.815248],[4.441271,45.815276]]]}},{"type":"Feature","properties":{"osm_id":181172783,"building":"yes","source":"cadastre-dgi-fr source : Direction Générale des Impôts - Cadastre. Mise à jour : 2012","wall":"no"},"geometry":{"type":"Polygon","coordinates":[[[4.453294,45.823512],[4.453202,45.823294],[4.453273,45.823279],[4.453367,45.823497],[4.453294,45.823512]]]}},{"type":"Feature","properties":{"osm_id":181172784,"building":"yes","source":"cadastre-dgi-fr source : Direction Générale des Impôts - Cadastre. Mise à jour : 2012"},"geometry":{"type":"Polygon","coordinates":[[[4.447733,45.80426],[4.447742,45.804208],[4.447787,45.804209],[4.447779,45.804263],[4.447733,45.80426]]]}},{"type":"Feature","properties":{"osm_id":181172786,"building":"yes","source":"cadastre-dgi-fr source : Direction Générale des Impôts - Cadastre. Mise à jour : 2012"},"geometry":{"type":"Polygon","coordinates":[[[4.442029,45.824008],[4.441994,45.824014],[4.441988,45.823995],[4.442021,45.82399],[4.442029,45.824008]]]}},{"type":"Feature","properties":{"osm_id":181172788,"building":"yes","source":"cadastre-dgi-fr source : Direction Générale des Impôts - Cadastre. Mise à jour : 2012","wall":"no"},"geometry":{"type":"Polygon","coordinates":[[[4.450551,45.824688],[4.450554,45.824677],[4.45058,45.824681],[4.450577,45.824692],[4.450551,45.824688]]]}},{"type":"Feature","properties":{"osm_id":181172790,"building":"yes","source":"cadastre-dgi-fr source : Direction Générale des Impôts - Cadastre. Mise à jour : 2012","wall":"no"},"geometry":{"type":"Polygon","coordinates":[[[4.45216,45.81163],[4.452157,45.81161],[4.452186,45.811606],[4.45219,45.811627],[4.45216,45.81163]]]}},{"type":"Feature","properties":{"osm_id":181172792,"building":"yes","source":"cadastre-dgi-fr source : Direction Générale des Impôts - Cadastre. Mise à jour : 2012","wall":"no"},"geometry":{"type":"Polygon","coordinates":[[[4.441375,45.819362],[4.441431,45.819348],[4.441462,45.819398],[4.441406,45.819413],[4.441375,45.819362]]]}},{"type":"Feature","properties":{"osm_id":181172794,"building":"yes","source":"cadastre-dgi-fr source : Direction Générale des Impôts - Cadastre. Mise à jour : 2012"},"geometry":{"type":"Polygon","coordinates":[[[4.468701,45.817262],[4.468676,45.817313],[4.46859,45.817292],[4.468614,45.81724],[4.468701,45.817262]]]}},{"type":"Feature","properties":{"osm_id":181172796,"building":"yes","source":"cadastre-dgi-fr source : Direction Générale des Impôts - Cadastre. Mise à jour : 2012","wall":"no"},"geometry":{"type":"Polygon","coordinates":[[[4.451149,45.81237],[4.451225,45.812278],[4.451296,45.812306],[4.45122,45.812398],[4.451149,45.81237]]]}},{"type":"Feature","properties":{"osm_id":181172803,"building":"yes","source":"cadastre-dgi-fr source : Direction Générale des Impôts - Cadastre. Mise à jour : 2012"},"geometry":{"type":"Polygon","coordinates":[[[4.450682,45.824424],[4.450582,45.824406],[4.450619,45.82433],[4.450707,45.824351],[4.450682,45.824424]]]}},{"type":"Feature","properties":{"osm_id":181172804,"building":"yes","source":"cadastre-dgi-fr source : Direction Générale des Impôts - Cadastre. Mise à jour : 2012","wall":"no"},"geometry":{"type":"Polygon","coordinates":[[[4.46117,45.815137],[4.46121,45.815167],[4.461152,45.815201],[4.461112,45.815171],[4.46117,45.815137]]]}},{"type":"Feature","properties":{"osm_id":181172806,"building":"yes","source":"cadastre-dgi-fr source : Direction Générale des Impôts - Cadastre. Mise à jour : 2012","wall":"no"},"geometry":{"type":"Polygon","coordinates":[[[4.457489,45.812429],[4.457505,45.812435],[4.457479,45.812471],[4.457459,45.812466],[4.457489,45.812429]]]}},{"type":"Feature","properties":{"osm_id":181172808,"building":"yes","source":"cadastre-dgi-fr source : Direction Générale des Impôts - Cadastre. Mise à jour : 2012","wall":"no"},"geometry":{"type":"Polygon","coordinates":[[[4.443155,45.829886],[4.443124,45.829915],[4.443039,45.829873],[4.443068,45.829844],[4.443155,45.829886]]]}},{"type":"Feature","properties":{"osm_id":181172810,"building":"yes","source":"cadastre-dgi-fr source : Direction Générale des Impôts - Cadastre. Mise à jour : 2012"},"geometry":{"type":"Polygon","coordinates":[[[4.437279,45.807557],[4.437341,45.807546],[4.437369,45.807625],[4.437307,45.807637],[4.437279,45.807557]]]}},{"type":"Feature","properties":{"osm_id":181172812,"building":"yes","source":"cadastre-dgi-fr source : Direction Générale des Impôts - Cadastre. Mise à jour : 2012"},"geometry":{"type":"Polygon","coordinates":[[[4.442983,45.818116],[4.442988,45.818179],[4.442947,45.81818],[4.442946,45.818117],[4.442983,45.818116]]]}},{"type":"Feature","properties":{"osm_id":181172820,"building":"yes","source":"cadastre-dgi-fr source : Direction Générale des Impôts - Cadastre. Mise à jour : 2012"},"geometry":{"type":"Polygon","coordinates":[[[4.45079,45.823266],[4.450822,45.823272],[4.450806,45.823309],[4.450774,45.823304],[4.45079,45.823266]]]}},{"type":"Feature","properties":{"osm_id":181172823,"building":"yes","source":"cadastre-dgi-fr source : Direction Générale des Impôts - Cadastre. Mise à jour : 2012"},"geometry":{"type":"Polygon","coordinates":[[[4.445988,45.832346],[4.446015,45.832271],[4.446164,45.8323],[4.446142,45.832363],[4.445988,45.832346]]]}},{"type":"Feature","properties":{"osm_id":181172824,"building":"yes","source":"cadastre-dgi-fr source : Direction Générale des Impôts - Cadastre. Mise à jour : 2012"},"geometry":{"type":"Polygon","coordinates":[[[4.439782,45.817493],[4.439823,45.817493],[4.439824,45.817545],[4.439782,45.817546],[4.439782,45.817493]]]}},{"type":"Feature","properties":{"osm_id":181172826,"building":"yes","source":"cadastre-dgi-fr source : Direction Générale des Impôts - Cadastre. Mise à jour : 2012","wall":"no"},"geometry":{"type":"Polygon","coordinates":[[[4.450887,45.824563],[4.450957,45.82457],[4.450951,45.824615],[4.450882,45.824608],[4.450887,45.824563]]]}},{"type":"Feature","properties":{"osm_id":181172827,"building":"yes","source":"cadastre-dgi-fr source : Direction Générale des Impôts - Cadastre. Mise à jour : 2012","wall":"no"},"geometry":{"type":"Polygon","coordinates":[[[4.455415,45.809829],[4.455405,45.809809],[4.455445,45.809801],[4.455451,45.809819],[4.455415,45.809829]]]}},{"type":"Feature","properties":{"osm_id":181172834,"building":"yes","source":"cadastre-dgi-fr source : Direction Générale des Impôts - Cadastre. Mise à jour : 2012","wall":"no"},"geometry":{"type":"Polygon","coordinates":[[[4.451585,45.812617],[4.451568,45.812607],[4.451626,45.812556],[4.451643,45.812566],[4.451585,45.812617]]]}},{"type":"Feature","properties":{"osm_id":181172836,"building":"yes","source":"cadastre-dgi-fr source : Direction Générale des Impôts - Cadastre. Mise à jour : 2012","wall":"no"},"geometry":{"type":"Polygon","coordinates":[[[4.466892,45.818006],[4.46696,45.818033],[4.466921,45.818081],[4.466852,45.818054],[4.466892,45.818006]]]}},{"type":"Feature","properties":{"osm_id":181172840,"building":"yes","source":"cadastre-dgi-fr source : Direction Générale des Impôts - Cadastre. Mise à jour : 2012"},"geometry":{"type":"Polygon","coordinates":[[[4.469995,45.812799],[4.47008,45.812795],[4.470082,45.812826],[4.469998,45.812831],[4.469995,45.812799]]]}},{"type":"Feature","properties":{"osm_id":181172842,"building":"yes","source":"cadastre-dgi-fr source : Direction Générale des Impôts - Cadastre. Mise à jour : 2012","wall":"no"},"geometry":{"type":"Polygon","coordinates":[[[4.450477,45.823775],[4.450643,45.823751],[4.450651,45.823778],[4.450482,45.823801],[4.450477,45.823775]]]}},{"type":"Feature","properties":{"osm_id":181172844,"building":"yes","source":"cadastre-dgi-fr source : Direction Générale des Impôts - Cadastre. Mise à jour : 2012"},"geometry":{"type":"Polygon","coordinates":[[[4.449398,45.803198],[4.449353,45.803209],[4.4493,45.803159],[4.449349,45.80315],[4.449398,45.803198]]]}},{"type":"Feature","properties":{"osm_id":181172848,"building":"yes","source":"cadastre-dgi-fr source : Direction Générale des Impôts - Cadastre. Mise à jour : 2012"},"geometry":{"type":"Polygon","coordinates":[[[4.461165,45.824918],[4.46109,45.824965],[4.461059,45.824942],[4.461134,45.824894],[4.461165,45.824918]]]}},{"type":"Feature","properties":{"osm_id":181172850,"building":"yes","source":"cadastre-dgi-fr source : Direction Générale des Impôts - Cadastre. Mise à jour : 2012"},"geometry":{"type":"Polygon","coordinates":[[[4.471475,45.811766],[4.471493,45.81179],[4.4714,45.811835],[4.471374,45.811808],[4.471475,45.811766]]]}},{"type":"Feature","properties":{"osm_id":181172853,"building":"yes","source":"cadastre-dgi-fr source : Direction Générale des Impôts - Cadastre. Mise à jour : 2012","wall":"no"},"geometry":{"type":"Polygon","coordinates":[[[4.4615545,45.8150517],[4.4614995,45.8150062],[4.461529,45.814989],[4.461582,45.815034],[4.4615545,45.8150517]]]}},{"type":"Feature","properties":{"osm_id":181172856,"building":"yes","source":"cadastre-dgi-fr source : Direction Générale des Impôts - Cadastre. Mise à jour : 2012","wall":"no"},"geometry":{"type":"Polygon","coordinates":[[[4.440509,45.814947],[4.440622,45.814905],[4.440761,45.815088],[4.440647,45.81513],[4.440509,45.814947]]]}},{"type":"Feature","properties":{"osm_id":181172857,"building":"yes","source":"cadastre-dgi-fr source : Direction Générale des Impôts - Cadastre. Mise à jour : 2012"},"geometry":{"type":"Polygon","coordinates":[[[4.433371,45.820379],[4.433396,45.820342],[4.433479,45.820372],[4.433454,45.820408],[4.433371,45.820379]]]}},{"type":"Feature","properties":{"osm_id":181172859,"building":"yes","source":"cadastre-dgi-fr source : Direction Générale des Impôts - Cadastre. Mise à jour : 2012","wall":"no"},"geometry":{"type":"Polygon","coordinates":[[[4.432874,45.820442],[4.432923,45.820478],[4.432898,45.820504],[4.432838,45.82048],[4.432874,45.820442]]]}},{"type":"Feature","properties":{"osm_id":181172864,"building":"yes","source":"cadastre-dgi-fr source : Direction Générale des Impôts - Cadastre. Mise à jour : 2012","wall":"no"},"geometry":{"type":"Polygon","coordinates":[[[4.434184,45.820601],[4.434131,45.820583],[4.434154,45.820553],[4.434207,45.820571],[4.434184,45.820601]]]}},{"type":"Feature","properties":{"osm_id":181172867,"building":"yes","source":"cadastre-dgi-fr source : Direction Générale des Impôts - Cadastre. Mise à jour : 2012","wall":"no"},"geometry":{"type":"Polygon","coordinates":[[[4.469545,45.815392],[4.469519,45.815373],[4.469554,45.815341],[4.469584,45.815357],[4.469545,45.815392]]]}},{"type":"Feature","properties":{"osm_id":181172870,"building":"yes","source":"cadastre-dgi-fr source : Direction Générale des Impôts - Cadastre. Mise à jour : 2012"},"geometry":{"type":"Polygon","coordinates":[[[4.43965,45.805591],[4.439444,45.805533],[4.439492,45.805459],[4.4397,45.805518],[4.43965,45.805591]]]}},{"type":"Feature","properties":{"osm_id":181172872,"building":"yes","source":"cadastre-dgi-fr source : Direction Générale des Impôts - Cadastre. Mise à jour : 2012"},"geometry":{"type":"Polygon","coordinates":[[[4.459751,45.816447],[4.459769,45.816424],[4.459817,45.816439],[4.459799,45.816467],[4.459751,45.816447]]]}},{"type":"Feature","properties":{"osm_id":181172876,"building":"yes","source":"cadastre-dgi-fr source : Direction Générale des Impôts - Cadastre. Mise à jour : 2012"},"geometry":{"type":"Polygon","coordinates":[[[4.450058,45.82414],[4.450134,45.824165],[4.450081,45.8242],[4.450014,45.82417],[4.450058,45.82414]]]}},{"type":"Feature","properties":{"osm_id":181172877,"building":"yes","source":"cadastre-dgi-fr source : Direction Générale des Impôts - Cadastre. Mise à jour : 2012"},"geometry":{"type":"Polygon","coordinates":[[[4.467552,45.817929],[4.467379,45.817871],[4.46742,45.817808],[4.467594,45.817865],[4.467552,45.817929]]]}},{"type":"Feature","properties":{"osm_id":181172878,"building":"yes","source":"cadastre-dgi-fr source : Direction Générale des Impôts - Cadastre. Mise à jour : 2012","wall":"no"},"geometry":{"type":"Polygon","coordinates":[[[4.451728,45.822516],[4.4517805,45.8224803],[4.451802,45.822496],[4.4517495,45.8225315],[4.451728,45.822516]]]}},{"type":"Feature","properties":{"osm_id":181172880,"building":"yes","source":"cadastre-dgi-fr source : Direction Générale des Impôts - Cadastre. Mise à jour : 2012"},"geometry":{"type":"Polygon","coordinates":[[[4.44965,45.817592],[4.44959,45.81748],[4.449678,45.817455],[4.449741,45.817567],[4.44965,45.817592]]]}},{"type":"Feature","properties":{"osm_id":181172881,"building":"yes","source":"cadastre-dgi-fr source : Direction Générale des Impôts - Cadastre. Mise à jour : 2012"},"geometry":{"type":"Polygon","coordinates":[[[4.453829,45.807308],[4.453777,45.807299],[4.453792,45.807262],[4.45384,45.807273],[4.453829,45.807308]]]}},{"type":"Feature","properties":{"osm_id":181172885,"building":"yes","source":"cadastre-dgi-fr source : Direction Générale des Impôts - Cadastre. Mise à jour : 2012"},"geometry":{"type":"Polygon","coordinates":[[[4.445912,45.805629],[4.445837,45.805635],[4.445831,45.805568],[4.445901,45.805564],[4.445912,45.805629]]]}},{"type":"Feature","properties":{"osm_id":181172886,"building":"yes","source":"cadastre-dgi-fr source : Direction Générale des Impôts - Cadastre. Mise à jour : 2012","wall":"no"},"geometry":{"type":"Polygon","coordinates":[[[4.46443,45.818616],[4.464437,45.818562],[4.464521,45.818568],[4.464513,45.818622],[4.46443,45.818616]]]}},{"type":"Feature","properties":{"osm_id":181172888,"building":"yes","source":"cadastre-dgi-fr source : Direction Générale des Impôts - Cadastre. Mise à jour : 2012"},"geometry":{"type":"Polygon","coordinates":[[[4.451514,45.827417],[4.451539,45.82739],[4.451581,45.827411],[4.451556,45.827438],[4.451514,45.827417]]]}},{"type":"Feature","properties":{"osm_id":181172889,"building":"yes","source":"cadastre-dgi-fr source : Direction Générale des Impôts - Cadastre. Mise à jour : 2012"},"geometry":{"type":"Polygon","coordinates":[[[4.450693,45.823371],[4.450667,45.823377],[4.450642,45.823318],[4.450689,45.823316],[4.450693,45.823371]]]}},{"type":"Feature","properties":{"osm_id":181172891,"building":"yes","source":"cadastre-dgi-fr source : Direction Générale des Impôts - Cadastre. Mise à jour : 2012","wall":"no"},"geometry":{"type":"Polygon","coordinates":[[[4.450811,45.812617],[4.4507724,45.8126053],[4.450865,45.812463],[4.450904,45.812475],[4.450811,45.812617]]]}},{"type":"Feature","properties":{"osm_id":181172893,"building":"yes","source":"cadastre-dgi-fr source : Direction Générale des Impôts - Cadastre. Mise à jour : 2012","wall":"no"},"geometry":{"type":"Polygon","coordinates":[[[4.433144,45.820221],[4.433197,45.820243],[4.433173,45.82027],[4.43312,45.820247],[4.433144,45.820221]]]}},{"type":"Feature","properties":{"osm_id":181172896,"building":"yes","source":"cadastre-dgi-fr source : Direction Générale des Impôts - Cadastre. Mise à jour : 2012"},"geometry":{"type":"Polygon","coordinates":[[[4.446034,45.832127],[4.446053,45.832065],[4.446091,45.832071],[4.44607,45.832145],[4.446034,45.832127]]]}},{"type":"Feature","properties":{"osm_id":181172897,"building":"yes","source":"cadastre-dgi-fr source : Direction Générale des Impôts - Cadastre. Mise à jour : 2012"},"geometry":{"type":"Polygon","coordinates":[[[4.444721,45.81932],[4.444698,45.819279],[4.444748,45.819263],[4.444779,45.819304],[4.444721,45.81932]]]}},{"type":"Feature","properties":{"osm_id":181172899,"building":"yes","source":"cadastre-dgi-fr source : Direction Générale des Impôts - Cadastre. Mise à jour : 2012","wall":"no"},"geometry":{"type":"Polygon","coordinates":[[[4.441133,45.815372],[4.441147,45.815352],[4.441223,45.815374],[4.441213,45.815395],[4.441133,45.815372]]]}},{"type":"Feature","properties":{"osm_id":181172901,"building":"yes","source":"cadastre-dgi-fr source : Direction Générale des Impôts - Cadastre. Mise à jour : 2012","wall":"no"},"geometry":{"type":"Polygon","coordinates":[[[4.450706,45.813558],[4.450811,45.813585],[4.450802,45.813604],[4.450698,45.813577],[4.450706,45.813558]]]}},{"type":"Feature","properties":{"osm_id":181172902,"building":"yes","source":"cadastre-dgi-fr source : Direction Générale des Impôts - Cadastre. Mise à jour : 2012"},"geometry":{"type":"Polygon","coordinates":[[[4.4517494,45.8121149],[4.4518618,45.8120217],[4.4519216,45.8120568],[4.4518092,45.81215],[4.4517494,45.8121149]]]}},{"type":"Feature","properties":{"osm_id":181172904,"building":"yes","source":"cadastre-dgi-fr source : Direction Générale des Impôts - Cadastre. Mise à jour : 2012","wall":"no"},"geometry":{"type":"Polygon","coordinates":[[[4.450296,45.823516],[4.450322,45.823512],[4.450355,45.823621],[4.450328,45.823626],[4.450296,45.823516]]]}},{"type":"Feature","properties":{"osm_id":181172905,"building":"yes","source":"cadastre-dgi-fr source : Direction Générale des Impôts - Cadastre. Mise à jour : 2012","wall":"no"},"geometry":{"type":"Polygon","coordinates":[[[4.450806,45.823309],[4.450822,45.823272],[4.450847,45.823277],[4.450831,45.823312],[4.450806,45.823309]]]}},{"type":"Feature","properties":{"osm_id":181172908,"building":"yes","source":"cadastre-dgi-fr source : Direction Générale des Impôts - Cadastre. Mise à jour : 2012"},"geometry":{"type":"Polygon","coordinates":[[[4.450874,45.824669],[4.450882,45.824608],[4.450951,45.824615],[4.450943,45.824678],[4.450874,45.824669]]]}},{"type":"Feature","properties":{"osm_id":181172909,"building":"yes","source":"cadastre-dgi-fr source : Direction Générale des Impôts - Cadastre. Mise à jour : 2012"},"geometry":{"type":"Polygon","coordinates":[[[4.45064,45.823601],[4.450664,45.823671],[4.450526,45.823693],[4.4505,45.823623],[4.45064,45.823601]]]}},{"type":"Feature","properties":{"osm_id":181172910,"building":"yes","source":"cadastre-dgi-fr source : Direction Générale des Impôts - Cadastre. Mise à jour : 2012","wall":"no"},"geometry":{"type":"Polygon","coordinates":[[[4.453193,45.823533],[4.4531,45.823314],[4.453202,45.823294],[4.453294,45.823512],[4.453193,45.823533]]]}},{"type":"Feature","properties":{"osm_id":181172912,"building":"yes","source":"cadastre-dgi-fr source : Direction Générale des Impôts - Cadastre. Mise à jour : 2012","wall":"no"},"geometry":{"type":"Polygon","coordinates":[[[4.444628,45.819062],[4.444717,45.819001],[4.444761,45.819031],[4.444674,45.819092],[4.444628,45.819062]]]}},{"type":"Feature","properties":{"osm_id":181172914,"building":"yes","source":"cadastre-dgi-fr source : Direction Générale des Impôts - Cadastre. Mise à jour : 2012","wall":"no"},"geometry":{"type":"Polygon","coordinates":[[[4.445391,45.805367],[4.445411,45.805295],[4.445436,45.805293],[4.4454166,45.8053663],[4.445391,45.805367]]]}},{"type":"Feature","properties":{"osm_id":181172915,"building":"yes","source":"cadastre-dgi-fr source : Direction Générale des Impôts - Cadastre. Mise à jour : 2012"},"geometry":{"type":"Polygon","coordinates":[[[4.450882,45.813596],[4.450906,45.813546],[4.450941,45.813555],[4.450918,45.813604],[4.450882,45.813596]]]}},{"type":"Feature","properties":{"osm_id":181172916,"building":"yes","source":"cadastre-dgi-fr source : Direction Générale des Impôts - Cadastre. Mise à jour : 2012"},"geometry":{"type":"Polygon","coordinates":[[[4.471016,45.81172],[4.470929,45.811643],[4.471017,45.811594],[4.471103,45.811671],[4.471016,45.81172]]]}},{"type":"Feature","properties":{"osm_id":181172917,"building":"yes","source":"cadastre-dgi-fr source : Direction Générale des Impôts - Cadastre. Mise à jour : 2012"},"geometry":{"type":"Polygon","coordinates":[[[4.450626,45.823175],[4.450664,45.8231],[4.450805,45.823136],[4.450767,45.823211],[4.450626,45.823175]]]}},{"type":"Feature","properties":{"osm_id":181172918,"building":"yes","source":"cadastre-dgi-fr source : Direction Générale des Impôts - Cadastre. Mise à jour : 2012"},"geometry":{"type":"Polygon","coordinates":[[[4.444153,45.8101],[4.444092,45.81016],[4.444023,45.81013],[4.444079,45.810067],[4.444153,45.8101]]]}},{"type":"Feature","properties":{"osm_id":181172919,"building":"yes","source":"cadastre-dgi-fr source : Direction Générale des Impôts - Cadastre. Mise à jour : 2012"},"geometry":{"type":"Polygon","coordinates":[[[4.445522,45.826],[4.445581,45.82598],[4.445621,45.826036],[4.445566,45.826056],[4.445522,45.826]]]}},{"type":"Feature","properties":{"osm_id":181172920,"building":"yes","source":"cadastre-dgi-fr source : Direction Générale des Impôts - Cadastre. Mise à jour : 2012","wall":"no"},"geometry":{"type":"Polygon","coordinates":[[[4.459946,45.816629],[4.4597769,45.8165642],[4.459783,45.816557],[4.459952,45.816621],[4.459946,45.816629]]]}},{"type":"Feature","properties":{"osm_id":181172921,"building":"yes","source":"cadastre-dgi-fr source : Direction Générale des Impôts - Cadastre. Mise à jour : 2012","wall":"no"},"geometry":{"type":"Polygon","coordinates":[[[4.461265,45.815134],[4.461284,45.815122],[4.4613663,45.8151854],[4.461347,45.815197],[4.461265,45.815134]]]}},{"type":"Feature","properties":{"osm_id":181172922,"building":"yes","source":"cadastre-dgi-fr source : Direction Générale des Impôts - Cadastre. Mise à jour : 2012","wall":"no"},"geometry":{"type":"Polygon","coordinates":[[[4.450905,45.82332],[4.450967,45.823327],[4.450945,45.823449],[4.450885,45.823444],[4.450905,45.82332]]]}},{"type":"Feature","properties":{"osm_id":181172923,"building":"yes","source":"cadastre-dgi-fr source : Direction Générale des Impôts - Cadastre. Mise à jour : 2012"},"geometry":{"type":"Polygon","coordinates":[[[4.450052,45.825037],[4.450377,45.8251],[4.450352,45.825175],[4.450027,45.825112],[4.450052,45.825037]]]}},{"type":"Feature","properties":{"osm_id":181172924,"building":"yes","source":"cadastre-dgi-fr source : Direction Générale des Impôts - Cadastre. Mise à jour : 2012"},"geometry":{"type":"Polygon","coordinates":[[[4.449857,45.802777],[4.449937,45.80295],[4.449831,45.802976],[4.449743,45.802805],[4.449857,45.802777]]]}},{"type":"Feature","properties":{"osm_id":181172925,"building":"yes","source":"cadastre-dgi-fr source : Direction Générale des Impôts - Cadastre. Mise à jour : 2012"},"geometry":{"type":"Polygon","coordinates":[[[4.435669,45.820184],[4.435775,45.820289],[4.435507,45.820422],[4.4354,45.820316],[4.435669,45.820184]]]}},{"type":"Feature","properties":{"osm_id":181172926,"building":"yes","source":"cadastre-dgi-fr source : Direction Générale des Impôts - Cadastre. Mise à jour : 2012"},"geometry":{"type":"Polygon","coordinates":[[[4.445639,45.832576],[4.445764,45.832599],[4.445741,45.832661],[4.445618,45.832635],[4.445639,45.832576]]]}},{"type":"Feature","properties":{"osm_id":181172927,"building":"yes","source":"cadastre-dgi-fr source : Direction Générale des Impôts - Cadastre. Mise à jour : 2012"},"geometry":{"type":"Polygon","coordinates":[[[4.448078,45.8179492],[4.4481025,45.8178902],[4.448173,45.817905],[4.4481462,45.8179622],[4.448078,45.8179492]]]}},{"type":"Feature","properties":{"osm_id":181172928,"building":"yes","source":"cadastre-dgi-fr source : Direction Générale des Impôts - Cadastre. Mise à jour : 2012","wall":"no"},"geometry":{"type":"Polygon","coordinates":[[[4.469838,45.815186],[4.469897,45.815104],[4.469934,45.815117],[4.469875,45.815199],[4.469838,45.815186]]]}},{"type":"Feature","properties":{"osm_id":181172929,"building":"yes","source":"cadastre-dgi-fr source : Direction Générale des Impôts - Cadastre. Mise à jour : 2012","wall":"no"},"geometry":{"type":"Polygon","coordinates":[[[4.470294,45.812464],[4.4703011,45.812524],[4.470229,45.81253],[4.470229,45.812468],[4.470294,45.812464]]]}},{"type":"Feature","properties":{"osm_id":181172930,"building":"yes","source":"cadastre-dgi-fr source : Direction Générale des Impôts - Cadastre. Mise à jour : 2012","wall":"no"},"geometry":{"type":"Polygon","coordinates":[[[4.445764,45.832599],[4.445814,45.832607],[4.445791,45.832671],[4.445741,45.832661],[4.445764,45.832599]]]}},{"type":"Feature","properties":{"osm_id":181172931,"building":"yes","source":"cadastre-dgi-fr source : Direction Générale des Impôts - Cadastre. Mise à jour : 2012"},"geometry":{"type":"Polygon","coordinates":[[[4.450848,45.823049],[4.450857,45.823027],[4.450893,45.823035],[4.450884,45.823057],[4.450848,45.823049]]]}},{"type":"Feature","properties":{"osm_id":181172957,"building":"yes","source":"cadastre-dgi-fr source : Direction Générale des Impôts - Cadastre. Mise à jour : 2012","wall":"no"},"geometry":{"type":"Polygon","coordinates":[[[4.451537,45.819084],[4.451595,45.819101],[4.451564,45.819198],[4.451501,45.819188],[4.451537,45.819084]]]}},{"type":"Feature","properties":{"osm_id":181172958,"building":"yes","source":"cadastre-dgi-fr source : Direction Générale des Impôts - Cadastre. Mise à jour : 2012","wall":"no"},"geometry":{"type":"Polygon","coordinates":[[[4.451157,45.812565],[4.451084,45.812712],[4.451007,45.812688],[4.451079,45.812539],[4.451157,45.812565]]]}},{"type":"Feature","properties":{"osm_id":181172959,"building":"yes","source":"cadastre-dgi-fr source : Direction Générale des Impôts - Cadastre. Mise à jour : 2012","wall":"no"},"geometry":{"type":"Polygon","coordinates":[[[4.449556,45.803203],[4.449537,45.803179],[4.449599,45.80314],[4.449622,45.803158],[4.449556,45.803203]]]}},{"type":"Feature","properties":{"osm_id":181172960,"building":"yes","source":"cadastre-dgi-fr source : Direction Générale des Impôts - Cadastre. Mise à jour : 2012"},"geometry":{"type":"Polygon","coordinates":[[[4.439051,45.832872],[4.439299,45.832721],[4.439376,45.832784],[4.439124,45.832935],[4.439051,45.832872]]]}},{"type":"Feature","properties":{"osm_id":181172961,"building":"yes","source":"cadastre-dgi-fr source : Direction Générale des Impôts - Cadastre. Mise à jour : 2012","wall":"no"},"geometry":{"type":"Polygon","coordinates":[[[4.442519,45.823722],[4.44243,45.823771],[4.442397,45.823744],[4.442485,45.823696],[4.442519,45.823722]]]}},{"type":"Feature","properties":{"osm_id":181172962,"building":"yes","source":"cadastre-dgi-fr source : Direction Générale des Impôts - Cadastre. Mise à jour : 2012","wall":"no"},"geometry":{"type":"Polygon","coordinates":[[[4.449558,45.800324],[4.449605,45.800291],[4.449667,45.800329],[4.449641,45.800382],[4.449558,45.800324]]]}},{"type":"Feature","properties":{"osm_id":181172963,"building":"yes","source":"cadastre-dgi-fr source : Direction Générale des Impôts - Cadastre. Mise à jour : 2012","wall":"no"},"geometry":{"type":"Polygon","coordinates":[[[4.449853,45.824498],[4.449847,45.824478],[4.449901,45.82447],[4.449907,45.82449],[4.449853,45.824498]]]}},{"type":"Feature","properties":{"osm_id":181172964,"building":"yes","source":"cadastre-dgi-fr source : Direction Générale des Impôts - Cadastre. Mise à jour : 2012","wall":"no"},"geometry":{"type":"Polygon","coordinates":[[[4.451982,45.811562],[4.452118,45.81155],[4.452123,45.811579],[4.451988,45.811592],[4.451982,45.811562]]]}},{"type":"Feature","properties":{"osm_id":181172965,"building":"yes","source":"cadastre-dgi-fr source : Direction Générale des Impôts - Cadastre. Mise à jour : 2012"},"geometry":{"type":"Polygon","coordinates":[[[4.450109,45.802994],[4.450005,45.803049],[4.449942,45.802984],[4.450042,45.802935],[4.450109,45.802994]]]}},{"type":"Feature","properties":{"osm_id":181172966,"building":"yes","source":"cadastre-dgi-fr source : Direction Générale des Impôts - Cadastre. Mise à jour : 2012","wall":"no"},"geometry":{"type":"Polygon","coordinates":[[[4.470733,45.811914],[4.470784,45.811889],[4.470816,45.81192],[4.470753,45.811951],[4.470733,45.811914]]]}},{"type":"Feature","properties":{"osm_id":181172967,"building":"yes","source":"cadastre-dgi-fr source : Direction Générale des Impôts - Cadastre. Mise à jour : 2012","wall":"no"},"geometry":{"type":"Polygon","coordinates":[[[4.445594,45.825927],[4.445492,45.825961],[4.44546,45.825914],[4.445564,45.825878],[4.445594,45.825927]]]}},{"type":"Feature","properties":{"osm_id":181172968,"building":"yes","source":"cadastre-dgi-fr source : Direction Générale des Impôts - Cadastre. Mise à jour : 2012"},"geometry":{"type":"Polygon","coordinates":[[[4.470811,45.81178],[4.470843,45.811781],[4.470836,45.811822],[4.470805,45.81182],[4.470811,45.81178]]]}},{"type":"Feature","properties":{"osm_id":181172969,"building":"yes","source":"cadastre-dgi-fr source : Direction Générale des Impôts - Cadastre. Mise à jour : 2012","wall":"no"},"geometry":{"type":"Polygon","coordinates":[[[4.445255,45.807395],[4.445253,45.807353],[4.445332,45.80735],[4.445333,45.807391],[4.445255,45.807395]]]}},{"type":"Feature","properties":{"osm_id":181172970,"building":"yes","source":"cadastre-dgi-fr source : Direction Générale des Impôts - Cadastre. Mise à jour : 2012"},"geometry":{"type":"Polygon","coordinates":[[[4.4519675,45.811127],[4.4518805,45.8112779],[4.4518215,45.8112609],[4.4519188,45.8111157],[4.4519675,45.811127]]]}},{"type":"Feature","properties":{"osm_id":181172971,"building":"yes","source":"cadastre-dgi-fr source : Direction Générale des Impôts - Cadastre. Mise à jour : 2012"},"geometry":{"type":"Polygon","coordinates":[[[4.44473,45.809804],[4.444703,45.809791],[4.444717,45.809776],[4.444744,45.809788],[4.44473,45.809804]]]}},{"type":"Feature","properties":{"osm_id":181172972,"building":"yes","source":"cadastre-dgi-fr source : Direction Générale des Impôts - Cadastre. Mise à jour : 2012"},"geometry":{"type":"Polygon","coordinates":[[[4.450572,45.825395],[4.450489,45.825341],[4.450627,45.825238],[4.45071,45.825292],[4.450572,45.825395]]]}},{"type":"Feature","properties":{"osm_id":181172973,"building":"yes","source":"cadastre-dgi-fr source : Direction Générale des Impôts - Cadastre. Mise à jour : 2012","wall":"no"},"geometry":{"type":"Polygon","coordinates":[[[4.445458,45.805485],[4.445362,45.805487],[4.445376,45.805424],[4.445458,45.805422],[4.445458,45.805485]]]}},{"type":"Feature","properties":{"osm_id":181172974,"building":"yes","source":"cadastre-dgi-fr source : Direction Générale des Impôts - Cadastre. Mise à jour : 2012"},"geometry":{"type":"Polygon","coordinates":[[[4.450956,45.824155],[4.451057,45.824174],[4.451007,45.824307],[4.450909,45.824288],[4.450956,45.824155]]]}},{"type":"Feature","properties":{"osm_id":181172975,"building":"yes","source":"cadastre-dgi-fr source : Direction Générale des Impôts - Cadastre. Mise à jour : 2012"},"geometry":{"type":"Polygon","coordinates":[[[4.450026,45.824388],[4.449952,45.824361],[4.449999,45.82429],[4.450073,45.824318],[4.450026,45.824388]]]}},{"type":"Feature","properties":{"osm_id":181172976,"building":"yes","source":"cadastre-dgi-fr source : Direction Générale des Impôts - Cadastre. Mise à jour : 2012","wall":"no"},"geometry":{"type":"Polygon","coordinates":[[[4.449796,45.82377],[4.449982,45.823796],[4.449992,45.823853],[4.449785,45.823824],[4.449796,45.82377]]]}},{"type":"Feature","properties":{"osm_id":181172977,"building":"yes","source":"cadastre-dgi-fr source : Direction Générale des Impôts - Cadastre. Mise à jour : 2012"},"geometry":{"type":"Polygon","coordinates":[[[4.4476927,45.818063],[4.4477042,45.8181015],[4.4476718,45.8181051],[4.4476607,45.8180675],[4.4476927,45.818063]]]}},{"type":"Feature","properties":{"osm_id":181172978,"building":"yes","source":"cadastre-dgi-fr source : Direction Générale des Impôts - Cadastre. Mise à jour : 2012","wall":"no"},"geometry":{"type":"Polygon","coordinates":[[[4.440978,45.831146],[4.440882,45.831186],[4.440842,45.831144],[4.44094,45.831101],[4.440978,45.831146]]]}},{"type":"Feature","properties":{"osm_id":181172979,"building":"yes","source":"cadastre-dgi-fr source : Direction Générale des Impôts - Cadastre. Mise à jour : 2012","wall":"no"},"geometry":{"type":"Polygon","coordinates":[[[4.449915,45.802956],[4.449937,45.80295],[4.44996,45.802974],[4.449942,45.802984],[4.449915,45.802956]]]}},{"type":"Feature","properties":{"osm_id":181172980,"building":"yes","source":"cadastre-dgi-fr source : Direction Générale des Impôts - Cadastre. Mise à jour : 2012","wall":"no"},"geometry":{"type":"Polygon","coordinates":[[[4.451473,45.82276],[4.451487,45.822745],[4.45153,45.822766],[4.451515,45.822781],[4.451473,45.82276]]]}},{"type":"Feature","properties":{"osm_id":181172981,"building":"yes","source":"cadastre-dgi-fr source : Direction Générale des Impôts - Cadastre. Mise à jour : 2012"},"geometry":{"type":"Polygon","coordinates":[[[4.469934,45.815117],[4.469984,45.815134],[4.469925,45.815217],[4.469875,45.815199],[4.469934,45.815117]]]}},{"type":"Feature","properties":{"osm_id":181172982,"building":"yes","source":"cadastre-dgi-fr source : Direction Générale des Impôts - Cadastre. Mise à jour : 2012","wall":"no"},"geometry":{"type":"Polygon","coordinates":[[[4.445358,45.805709],[4.445352,45.805679],[4.445514,45.805667],[4.445514,45.805695],[4.445358,45.805709]]]}},{"type":"Feature","properties":{"osm_id":181172983,"building":"yes","source":"cadastre-dgi-fr source : Direction Générale des Impôts - Cadastre. Mise à jour : 2012"},"geometry":{"type":"Polygon","coordinates":[[[4.435536,45.824612],[4.435511,45.82464],[4.435435,45.824607],[4.435458,45.82458],[4.435536,45.824612]]]}},{"type":"Feature","properties":{"osm_id":181172984,"building":"yes","source":"cadastre-dgi-fr source : Direction Générale des Impôts - Cadastre. Mise à jour : 2012","wall":"no"},"geometry":{"type":"Polygon","coordinates":[[[4.451101,45.824325],[4.451131,45.824242],[4.451214,45.824257],[4.451185,45.82434],[4.451101,45.824325]]]}},{"type":"Feature","properties":{"osm_id":181172985,"building":"yes","source":"cadastre-dgi-fr source : Direction Générale des Impôts - Cadastre. Mise à jour : 2012","wall":"no"},"geometry":{"type":"Polygon","coordinates":[[[4.4518755,45.8113643],[4.4518835,45.8114384],[4.4518405,45.8114394],[4.4518389,45.8113661],[4.4518755,45.8113643]]]}},{"type":"Feature","properties":{"osm_id":181172986,"building":"yes","source":"cadastre-dgi-fr source : Direction Générale des Impôts - Cadastre. Mise à jour : 2012","wall":"no"},"geometry":{"type":"Polygon","coordinates":[[[4.44479,45.819321],[4.44473,45.819333],[4.444721,45.81932],[4.444779,45.819304],[4.44479,45.819321]]]}},{"type":"Feature","properties":{"osm_id":181172987,"building":"yes","source":"cadastre-dgi-fr source : Direction Générale des Impôts - Cadastre. Mise à jour : 2012","wall":"no"},"geometry":{"type":"Polygon","coordinates":[[[4.445686,45.828864],[4.445683,45.828932],[4.445642,45.828929],[4.445644,45.828863],[4.445686,45.828864]]]}},{"type":"Feature","properties":{"osm_id":181172988,"building":"yes","source":"cadastre-dgi-fr source : Direction Générale des Impôts - Cadastre. Mise à jour : 2012","wall":"no"},"geometry":{"type":"Polygon","coordinates":[[[4.452482,45.812468],[4.45258,45.812497],[4.452565,45.812522],[4.452467,45.812492],[4.452482,45.812468]]]}},{"type":"Feature","properties":{"osm_id":181172989,"building":"yes","source":"cadastre-dgi-fr source : Direction Générale des Impôts - Cadastre. Mise à jour : 2012","wall":"no"},"geometry":{"type":"Polygon","coordinates":[[[4.436049,45.820147],[4.4361,45.820152],[4.436082,45.820229],[4.436027,45.820223],[4.436049,45.820147]]]}},{"type":"Feature","properties":{"osm_id":181172990,"building":"yes","source":"cadastre-dgi-fr source : Direction Générale des Impôts - Cadastre. Mise à jour : 2012","wall":"no"},"geometry":{"type":"Polygon","coordinates":[[[4.464528,45.821798],[4.464533,45.821944],[4.464467,45.821927],[4.46446,45.821778],[4.464528,45.821798]]]}},{"type":"Feature","properties":{"osm_id":181172991,"building":"yes","source":"cadastre-dgi-fr source : Direction Générale des Impôts - Cadastre. Mise à jour : 2012","wall":"no"},"geometry":{"type":"Polygon","coordinates":[[[4.450718,45.823503],[4.45086,45.823497],[4.450861,45.823527],[4.450731,45.823534],[4.450718,45.823503]]]}},{"type":"Feature","properties":{"osm_id":181172992,"building":"yes","source":"cadastre-dgi-fr source : Direction Générale des Impôts - Cadastre. Mise à jour : 2012"},"geometry":{"type":"Polygon","coordinates":[[[4.449636,45.817682],[4.449584,45.817696],[4.449573,45.817678],[4.449627,45.817664],[4.449636,45.817682]]]}},{"type":"Feature","properties":{"osm_id":181172993,"building":"yes","source":"cadastre-dgi-fr source : Direction Générale des Impôts - Cadastre. Mise à jour : 2012"},"geometry":{"type":"Polygon","coordinates":[[[4.435958,45.820189],[4.435972,45.820138],[4.43601,45.820143],[4.435996,45.820195],[4.435958,45.820189]]]}},{"type":"Feature","properties":{"osm_id":181172994,"building":"yes","source":"cadastre-dgi-fr source : Direction Générale des Impôts - Cadastre. Mise à jour : 2012"},"geometry":{"type":"Polygon","coordinates":[[[4.433068,45.82019],[4.433144,45.820221],[4.43312,45.820247],[4.433048,45.820217],[4.433068,45.82019]]]}},{"type":"Feature","properties":{"osm_id":181172995,"building":"yes","source":"cadastre-dgi-fr source : Direction Générale des Impôts - Cadastre. Mise à jour : 2012","wall":"no"},"geometry":{"type":"Polygon","coordinates":[[[4.453604,45.823568],[4.453459,45.82323],[4.45351,45.823219],[4.453663,45.823556],[4.453604,45.823568]]]}},{"type":"Feature","properties":{"osm_id":181172996,"building":"yes","source":"cadastre-dgi-fr source : Direction Générale des Impôts - Cadastre. Mise à jour : 2012"},"geometry":{"type":"Polygon","coordinates":[[[4.445649,45.825756],[4.4456,45.825768],[4.445569,45.825718],[4.445613,45.825705],[4.445649,45.825756]]]}},{"type":"Feature","properties":{"osm_id":181172997,"building":"yes","source":"cadastre-dgi-fr source : Direction Générale des Impôts - Cadastre. Mise à jour : 2012"},"geometry":{"type":"Polygon","coordinates":[[[4.449423,45.800403],[4.449395,45.800379],[4.449415,45.800364],[4.449448,45.800386],[4.449423,45.800403]]]}},{"type":"Feature","properties":{"osm_id":181172998,"building":"yes","source":"cadastre-dgi-fr source : Direction Générale des Impôts - Cadastre. Mise à jour : 2012","wall":"no"},"geometry":{"type":"Polygon","coordinates":[[[4.46637,45.818939],[4.466296,45.818937],[4.466299,45.818874],[4.466373,45.818876],[4.46637,45.818939]]]}},{"type":"Feature","properties":{"osm_id":181172999,"building":"yes","source":"cadastre-dgi-fr source : Direction Générale des Impôts - Cadastre. Mise à jour : 2012","wall":"no"},"geometry":{"type":"Polygon","coordinates":[[[4.441147,45.815597],[4.441301,45.815538],[4.441317,45.815563],[4.441185,45.815611],[4.441147,45.815597]]]}},{"type":"Feature","properties":{"osm_id":181173000,"building":"yes","source":"cadastre-dgi-fr source : Direction Générale des Impôts - Cadastre. Mise à jour : 2012","wall":"no"},"geometry":{"type":"Polygon","coordinates":[[[4.450359,45.82498],[4.450366,45.824965],[4.45041,45.824971],[4.450404,45.824987],[4.450359,45.82498]]]}},{"type":"Feature","properties":{"osm_id":181173001,"building":"yes","source":"cadastre-dgi-fr source : Direction Générale des Impôts - Cadastre. Mise à jour : 2012"},"geometry":{"type":"Polygon","coordinates":[[[4.44412,45.810173],[4.444126,45.810166],[4.444426,45.810298],[4.444373,45.810366],[4.444064,45.810236],[4.44412,45.810173]]]}},{"type":"Feature","properties":{"osm_id":181173002,"building":"yes","source":"cadastre-dgi-fr source : Direction Générale des Impôts - Cadastre. Mise à jour : 2012"},"geometry":{"type":"Polygon","coordinates":[[[4.441345,45.819629],[4.441312,45.819569],[4.441355,45.819558],[4.441503,45.81952],[4.441536,45.819576],[4.441345,45.819629]]]}},{"type":"Feature","properties":{"osm_id":181173003,"building":"yes","source":"cadastre-dgi-fr source : Direction Générale des Impôts - Cadastre. Mise à jour : 2012"},"geometry":{"type":"Polygon","coordinates":[[[4.437237,45.807898],[4.43745,45.807858],[4.437489,45.807984],[4.437233,45.808038],[4.437191,45.807906],[4.437237,45.807898]]]}},{"type":"Feature","properties":{"osm_id":181173004,"building":"house","source":"cadastre-dgi-fr source : Direction Générale des Impôts - Cadastre. Mise à jour : 2012"},"geometry":{"type":"Polygon","coordinates":[[[4.453703,45.826986],[4.453712,45.826903],[4.453782,45.826907],[4.4537819,45.826992],[4.453703,45.826986]]]}},{"type":"Feature","properties":{"osm_id":181173005,"building":"yes","source":"cadastre-dgi-fr source : Direction Générale des Impôts - Cadastre. Mise à jour : 2012","wall":"no"},"geometry":{"type":"Polygon","coordinates":[[[4.464773,45.822018],[4.46472,45.822002],[4.46477,45.82192],[4.464847,45.821942],[4.464798,45.822025],[4.464773,45.822018]]]}},{"type":"Feature","properties":{"osm_id":181173006,"building":"yes","source":"cadastre-dgi-fr source : Direction Générale des Impôts - Cadastre. Mise à jour : 2012","wall":"no"},"geometry":{"type":"Polygon","coordinates":[[[4.4519188,45.8111157],[4.4519863,45.8109384],[4.4520352,45.8109477],[4.4519675,45.811127],[4.4519188,45.8111157]]]}},{"type":"Feature","properties":{"osm_id":181173007,"building":"yes","source":"cadastre-dgi-fr source : Direction Générale des Impôts - Cadastre. Mise à jour : 2012"},"geometry":{"type":"Polygon","coordinates":[[[4.450532,45.824601],[4.450546,45.824558],[4.450556,45.824559],[4.450633,45.82457],[4.450619,45.824615],[4.450532,45.824601]]]}},{"type":"Feature","properties":{"osm_id":181173008,"building":"yes","source":"cadastre-dgi-fr source : Direction Générale des Impôts - Cadastre. Mise à jour : 2012"},"geometry":{"type":"Polygon","coordinates":[[[4.435922,45.82007],[4.435939,45.820124],[4.435791,45.820142],[4.435776,45.820096],[4.4358,45.820085],[4.435922,45.82007]]]}},{"type":"Feature","properties":{"osm_id":181173009,"building":"yes","source":"cadastre-dgi-fr source : Direction Générale des Impôts - Cadastre. Mise à jour : 2012","wall":"no"},"geometry":{"type":"Polygon","coordinates":[[[4.44803,45.804448],[4.44803,45.804485],[4.447943,45.804488],[4.447945,45.804442],[4.448017,45.804448],[4.44803,45.804448]]]}},{"type":"Feature","properties":{"osm_id":181173010,"building":"yes","source":"cadastre-dgi-fr source : Direction Générale des Impôts - Cadastre. Mise à jour : 2012","wall":"no"},"geometry":{"type":"Polygon","coordinates":[[[4.444426,45.810298],[4.444495,45.810211],[4.444583,45.810245],[4.444458,45.810402],[4.444373,45.810366],[4.444426,45.810298]]]}},{"type":"Feature","properties":{"osm_id":181173011,"building":"yes","source":"cadastre-dgi-fr source : Direction Générale des Impôts - Cadastre. Mise à jour : 2012","wall":"no"},"geometry":{"type":"Polygon","coordinates":[[[4.450203,45.824441],[4.450174,45.824436],[4.450129,45.824426],[4.450148,45.824385],[4.45022,45.824398],[4.450203,45.824441]]]}},{"type":"Feature","properties":{"osm_id":181173012,"building":"yes","source":"cadastre-dgi-fr source : Direction Générale des Impôts - Cadastre. Mise à jour : 2012","wall":"no"},"geometry":{"type":"Polygon","coordinates":[[[4.451943,45.812462],[4.451943,45.812444],[4.452042,45.812444],[4.45204,45.812453],[4.45204,45.812462],[4.451943,45.812462]]]}},{"type":"Feature","properties":{"osm_id":181173013,"building":"yes","source":"cadastre-dgi-fr source : Direction Générale des Impôts - Cadastre. Mise à jour : 2012"},"geometry":{"type":"Polygon","coordinates":[[[4.4503569,45.8238669],[4.450375,45.823837],[4.450485,45.823821],[4.450488,45.823838],[4.450458,45.823888],[4.4503569,45.8238669]]]}},{"type":"Feature","properties":{"osm_id":181173014,"building":"yes","source":"cadastre-dgi-fr source : Direction Générale des Impôts - Cadastre. Mise à jour : 2012","wall":"no"},"geometry":{"type":"Polygon","coordinates":[[[4.445988,45.832346],[4.446142,45.832363],[4.446153,45.832364],[4.44613,45.832433],[4.445966,45.832402],[4.445988,45.832346]]]}},{"type":"Feature","properties":{"osm_id":181173015,"building":"yes","source":"cadastre-dgi-fr source : Direction Générale des Impôts - Cadastre. Mise à jour : 2012"},"geometry":{"type":"Polygon","coordinates":[[[4.44779,45.804123],[4.448149,45.804159],[4.448135,45.804244],[4.448105,45.804243],[4.447787,45.804209],[4.44779,45.804123]]]}},{"type":"Feature","properties":{"osm_id":181173016,"building":"yes","source":"cadastre-dgi-fr source : Direction Générale des Impôts - Cadastre. Mise à jour : 2012","wall":"no"},"geometry":{"type":"Polygon","coordinates":[[[4.464763,45.818892],[4.464676,45.818875],[4.4646999,45.81882],[4.464719,45.818776],[4.464813,45.818777],[4.464763,45.818892]]]}},{"type":"Feature","properties":{"osm_id":181173017,"building":"yes","source":"cadastre-dgi-fr source : Direction Générale des Impôts - Cadastre. Mise à jour : 2012","wall":"no"},"geometry":{"type":"Polygon","coordinates":[[[4.436027,45.820223],[4.435993,45.820203],[4.435996,45.820195],[4.43601,45.820143],[4.436049,45.820147],[4.436027,45.820223]]]}},{"type":"Feature","properties":{"osm_id":181173020,"building":"yes","source":"cadastre-dgi-fr source : Direction Générale des Impôts - Cadastre. Mise à jour : 2012","wall":"no"},"geometry":{"type":"Polygon","coordinates":[[[4.45019,45.824741],[4.450198,45.824731],[4.45022,45.824704],[4.450245,45.824714],[4.450215,45.824751],[4.45019,45.824741]]]}},{"type":"Feature","properties":{"osm_id":181173022,"building":"yes","source":"cadastre-dgi-fr source : Direction Générale des Impôts - Cadastre. Mise à jour : 2012"},"geometry":{"type":"Polygon","coordinates":[[[4.450941,45.813469],[4.450788,45.813432],[4.450809,45.813369],[4.450904,45.813384],[4.450973,45.813397],[4.450941,45.813469]]]}},{"type":"Feature","properties":{"osm_id":181173023,"building":"yes","source":"cadastre-dgi-fr source : Direction Générale des Impôts - Cadastre. Mise à jour : 2012","wall":"no"},"geometry":{"type":"Polygon","coordinates":[[[4.443019,45.829692],[4.44295,45.829661],[4.442963,45.829648],[4.443,45.829614],[4.443065,45.829644],[4.443019,45.829692]]]}},{"type":"Feature","properties":{"osm_id":181173024,"building":"yes","source":"cadastre-dgi-fr source : Direction Générale des Impôts - Cadastre. Mise à jour : 2012"},"geometry":{"type":"Polygon","coordinates":[[[4.455419,45.809722],[4.455445,45.809801],[4.455405,45.809809],[4.455373,45.809815],[4.455344,45.809737],[4.455419,45.809722]]]}},{"type":"Feature","properties":{"osm_id":181173025,"building":"yes","source":"cadastre-dgi-fr source : Direction Générale des Impôts - Cadastre. Mise à jour : 2012","wall":"no"},"geometry":{"type":"Polygon","coordinates":[[[4.466825,45.818199],[4.466961,45.818256],[4.466963,45.818257],[4.466947,45.818274],[4.466811,45.818216],[4.466825,45.818199]]]}},{"type":"Feature","properties":{"osm_id":181173026,"building":"yes","source":"cadastre-dgi-fr source : Direction Générale des Impôts - Cadastre. Mise à jour : 2012"},"geometry":{"type":"Polygon","coordinates":[[[4.4356,45.824831],[4.435506,45.824787],[4.435518,45.824773],[4.435589,45.8247],[4.435682,45.824744],[4.4356,45.824831]]]}},{"type":"Feature","properties":{"osm_id":181173027,"building":"yes","source":"cadastre-dgi-fr source : Direction Générale des Impôts - Cadastre. Mise à jour : 2012","wall":"no"},"geometry":{"type":"Polygon","coordinates":[[[4.461347,45.815197],[4.4613663,45.8151854],[4.461422,45.815152],[4.461467,45.815188],[4.461393,45.815235],[4.461347,45.815197]]]}},{"type":"Feature","properties":{"osm_id":181173028,"building":"yes","source":"cadastre-dgi-fr source : Direction Générale des Impôts - Cadastre. Mise à jour : 2012"},"geometry":{"type":"Polygon","coordinates":[[[4.443427,45.830078],[4.443406,45.830094],[4.443372,45.830074],[4.443391,45.830058],[4.443405,45.830067],[4.443427,45.830078]]]}},{"type":"Feature","properties":{"osm_id":181173029,"building":"yes","source":"cadastre-dgi-fr source : Direction Générale des Impôts - Cadastre. Mise à jour : 2012","wall":"no"},"geometry":{"type":"Polygon","coordinates":[[[4.439587,45.811566],[4.439584,45.811606],[4.439453,45.811678],[4.439392,45.811639],[4.439452,45.811599],[4.439587,45.811566]]]}},{"type":"Feature","properties":{"osm_id":181173030,"building":"yes","source":"cadastre-dgi-fr source : Direction Générale des Impôts - Cadastre. Mise à jour : 2012"},"geometry":{"type":"Polygon","coordinates":[[[4.461467,45.815188],[4.461422,45.815152],[4.461409,45.815142],[4.461501,45.815086],[4.461557,45.81513],[4.461467,45.815188]]]}},{"type":"Feature","properties":{"osm_id":181173031,"building":"yes","source":"cadastre-dgi-fr source : Direction Générale des Impôts - Cadastre. Mise à jour : 2012"},"geometry":{"type":"Polygon","coordinates":[[[4.450346,45.824286],[4.45028,45.824455],[4.450203,45.824441],[4.45022,45.824398],[4.450273,45.824271],[4.450346,45.824286]]]}},{"type":"Feature","properties":{"osm_id":181173032,"building":"yes","source":"cadastre-dgi-fr source : Direction Générale des Impôts - Cadastre. Mise à jour : 2012","wall":"no"},"geometry":{"type":"Polygon","coordinates":[[[4.461557,45.81513],[4.461501,45.815086],[4.4615545,45.8150517],[4.461582,45.815034],[4.46163,45.815074],[4.461557,45.81513]]]}},{"type":"Feature","properties":{"osm_id":181173033,"building":"yes","source":"cadastre-dgi-fr source : Direction Générale des Impôts - Cadastre. Mise à jour : 2012","wall":"no"},"geometry":{"type":"Polygon","coordinates":[[[4.442058,45.823647],[4.442032,45.82364],[4.441994,45.823631],[4.442064,45.823514],[4.44213,45.823529],[4.442058,45.823647]]]}},{"type":"Feature","properties":{"osm_id":181173034,"building":"yes","source":"cadastre-dgi-fr source : Direction Générale des Impôts - Cadastre. Mise à jour : 2012"},"geometry":{"type":"Polygon","coordinates":[[[4.4444578,45.8288741],[4.4447239,45.8285063],[4.4449307,45.8285789],[4.4446646,45.8289467],[4.4444578,45.8288741]]]}},{"type":"Feature","properties":{"osm_id":181173035,"building":"yes","source":"cadastre-dgi-fr source : Direction Générale des Impôts - Cadastre. Mise à jour : 2012","wall":"no"},"geometry":{"type":"Polygon","coordinates":[[[4.450109,45.802994],[4.450042,45.802935],[4.450226,45.802842],[4.450312,45.802886],[4.450282,45.802904],[4.450109,45.802994]]]}},{"type":"Feature","properties":{"osm_id":181173036,"building":"yes","source":"cadastre-dgi-fr source : Direction Générale des Impôts - Cadastre. Mise à jour : 2012","wall":"no"},"geometry":{"type":"Polygon","coordinates":[[[4.441291,45.819445],[4.441355,45.819558],[4.441312,45.819569],[4.441268,45.8195],[4.441243,45.81946],[4.441291,45.819445]]]}},{"type":"Feature","properties":{"osm_id":181173039,"building":"yes","source":"cadastre-dgi-fr source : Direction Générale des Impôts - Cadastre. Mise à jour : 2012"},"geometry":{"type":"Polygon","coordinates":[[[4.451282,45.812526],[4.451311,45.812511],[4.451353,45.812561],[4.451228,45.812631],[4.451175,45.812585],[4.451282,45.812526]]]}},{"type":"Feature","properties":{"osm_id":181173040,"building":"yes","source":"cadastre-dgi-fr source : Direction Générale des Impôts - Cadastre. Mise à jour : 2012","wall":"no"},"geometry":{"type":"Polygon","coordinates":[[[4.445968,45.82894],[4.445968,45.828931],[4.44597,45.828917],[4.446008,45.828919],[4.446006,45.828942],[4.445968,45.82894]]]}},{"type":"Feature","properties":{"osm_id":181173041,"building":"yes","source":"cadastre-dgi-fr source : Direction Générale des Impôts - Cadastre. Mise à jour : 2012"},"geometry":{"type":"Polygon","coordinates":[[[4.437218,45.822125],[4.437243,45.82219],[4.437018,45.822245],[4.436979,45.822179],[4.437049,45.822163],[4.437218,45.822125]]]}},{"type":"Feature","properties":{"osm_id":181173042,"building":"yes","source":"cadastre-dgi-fr source : Direction Générale des Impôts - Cadastre. Mise à jour : 2012"},"geometry":{"type":"Polygon","coordinates":[[[4.445458,45.805422],[4.445376,45.805424],[4.445391,45.805367],[4.4454166,45.8053663],[4.445457,45.805365],[4.445458,45.805422]]]}},{"type":"Feature","properties":{"osm_id":181173043,"amenity":"place_of_worship","building":"chapel","denomination":"catholic","name":"Chapelle Saint-Antoine","religion":"christian","source":"cadastre-dgi-fr source : Direction Générale des Impôts - Cadastre. Mise à jour : 2012","wikidata":"Q60365250"},"geometry":{"type":"Polygon","coordinates":[[[4.4364412,45.81984],[4.4364484,45.8198412],[4.4364302,45.819891],[4.4363184,45.8198673],[4.4363329,45.8198186],[4.4364412,45.81984]]]}},{"type":"Feature","properties":{"osm_id":181173044,"building":"yes","source":"cadastre-dgi-fr source : Direction Générale des Impôts - Cadastre. Mise à jour : 2012"},"geometry":{"type":"Polygon","coordinates":[[[4.44094,45.831101],[4.440933,45.831093],[4.441038,45.83105],[4.441084,45.831102],[4.440978,45.831146],[4.44094,45.831101]]]}},{"type":"Feature","properties":{"osm_id":181173045,"building":"yes","source":"cadastre-dgi-fr source : Direction Générale des Impôts - Cadastre. Mise à jour : 2012"},"geometry":{"type":"Polygon","coordinates":[[[4.457502,45.812517],[4.457456,45.812517],[4.457459,45.812466],[4.457479,45.812471],[4.457497,45.812477],[4.457502,45.812517]]]}},{"type":"Feature","properties":{"osm_id":181173046,"building":"yes","source":"cadastre-dgi-fr source : Direction Générale des Impôts - Cadastre. Mise à jour : 2012","wall":"no"},"geometry":{"type":"Polygon","coordinates":[[[4.445018,45.807362],[4.445019,45.80737],[4.444948,45.807373],[4.444926,45.807168],[4.444997,45.807165],[4.445018,45.807362]]]}},{"type":"Feature","properties":{"osm_id":181173047,"building":"yes","source":"cadastre-dgi-fr source : Direction Générale des Impôts - Cadastre. Mise à jour : 2012","wall":"no"},"geometry":{"type":"Polygon","coordinates":[[[4.444516,45.810108],[4.444527,45.810099],[4.444527,45.810091],[4.444574,45.810109],[4.4445615,45.8101252],[4.444516,45.810108]]]}},{"type":"Feature","properties":{"osm_id":181173049,"building":"yes","source":"cadastre-dgi-fr source : Direction Générale des Impôts - Cadastre. Mise à jour : 2012"},"geometry":{"type":"Polygon","coordinates":[[[4.444583,45.810245],[4.444495,45.810211],[4.4445615,45.8101252],[4.444574,45.810109],[4.444664,45.810144],[4.444583,45.810245]]]}},{"type":"Feature","properties":{"osm_id":181173050,"building":"yes","source":"cadastre-dgi-fr source : Direction Générale des Impôts - Cadastre. Mise à jour : 2012","wall":"no"},"geometry":{"type":"Polygon","coordinates":[[[4.445741,45.832661],[4.445791,45.832671],[4.445815,45.832675],[4.445771,45.832769],[4.445697,45.832755],[4.445741,45.832661]]]}},{"type":"Feature","properties":{"osm_id":181173051,"building":"yes","source":"cadastre-dgi-fr source : Direction Générale des Impôts - Cadastre. Mise à jour : 2012","wall":"no"},"geometry":{"type":"Polygon","coordinates":[[[4.450055,45.823623],[4.450099,45.823869],[4.449992,45.823853],[4.449982,45.823796],[4.449953,45.823635],[4.450055,45.823623]]]}},{"type":"Feature","properties":{"osm_id":181173052,"building":"yes","source":"cadastre-dgi-fr source : Direction Générale des Impôts - Cadastre. Mise à jour : 2012"},"geometry":{"type":"Polygon","coordinates":[[[4.450817,45.824762],[4.450807,45.824814],[4.450668,45.8248],[4.450686,45.824709],[4.450822,45.824726],[4.450817,45.824762]]]}},{"type":"Feature","properties":{"osm_id":181173053,"building":"yes","source":"cadastre-dgi-fr source : Direction Générale des Impôts - Cadastre. Mise à jour : 2012","wall":"no"},"geometry":{"type":"Polygon","coordinates":[[[4.445831,45.805568],[4.445745,45.805572],[4.445741,45.805534],[4.445895,45.805527],[4.445901,45.805564],[4.445831,45.805568]]]}},{"type":"Feature","properties":{"osm_id":181173054,"building":"yes","source":"cadastre-dgi-fr source : Direction Générale des Impôts - Cadastre. Mise à jour : 2012","wall":"no"},"geometry":{"type":"Polygon","coordinates":[[[4.451955,45.811473],[4.4518872,45.811478],[4.4518835,45.8114384],[4.4518755,45.8113643],[4.4519597,45.8113672],[4.451955,45.811473]]]}},{"type":"Feature","properties":{"osm_id":181173055,"building":"yes","source":"cadastre-dgi-fr source : Direction Générale des Impôts - Cadastre. Mise à jour : 2012"},"geometry":{"type":"Polygon","coordinates":[[[4.440828,45.815493],[4.44079,45.815481],[4.440805,45.815454],[4.440845,45.815465],[4.440833,45.815489],[4.440828,45.815493]]]}},{"type":"Feature","properties":{"osm_id":181173056,"building":"yes","source":"cadastre-dgi-fr source : Direction Générale des Impôts - Cadastre. Mise à jour : 2012","wall":"no"},"geometry":{"type":"Polygon","coordinates":[[[4.470095,45.812395],[4.470172,45.812392],[4.470173,45.812406],[4.470106,45.812408],[4.470095,45.812402],[4.470095,45.812395]]]}},{"type":"Feature","properties":{"osm_id":181173057,"building":"yes","source":"cadastre-dgi-fr source : Direction Générale des Impôts - Cadastre. Mise à jour : 2012","wall":"no"},"geometry":{"type":"Polygon","coordinates":[[[4.450317,45.823628],[4.450328,45.823626],[4.450355,45.823621],[4.450362,45.823647],[4.450325,45.823653],[4.450317,45.823628]]]}},{"type":"Feature","properties":{"osm_id":181173058,"building":"yes","source":"cadastre-dgi-fr source : Direction Générale des Impôts - Cadastre. Mise à jour : 2012","wall":"no"},"geometry":{"type":"Polygon","coordinates":[[[4.466534,45.818817],[4.466618,45.818816],[4.466639,45.818948],[4.466554,45.818946],[4.466548,45.818946],[4.466534,45.818817]]]}},{"type":"Feature","properties":{"osm_id":181173060,"building":"yes","source":"cadastre-dgi-fr source : Direction Générale des Impôts - Cadastre. Mise à jour : 2012","wall":"no"},"geometry":{"type":"Polygon","coordinates":[[[4.444232,45.810021],[4.444153,45.8101],[4.444079,45.810067],[4.444157,45.809976],[4.444238,45.810012],[4.444232,45.810021]]]}},{"type":"Feature","properties":{"osm_id":181173061,"building":"yes","source":"cadastre-dgi-fr source : Direction Générale des Impôts - Cadastre. Mise à jour : 2012","wall":"no"},"geometry":{"type":"Polygon","coordinates":[[[4.469165,45.815545],[4.4692,45.815576],[4.469174,45.815588],[4.469167,45.81559],[4.469135,45.815563],[4.469165,45.815545]]]}},{"type":"Feature","properties":{"osm_id":181173063,"building":"yes","source":"cadastre-dgi-fr source : Direction Générale des Impôts - Cadastre. Mise à jour : 2012","wall":"no"},"geometry":{"type":"Polygon","coordinates":[[[4.461358,45.815012],[4.46147,45.814939],[4.461529,45.814989],[4.4614995,45.8150062],[4.461414,45.815056],[4.461358,45.815012]]]}},{"type":"Feature","properties":{"osm_id":181173064,"building":"yes","source":"cadastre-dgi-fr source : Direction Générale des Impôts - Cadastre. Mise à jour : 2012"},"geometry":{"type":"Polygon","coordinates":[[[4.469393,45.815632],[4.46948,45.815597],[4.469514,45.815635],[4.46951,45.815637],[4.469425,45.815671],[4.469393,45.815632]]]}},{"type":"Feature","properties":{"osm_id":181173065,"building":"yes","source":"cadastre-dgi-fr source : Direction Générale des Impôts - Cadastre. Mise à jour : 2012"},"geometry":{"type":"Polygon","coordinates":[[[4.449516,45.800477],[4.449436,45.800414],[4.449558,45.800324],[4.449641,45.800382],[4.449656,45.800391],[4.449516,45.800477]]]}},{"type":"Feature","properties":{"osm_id":181173066,"building":"yes","source":"cadastre-dgi-fr source : Direction Générale des Impôts - Cadastre. Mise à jour : 2012"},"geometry":{"type":"Polygon","coordinates":[[[4.470256,45.81221],[4.470494,45.812202],[4.470524,45.812285],[4.470232,45.812295],[4.470231,45.812255],[4.470257,45.812255],[4.470256,45.81221]]]}},{"type":"Feature","properties":{"osm_id":181173067,"building":"yes","source":"cadastre-dgi-fr source : Direction Générale des Impôts - Cadastre. Mise à jour : 2012"},"geometry":{"type":"Polygon","coordinates":[[[4.452668,45.812534],[4.452576,45.812506],[4.45258,45.812497],[4.452482,45.812468],[4.452523,45.812402],[4.452713,45.812459],[4.452668,45.812534]]]}},{"type":"Feature","properties":{"osm_id":181173068,"building":"yes","source":"cadastre-dgi-fr source : Direction Générale des Impôts - Cadastre. Mise à jour : 2012"},"geometry":{"type":"Polygon","coordinates":[[[4.450582,45.824406],[4.450682,45.824424],[4.450664,45.824477],[4.450584,45.824462],[4.450594,45.824427],[4.450574,45.824422],[4.450582,45.824406]]]}},{"type":"Feature","properties":{"osm_id":181173069,"building":"yes","source":"cadastre-dgi-fr source : Direction Générale des Impôts - Cadastre. Mise à jour : 2012"},"geometry":{"type":"Polygon","coordinates":[[[4.470988,45.811328],[4.471041,45.811384],[4.470874,45.811461],[4.470802,45.811386],[4.470883,45.811348],[4.470902,45.811368],[4.470988,45.811328]]]}},{"type":"Feature","properties":{"osm_id":181173070,"building":"yes","source":"cadastre-dgi-fr source : Direction Générale des Impôts - Cadastre. Mise à jour : 2012"},"geometry":{"type":"Polygon","coordinates":[[[4.442441,45.823508],[4.44239,45.82365],[4.442369,45.823646],[4.442391,45.82358],[4.442139,45.823531],[4.442174,45.82346],[4.442441,45.823508]]]}},{"type":"Feature","properties":{"osm_id":181173072,"building":"yes","source":"cadastre-dgi-fr source : Direction Générale des Impôts - Cadastre. Mise à jour : 2012","wall":"no"},"geometry":{"type":"Polygon","coordinates":[[[4.450641,45.813543],[4.450727,45.813355],[4.450809,45.813369],[4.450788,45.813432],[4.450763,45.813428],[4.450706,45.813558],[4.450641,45.813543]]]}},{"type":"Feature","properties":{"osm_id":181173073,"building":"yes","source":"cadastre-dgi-fr source : Direction Générale des Impôts - Cadastre. Mise à jour : 2012"},"geometry":{"type":"Polygon","coordinates":[[[4.450612,45.824912],[4.450622,45.824884],[4.45065,45.824884],[4.450668,45.8248],[4.450807,45.824814],[4.450784,45.824926],[4.450612,45.824912]]]}},{"type":"Feature","properties":{"osm_id":181173075,"building":"yes","source":"cadastre-dgi-fr source : Direction Générale des Impôts - Cadastre. Mise à jour : 2012"},"geometry":{"type":"Polygon","coordinates":[[[4.44205,45.823734],[4.441989,45.823718],[4.442032,45.82364],[4.442058,45.823647],[4.442349,45.823721],[4.442301,45.823801],[4.44205,45.823734]]]}},{"type":"Feature","properties":{"osm_id":181173077,"building":"yes","source":"cadastre-dgi-fr source : Direction Générale des Impôts - Cadastre. Mise à jour : 2012","wall":"no"},"geometry":{"type":"Polygon","coordinates":[[[4.4520383,45.8120425],[4.4519453,45.8120065],[4.4520433,45.8118715],[4.4521463,45.8118865],[4.4521513,45.8119145],[4.4521083,45.8119175],[4.4520383,45.8120425]]]}},{"type":"Feature","properties":{"osm_id":181173078,"building":"yes","source":"cadastre-dgi-fr source : Direction Générale des Impôts - Cadastre. Mise à jour : 2012"},"geometry":{"type":"Polygon","coordinates":[[[4.445715,45.83234],[4.445784,45.832352],[4.445776,45.832372],[4.445842,45.832385],[4.445807,45.832487],[4.445669,45.832463],[4.445715,45.83234]]]}},{"type":"Feature","properties":{"osm_id":181173079,"building":"yes","source":"cadastre-dgi-fr source : Direction Générale des Impôts - Cadastre. Mise à jour : 2012"},"geometry":{"type":"Polygon","coordinates":[[[4.438843,45.81182],[4.438801,45.811777],[4.43896,45.811706],[4.438989,45.811735],[4.43896,45.81175],[4.438972,45.811765],[4.438843,45.81182]]]}},{"type":"Feature","properties":{"osm_id":181173080,"building":"yes","source":"cadastre-dgi-fr source : Direction Générale des Impôts - Cadastre. Mise à jour : 2012"},"geometry":{"type":"Polygon","coordinates":[[[4.436158,45.819978],[4.43632,45.819977],[4.436325,45.820063],[4.436307,45.820064],[4.436171,45.82006],[4.436167,45.820046],[4.436158,45.819978]]]}},{"type":"Feature","properties":{"osm_id":181173081,"building":"yes","source":"cadastre-dgi-fr source : Direction Générale des Impôts - Cadastre. Mise à jour : 2012"},"geometry":{"type":"Polygon","coordinates":[[[4.439014,45.811972],[4.438823,45.812026],[4.438797,45.811982],[4.438908,45.811931],[4.438874,45.811888],[4.438963,45.811886],[4.439014,45.811972]]]}},{"type":"Feature","properties":{"osm_id":181173082,"building":"yes","source":"cadastre-dgi-fr source : Direction Générale des Impôts - Cadastre. Mise à jour : 2012"},"geometry":{"type":"Polygon","coordinates":[[[4.43993,45.817085],[4.439941,45.817145],[4.439815,45.817159],[4.439762,45.817163],[4.43975,45.817104],[4.439786,45.817101],[4.43993,45.817085]]]}},{"type":"Feature","properties":{"osm_id":181173083,"building":"yes","source":"cadastre-dgi-fr source : Direction Générale des Impôts - Cadastre. Mise à jour : 2012"},"geometry":{"type":"Polygon","coordinates":[[[4.45561,45.809671],[4.455439,45.809699],[4.455415,45.809702],[4.455395,45.809634],[4.455654,45.809599],[4.455673,45.809662],[4.45561,45.809671]]]}},{"type":"Feature","properties":{"osm_id":181173084,"building":"yes","source":"cadastre-dgi-fr source : Direction Générale des Impôts - Cadastre. Mise à jour : 2012"},"geometry":{"type":"Polygon","coordinates":[[[4.470517,45.811835],[4.47054,45.811828],[4.470673,45.812037],[4.470613,45.812058],[4.470493,45.811867],[4.470481,45.811846],[4.470517,45.811835]]]}},{"type":"Feature","properties":{"osm_id":181173085,"building":"yes","source":"cadastre-dgi-fr source : Direction Générale des Impôts - Cadastre. Mise à jour : 2012"},"geometry":{"type":"Polygon","coordinates":[[[4.461347,45.815197],[4.461393,45.815235],[4.46128,45.815306],[4.461152,45.815201],[4.46121,45.815167],[4.461265,45.815134],[4.461347,45.815197]]]}},{"type":"Feature","properties":{"osm_id":181173086,"building":"yes","source":"cadastre-dgi-fr source : Direction Générale des Impôts - Cadastre. Mise à jour : 2012"},"geometry":{"type":"Polygon","coordinates":[[[4.449437,45.803076],[4.449549,45.803009],[4.44958,45.803033],[4.449642,45.803],[4.449694,45.803042],[4.449515,45.803137],[4.449437,45.803076]]]}},{"type":"Feature","properties":{"osm_id":181173088,"building":"yes","source":"cadastre-dgi-fr source : Direction Générale des Impôts - Cadastre. Mise à jour : 2012"},"geometry":{"type":"Polygon","coordinates":[[[4.467853,45.819449],[4.467457,45.81936],[4.467497,45.819272],[4.467573,45.819289],[4.467611,45.819206],[4.467932,45.819278],[4.467853,45.819449]]]}},{"type":"Feature","properties":{"osm_id":181173089,"building":"yes","source":"cadastre-dgi-fr source : Direction Générale des Impôts - Cadastre. Mise à jour : 2012","wall":"no"},"geometry":{"type":"Polygon","coordinates":[[[4.440813,45.81535],[4.440903,45.815374],[4.440845,45.815465],[4.440805,45.815454],[4.440762,45.815442],[4.440791,45.815385],[4.440813,45.81535]]]}},{"type":"Feature","properties":{"osm_id":181173090,"building":"yes","source":"cadastre-dgi-fr source : Direction Générale des Impôts - Cadastre. Mise à jour : 2012","wall":"no"},"geometry":{"type":"Polygon","coordinates":[[[4.459799,45.816467],[4.45974,45.81655],[4.459712,45.816541],[4.459691,45.81653],[4.459706,45.816504],[4.459751,45.816447],[4.459799,45.816467]]]}},{"type":"Feature","properties":{"osm_id":181173091,"building":"yes","source":"cadastre-dgi-fr source : Direction Générale des Impôts - Cadastre. Mise à jour : 2012"},"geometry":{"type":"Polygon","coordinates":[[[4.466669,45.818277],[4.466757,45.81817],[4.466825,45.818199],[4.466811,45.818216],[4.466947,45.818274],[4.466869,45.818364],[4.466669,45.818277]]]}},{"type":"Feature","properties":{"osm_id":181173092,"building":"yes","source":"cadastre-dgi-fr source : Direction Générale des Impôts - Cadastre. Mise à jour : 2012"},"geometry":{"type":"Polygon","coordinates":[[[4.46444,45.818638],[4.464509,45.818649],[4.464522,45.818649],[4.464482,45.818755],[4.464451,45.818748],[4.464398,45.818735],[4.46444,45.818638]]]}},{"type":"Feature","properties":{"osm_id":181173093,"building":"yes","source":"cadastre-dgi-fr source : Direction Générale des Impôts - Cadastre. Mise à jour : 2012"},"geometry":{"type":"Polygon","coordinates":[[[4.450945,45.824479],[4.450802,45.824471],[4.450809,45.824317],[4.450894,45.82432],[4.450889,45.824413],[4.450951,45.824417],[4.450945,45.824479]]]}},{"type":"Feature","properties":{"osm_id":181173095,"building":"yes","source":"cadastre-dgi-fr source : Direction Générale des Impôts - Cadastre. Mise à jour : 2012","wall":"no"},"geometry":{"type":"Polygon","coordinates":[[[4.449932,45.802628],[4.449968,45.802664],[4.449847,45.802749],[4.4498,45.802681],[4.449863,45.802652],[4.449928,45.802625],[4.449932,45.802628]]]}},{"type":"Feature","properties":{"osm_id":181173096,"building":"yes","source":"cadastre-dgi-fr source : Direction Générale des Impôts - Cadastre. Mise à jour : 2012","wall":"no"},"geometry":{"type":"Polygon","coordinates":[[[4.471243,45.81181],[4.471185,45.811839],[4.471185,45.811798],[4.471164,45.811776],[4.471197,45.811758],[4.471228,45.811785],[4.471243,45.81181]]]}},{"type":"Feature","properties":{"osm_id":181173097,"building":"yes","source":"cadastre-dgi-fr source : Direction Générale des Impôts - Cadastre. Mise à jour : 2012"},"geometry":{"type":"Polygon","coordinates":[[[4.458187,45.818476],[4.458203,45.818445],[4.458458,45.818503],[4.458432,45.818561],[4.458423,45.818579],[4.458164,45.818522],[4.458187,45.818476]]]}},{"type":"Feature","properties":{"osm_id":181173098,"building":"yes","source":"cadastre-dgi-fr source : Direction Générale des Impôts - Cadastre. Mise à jour : 2012","wall":"no"},"geometry":{"type":"Polygon","coordinates":[[[4.436979,45.822179],[4.436917,45.82207],[4.436955,45.822053],[4.436973,45.822068],[4.436993,45.822056],[4.437049,45.822163],[4.436979,45.822179]]]}},{"type":"Feature","properties":{"osm_id":181173099,"building":"yes","source":"cadastre-dgi-fr source : Direction Générale des Impôts - Cadastre. Mise à jour : 2012"},"geometry":{"type":"Polygon","coordinates":[[[4.439392,45.811639],[4.439453,45.811678],[4.439507,45.811712],[4.439399,45.8118],[4.439389,45.811804],[4.439265,45.811723],[4.439392,45.811639]]]}},{"type":"Feature","properties":{"osm_id":181173102,"building":"yes","source":"cadastre-dgi-fr source : Direction Générale des Impôts - Cadastre. Mise à jour : 2012"},"geometry":{"type":"Polygon","coordinates":[[[4.458368,45.818698],[4.458374,45.818683],[4.458423,45.818579],[4.458432,45.818561],[4.45852,45.81858],[4.458462,45.818715],[4.458368,45.818698]]]}},{"type":"Feature","properties":{"osm_id":181173104,"building":"yes","source":"cadastre-dgi-fr source : Direction Générale des Impôts - Cadastre. Mise à jour : 2012","wall":"no"},"geometry":{"type":"Polygon","coordinates":[[[4.433236,45.820477],[4.433303,45.820512],[4.433277,45.820537],[4.433044,45.820466],[4.43308,45.820422],[4.433084,45.820418],[4.433236,45.820477]]]}},{"type":"Feature","properties":{"osm_id":181173105,"building":"yes","source":"cadastre-dgi-fr source : Direction Générale des Impôts - Cadastre. Mise à jour : 2012"},"geometry":{"type":"Polygon","coordinates":[[[4.440549,45.831239],[4.440508,45.831261],[4.440568,45.831324],[4.440479,45.83137],[4.44032,45.831182],[4.440447,45.831131],[4.440549,45.831239]]]}},{"type":"Feature","properties":{"osm_id":181173106,"building":"yes","source":"cadastre-dgi-fr source : Direction Générale des Impôts - Cadastre. Mise à jour : 2012"},"geometry":{"type":"Polygon","coordinates":[[[4.464866,45.818653],[4.464813,45.818777],[4.464719,45.818776],[4.4646999,45.81882],[4.464633,45.818819],[4.464631,45.818653],[4.464866,45.818653]]]}},{"type":"Feature","properties":{"osm_id":181173111,"building":"yes","source":"cadastre-dgi-fr source : Direction Générale des Impôts - Cadastre. Mise à jour : 2012"},"geometry":{"type":"Polygon","coordinates":[[[4.445895,45.805527],[4.445741,45.805534],[4.445723,45.805405],[4.445662,45.805409],[4.445653,45.805358],[4.445864,45.80534],[4.445895,45.805527]]]}},{"type":"Feature","properties":{"osm_id":181173113,"building":"yes","source":"cadastre-dgi-fr source : Direction Générale des Impôts - Cadastre. Mise à jour : 2012"},"geometry":{"type":"Polygon","coordinates":[[[4.45086,45.823497],[4.450917,45.823493],[4.450927,45.823579],[4.450756,45.823594],[4.450731,45.823534],[4.450861,45.823527],[4.45086,45.823497]]]}},{"type":"Feature","properties":{"osm_id":181173117,"building":"yes","source":"cadastre-dgi-fr source : Direction Générale des Impôts - Cadastre. Mise à jour : 2012"},"geometry":{"type":"Polygon","coordinates":[[[4.450081,45.8242],[4.450043,45.824246],[4.4500312,45.8242426],[4.449971,45.824225],[4.449956,45.824221],[4.450014,45.82417],[4.450081,45.8242]]]}},{"type":"Feature","properties":{"osm_id":181173118,"building":"yes","source":"cadastre-dgi-fr source : Direction Générale des Impôts - Cadastre. Mise à jour : 2012"},"geometry":{"type":"Polygon","coordinates":[[[4.450456,45.823705],[4.450477,45.823775],[4.450364,45.823791],[4.450325,45.823653],[4.450362,45.823647],[4.450435,45.823635],[4.450456,45.823705]]]}},{"type":"Feature","properties":{"osm_id":181173119,"building":"yes","source":"cadastre-dgi-fr source : Direction Générale des Impôts - Cadastre. Mise à jour : 2012","wall":"no"},"geometry":{"type":"Polygon","coordinates":[[[4.450705,45.823471],[4.450667,45.823377],[4.450693,45.823371],[4.450731,45.823363],[4.450763,45.823439],[4.450769,45.823458],[4.450705,45.823471]]]}},{"type":"Feature","properties":{"osm_id":181173124,"building":"yes","source":"cadastre-dgi-fr source : Direction Générale des Impôts - Cadastre. Mise à jour : 2012"},"geometry":{"type":"Polygon","coordinates":[[[4.440452,45.812158],[4.440499,45.811935],[4.440479,45.811933],[4.440501,45.811829],[4.440774,45.811857],[4.440706,45.812183],[4.440452,45.812158]]]}},{"type":"Feature","properties":{"osm_id":181173126,"building":"yes","source":"cadastre-dgi-fr source : Direction Générale des Impôts - Cadastre. Mise à jour : 2012"},"geometry":{"type":"Polygon","coordinates":[[[4.45151,45.812645],[4.451557,45.812602],[4.451585,45.812617],[4.451643,45.812566],[4.451718,45.812607],[4.451609,45.8127],[4.45151,45.812645]]]}},{"type":"Feature","properties":{"osm_id":181173129,"building":"yes","source":"cadastre-dgi-fr source : Direction Générale des Impôts - Cadastre. Mise à jour : 2012","wall":"no"},"geometry":{"type":"Polygon","coordinates":[[[4.433301,45.820365],[4.433163,45.82032],[4.433199,45.820281],[4.433292,45.82031],[4.433277,45.820328],[4.433319,45.820343],[4.433301,45.820365]]]}},{"type":"Feature","properties":{"osm_id":181173131,"building":"yes","source":"cadastre-dgi-fr source : Direction Générale des Impôts - Cadastre. Mise à jour : 2012"},"geometry":{"type":"Polygon","coordinates":[[[4.450364,45.823791],[4.450477,45.823775],[4.450482,45.823801],[4.450485,45.823821],[4.450375,45.823837],[4.450367,45.823805],[4.450364,45.823791]]]}},{"type":"Feature","properties":{"osm_id":181173132,"building":"yes","source":"cadastre-dgi-fr source : Direction Générale des Impôts - Cadastre. Mise à jour : 2012"},"geometry":{"type":"Polygon","coordinates":[[[4.4511453,45.8232007],[4.4511591,45.8231452],[4.45118,45.823061],[4.451285,45.823073],[4.4512723,45.8231264],[4.4512847,45.823128],[4.451264,45.823215],[4.4511453,45.8232007]]]}},{"type":"Feature","properties":{"osm_id":181173137,"building":"yes","source":"cadastre-dgi-fr source : Direction Générale des Impôts - Cadastre. Mise à jour : 2012","wall":"no"},"geometry":{"type":"Polygon","coordinates":[[[4.4507673,45.812613],[4.450667,45.812581],[4.450779,45.812411],[4.450878,45.812443],[4.450865,45.812463],[4.4507724,45.8126053],[4.4507673,45.812613]]]}},{"type":"Feature","properties":{"osm_id":181173142,"building":"yes","source":"cadastre-dgi-fr source : Direction Générale des Impôts - Cadastre. Mise à jour : 2012","wall":"no"},"geometry":{"type":"Polygon","coordinates":[[[4.460939,45.824826],[4.460955,45.824905],[4.460883,45.824911],[4.460874,45.824865],[4.460908,45.824862],[4.460903,45.824829],[4.460939,45.824826]]]}},{"type":"Feature","properties":{"osm_id":181173144,"building":"yes","source":"cadastre-dgi-fr source : Direction Générale des Impôts - Cadastre. Mise à jour : 2012","wall":"no"},"geometry":{"type":"Polygon","coordinates":[[[4.44832,45.816033],[4.448387,45.816033],[4.448419,45.816035],[4.448408,45.816137],[4.448332,45.816136],[4.448321,45.816135],[4.44832,45.816033]]]}},{"type":"Feature","properties":{"osm_id":181173145,"building":"yes","source":"cadastre-dgi-fr source : Direction Générale des Impôts - Cadastre. Mise à jour : 2012"},"geometry":{"type":"Polygon","coordinates":[[[4.451944,45.812533],[4.451943,45.812462],[4.45204,45.812462],[4.45204,45.812453],[4.452127,45.812437],[4.452156,45.81251],[4.452043,45.812532],[4.451944,45.812533]]]}},{"type":"Feature","properties":{"osm_id":181173150,"building":"yes","source":"cadastre-dgi-fr source : Direction Générale des Impôts - Cadastre. Mise à jour : 2012"},"geometry":{"type":"Polygon","coordinates":[[[4.441243,45.81946],[4.441184,45.819364],[4.441275,45.81934],[4.441303,45.819382],[4.441375,45.819362],[4.441406,45.819413],[4.441291,45.819445],[4.441243,45.81946]]]}},{"type":"Feature","properties":{"osm_id":181173153,"building":"yes","source":"cadastre-dgi-fr source : Direction Générale des Impôts - Cadastre. Mise à jour : 2012","wall":"no"},"geometry":{"type":"Polygon","coordinates":[[[4.461198,45.811652],[4.461171,45.811698],[4.461148,45.811736],[4.461141,45.81174],[4.461105,45.811799],[4.461025,45.811771],[4.461135,45.811634],[4.461198,45.811652]]]}},{"type":"Feature","properties":{"osm_id":181173156,"building":"yes","source":"cadastre-dgi-fr source : Direction Générale des Impôts - Cadastre. Mise à jour : 2012"},"geometry":{"type":"Polygon","coordinates":[[[4.461639,45.814969],[4.461702,45.81502],[4.46163,45.815074],[4.461582,45.815034],[4.461529,45.814989],[4.46147,45.814939],[4.461546,45.814893],[4.461639,45.814969]]]}},{"type":"Feature","properties":{"osm_id":181173157,"building":"yes","source":"cadastre-dgi-fr source : Direction Générale des Impôts - Cadastre. Mise à jour : 2012"},"geometry":{"type":"Polygon","coordinates":[[[4.464738,45.81895],[4.464712,45.819011],[4.464675,45.819003],[4.464686,45.818978],[4.464691,45.818966],[4.464709,45.818968],[4.464717,45.818948],[4.464738,45.81895]]]}},{"type":"Feature","properties":{"osm_id":181173158,"building":"yes","source":"cadastre-dgi-fr source : Direction Générale des Impôts - Cadastre. Mise à jour : 2012"},"geometry":{"type":"Polygon","coordinates":[[[4.468713,45.816834],[4.468701,45.816872],[4.468793,45.816907],[4.468763,45.816952],[4.468684,45.81692],[4.468644,45.816915],[4.46867,45.816829],[4.468713,45.816834]]]}},{"type":"Feature","properties":{"osm_id":181173163,"building":"yes","source":"cadastre-dgi-fr source : Direction Générale des Impôts - Cadastre. Mise à jour : 2012","wall":"no"},"geometry":{"type":"Polygon","coordinates":[[[4.44547,45.825811],[4.445409,45.825831],[4.445314,45.825659],[4.445407,45.82563],[4.445422,45.825625],[4.445443,45.82566],[4.445398,45.825672],[4.44547,45.825811]]]}},{"type":"Feature","properties":{"osm_id":181173166,"building":"yes","source":"cadastre-dgi-fr source : Direction Générale des Impôts - Cadastre. Mise à jour : 2012","wall":"no"},"geometry":{"type":"Polygon","coordinates":[[[4.439815,45.817159],[4.439816,45.817279],[4.43981,45.817279],[4.439815,45.817306],[4.439729,45.817304],[4.439726,45.817168],[4.439762,45.817163],[4.439815,45.817159]]]}},{"type":"Feature","properties":{"osm_id":181173167,"building":"yes","source":"cadastre-dgi-fr source : Direction Générale des Impôts - Cadastre. Mise à jour : 2012"},"geometry":{"type":"Polygon","coordinates":[[[4.457687,45.812703],[4.457435,45.812585],[4.457502,45.812517],[4.457511,45.812517],[4.457625,45.812557],[4.457616,45.812576],[4.457747,45.812621],[4.457687,45.812703]]]}},{"type":"Feature","properties":{"osm_id":181173168,"building":"yes","source":"cadastre-dgi-fr source : Direction Générale des Impôts - Cadastre. Mise à jour : 2012","wall":"no"},"geometry":{"type":"Polygon","coordinates":[[[4.469328,45.815304],[4.469312,45.815312],[4.469346,45.815341],[4.469262,45.815391],[4.469225,45.81536],[4.469181,45.815323],[4.469274,45.815268],[4.469328,45.815304]]]}},{"type":"Feature","properties":{"osm_id":181173169,"building":"yes","source":"cadastre-dgi-fr source : Direction Générale des Impôts - Cadastre. Mise à jour : 2012"},"geometry":{"type":"Polygon","coordinates":[[[4.450887,45.824563],[4.450874,45.824669],[4.450819,45.824659],[4.450792,45.824632],[4.450797,45.824572],[4.450816,45.824573],[4.450817,45.824556],[4.450887,45.824563]]]}},{"type":"Feature","properties":{"osm_id":181173170,"building":"yes","source":"cadastre-dgi-fr source : Direction Générale des Impôts - Cadastre. Mise à jour : 2012","wall":"no"},"geometry":{"type":"Polygon","coordinates":[[[4.455718,45.809874],[4.455658,45.809885],[4.455623,45.809815],[4.455594,45.80982],[4.455588,45.809789],[4.455673,45.809773],[4.455739,45.809869],[4.455718,45.809874]]]}},{"type":"Feature","properties":{"osm_id":181173171,"building":"yes","source":"cadastre-dgi-fr source : Direction Générale des Impôts - Cadastre. Mise à jour : 2012"},"geometry":{"type":"Polygon","coordinates":[[[4.433292,45.82031],[4.433396,45.820342],[4.433371,45.820379],[4.433365,45.820387],[4.433301,45.820365],[4.433319,45.820343],[4.433277,45.820328],[4.433292,45.82031]]]}},{"type":"Feature","properties":{"osm_id":181173173,"building":"yes","source":"cadastre-dgi-fr source : Direction Générale des Impôts - Cadastre. Mise à jour : 2012"},"geometry":{"type":"Polygon","coordinates":[[[4.450242,45.824153],[4.45022,45.824191],[4.450134,45.824165],[4.450058,45.82414],[4.450111,45.824102],[4.450146,45.824111],[4.45025,45.824138],[4.450242,45.824153]]]}},{"type":"Feature","properties":{"osm_id":181173174,"building":"yes","source":"cadastre-dgi-fr source : Direction Générale des Impôts - Cadastre. Mise à jour : 2012"},"geometry":{"type":"Polygon","coordinates":[[[4.450367,45.823805],[4.450375,45.823837],[4.4503569,45.8238669],[4.450335,45.823903],[4.450285,45.823895],[4.450312,45.823837],[4.450352,45.823835],[4.450351,45.823808],[4.450367,45.823805]]]}},{"type":"Feature","properties":{"osm_id":181173175,"building":"yes","source":"cadastre-dgi-fr source : Direction Générale des Impôts - Cadastre. Mise à jour : 2012"},"geometry":{"type":"Polygon","coordinates":[[[4.464859,45.821863],[4.464834,45.821911],[4.464862,45.821918],[4.464847,45.821942],[4.46477,45.82192],[4.464581,45.821861],[4.464624,45.821794],[4.464859,45.821863]]]}},{"type":"Feature","properties":{"osm_id":181173176,"building":"yes","source":"cadastre-dgi-fr source : Direction Générale des Impôts - Cadastre. Mise à jour : 2012","wall":"no"},"geometry":{"type":"Polygon","coordinates":[[[4.443072,45.8181],[4.443078,45.818176],[4.443037,45.818178],[4.442988,45.818179],[4.442983,45.818116],[4.442976,45.81804],[4.443062,45.818038],[4.443072,45.8181]]]}},{"type":"Feature","properties":{"osm_id":181173177,"building":"yes","source":"cadastre-dgi-fr source : Direction Générale des Impôts - Cadastre. Mise à jour : 2012"},"geometry":{"type":"Polygon","coordinates":[[[4.449622,45.803158],[4.449678,45.803191],[4.44946,45.803348],[4.449407,45.803292],[4.449453,45.803273],[4.449465,45.803264],[4.449556,45.803203],[4.449622,45.803158]]]}},{"type":"Feature","properties":{"osm_id":181173178,"building":"yes","source":"cadastre-dgi-fr source : Direction Générale des Impôts - Cadastre. Mise à jour : 2012"},"geometry":{"type":"Polygon","coordinates":[[[4.464382,45.818931],[4.464451,45.818748],[4.464482,45.818755],[4.464535,45.818767],[4.464504,45.818844],[4.464578,45.818857],[4.464541,45.818959],[4.464382,45.818931]]]}},{"type":"Feature","properties":{"osm_id":181173179,"building":"yes","source":"cadastre-dgi-fr source : Direction Générale des Impôts - Cadastre. Mise à jour : 2012"},"geometry":{"type":"Polygon","coordinates":[[[4.438897,45.812379],[4.438827,45.812334],[4.438879,45.812289],[4.438942,45.812324],[4.439038,45.812225],[4.439144,45.812272],[4.439003,45.812423],[4.438897,45.812379]]]}},{"type":"Feature","properties":{"osm_id":181173180,"building":"yes","source":"cadastre-dgi-fr source : Direction Générale des Impôts - Cadastre. Mise à jour : 2012"},"geometry":{"type":"Polygon","coordinates":[[[4.44829,45.816299],[4.448045,45.816336],[4.448022,45.816239],[4.448068,45.816232],[4.448072,45.816242],[4.448274,45.816214],[4.448297,45.816297],[4.44829,45.816299]]]}},{"type":"Feature","properties":{"osm_id":181173181,"building":"yes","source":"cadastre-dgi-fr source : Direction Générale des Impôts - Cadastre. Mise à jour : 2012"},"geometry":{"type":"Polygon","coordinates":[[[4.469059,45.815453],[4.469225,45.81536],[4.469262,45.815391],[4.469187,45.815433],[4.469295,45.815525],[4.4692,45.815576],[4.469165,45.815545],[4.469059,45.815453]]]}},{"type":"Feature","properties":{"osm_id":181173182,"building":"yes","source":"cadastre-dgi-fr source : Direction Générale des Impôts - Cadastre. Mise à jour : 2012","wall":"no"},"geometry":{"type":"Polygon","coordinates":[[[4.449465,45.803264],[4.449453,45.803273],[4.449407,45.803292],[4.449362,45.803312],[4.449276,45.803226],[4.449353,45.803209],[4.449398,45.803198],[4.449465,45.803264]]]}},{"type":"Feature","properties":{"osm_id":181173183,"building":"yes","source":"cadastre-dgi-fr source : Direction Générale des Impôts - Cadastre. Mise à jour : 2012"},"geometry":{"type":"Polygon","coordinates":[[[4.440907,45.815166],[4.440943,45.815172],[4.441134,45.815212],[4.441121,45.815246],[4.441023,45.815226],[4.441004,45.81526],[4.440876,45.815233],[4.440907,45.815166]]]}},{"type":"Feature","properties":{"osm_id":181173184,"building":"yes","source":"cadastre-dgi-fr source : Direction Générale des Impôts - Cadastre. Mise à jour : 2012"},"geometry":{"type":"Polygon","coordinates":[[[4.451537,45.819084],[4.451501,45.819188],[4.451372,45.819164],[4.451422,45.819016],[4.451512,45.819032],[4.451501,45.819065],[4.451541,45.819072],[4.451537,45.819084]]]}},{"type":"Feature","properties":{"osm_id":181173185,"building":"yes","source":"cadastre-dgi-fr source : Direction Générale des Impôts - Cadastre. Mise à jour : 2012","wall":"no"},"geometry":{"type":"Polygon","coordinates":[[[4.457743,45.812729],[4.457687,45.812703],[4.457747,45.812621],[4.457766,45.81264],[4.457785,45.812614],[4.457828,45.812645],[4.457756,45.812734],[4.457743,45.812729]]]}},{"type":"Feature","properties":{"osm_id":181173186,"building":"yes","source":"cadastre-dgi-fr source : Direction Générale des Impôts - Cadastre. Mise à jour : 2012"},"geometry":{"type":"Polygon","coordinates":[[[4.470216,45.812151],[4.470136,45.812117],[4.470096,45.81205],[4.470097,45.811996],[4.470208,45.812],[4.470209,45.812013],[4.470215,45.812077],[4.470216,45.812151]]]}},{"type":"Feature","properties":{"osm_id":181173187,"building":"yes","source":"cadastre-dgi-fr source : Direction Générale des Impôts - Cadastre. Mise à jour : 2012","wall":"no"},"geometry":{"type":"Polygon","coordinates":[[[4.439558,45.805764],[4.439667,45.805597],[4.439729,45.805613],[4.43976,45.805624],[4.439644,45.805803],[4.439589,45.805786],[4.439595,45.805775],[4.439558,45.805764]]]}},{"type":"Feature","properties":{"osm_id":181173188,"building":"yes","source":"cadastre-dgi-fr source : Direction Générale des Impôts - Cadastre. Mise à jour : 2012"},"geometry":{"type":"Polygon","coordinates":[[[4.450633,45.82457],[4.450556,45.824559],[4.450568,45.824515],[4.450524,45.824507],[4.45057,45.824459],[4.450584,45.824462],[4.450664,45.824477],[4.450633,45.82457]]]}},{"type":"Feature","properties":{"osm_id":181173189,"building":"yes","source":"cadastre-dgi-fr source : Direction Générale des Impôts - Cadastre. Mise à jour : 2012","wall":"no"},"geometry":{"type":"Polygon","coordinates":[[[4.470492,45.811798],[4.470517,45.811835],[4.470481,45.811846],[4.470493,45.811867],[4.470434,45.811903],[4.470376,45.811855],[4.470446,45.81182],[4.470492,45.811798]]]}},{"type":"Feature","properties":{"osm_id":181173190,"building":"yes","source":"cadastre-dgi-fr source : Direction Générale des Impôts - Cadastre. Mise à jour : 2012","wall":"no"},"geometry":{"type":"Polygon","coordinates":[[[4.47028,45.812058],[4.470428,45.812062],[4.470429,45.812082],[4.470427,45.812163],[4.470374,45.81216],[4.470375,45.812081],[4.470281,45.812075],[4.47028,45.812058]]]}},{"type":"Feature","properties":{"osm_id":181173191,"building":"yes","source":"cadastre-dgi-fr source : Direction Générale des Impôts - Cadastre. Mise à jour : 2012"},"geometry":{"type":"Polygon","coordinates":[[[4.445807,45.832487],[4.445842,45.832385],[4.445964,45.832408],[4.445966,45.832402],[4.44613,45.832433],[4.446101,45.832517],[4.445931,45.832482],[4.44592,45.832509],[4.445807,45.832487]]]}},{"type":"Feature","properties":{"osm_id":181173192,"building":"yes","source":"cadastre-dgi-fr source : Direction Générale des Impôts - Cadastre. Mise à jour : 2012"},"geometry":{"type":"Polygon","coordinates":[[[4.445314,45.825508],[4.445453,45.825468],[4.445524,45.825571],[4.445396,45.82561],[4.445407,45.82563],[4.445314,45.825659],[4.445299,45.825663],[4.445222,45.825537],[4.445314,45.825508]]]}},{"type":"Feature","properties":{"osm_id":181173193,"building":"yes","source":"cadastre-dgi-fr source : Direction Générale des Impôts - Cadastre. Mise à jour : 2012"},"geometry":{"type":"Polygon","coordinates":[[[4.45974,45.81655],[4.4597769,45.8165642],[4.459946,45.816629],[4.459889,45.816705],[4.459772,45.816664],[4.45972,45.816628],[4.459729,45.816609],[4.459677,45.816592],[4.459712,45.816541],[4.45974,45.81655]]]}},{"type":"Feature","properties":{"osm_id":181173194,"building":"yes","source":"cadastre-dgi-fr source : Direction Générale des Impôts - Cadastre. Mise à jour : 2012"},"geometry":{"type":"Polygon","coordinates":[[[4.450945,45.824479],[4.450989,45.824483],[4.450977,45.824571],[4.450957,45.82457],[4.450887,45.824563],[4.450817,45.824556],[4.450798,45.824555],[4.450802,45.824471],[4.450945,45.824479]]]}},{"type":"Feature","properties":{"osm_id":181173195,"building":"yes","source":"cadastre-dgi-fr source : Direction Générale des Impôts - Cadastre. Mise à jour : 2012","wall":"no"},"geometry":{"type":"Polygon","coordinates":[[[4.449452,45.817524],[4.44948,45.817565],[4.449444,45.817576],[4.449465,45.817608],[4.44943,45.817619],[4.449413,45.817593],[4.449396,45.817599],[4.449365,45.817555],[4.449452,45.817524]]]}},{"type":"Feature","properties":{"osm_id":181173196,"building":"yes","source":"cadastre-dgi-fr source : Direction Générale des Impôts - Cadastre. Mise à jour : 2012"},"geometry":{"type":"Polygon","coordinates":[[[4.4515948,45.8225262],[4.4516522,45.8225676],[4.451728,45.822516],[4.4517495,45.8225315],[4.451802,45.822496],[4.451859,45.822537],[4.4518564,45.8225388],[4.4518046,45.822574],[4.451668,45.8226668],[4.4516388,45.8226457],[4.451532,45.8225686],[4.4515948,45.8225262]]]}},{"type":"Feature","properties":{"osm_id":181173197,"building":"yes","source":"cadastre-dgi-fr source : Direction Générale des Impôts - Cadastre. Mise à jour : 2012"},"geometry":{"type":"Polygon","coordinates":[[[4.438839,45.812051],[4.438935,45.812012],[4.438988,45.812065],[4.438892,45.812109],[4.438746,45.812186],[4.438808,45.81224],[4.438756,45.812266],[4.438632,45.812157],[4.438839,45.812051]]]}},{"type":"Feature","properties":{"osm_id":181173198,"building":"yes","source":"cadastre-dgi-fr source : Direction Générale des Impôts - Cadastre. Mise à jour : 2012"},"geometry":{"type":"Polygon","coordinates":[[[4.439284,45.805776],[4.43938,45.805631],[4.439414,45.805641],[4.43937,45.805707],[4.439558,45.805764],[4.439595,45.805775],[4.439589,45.805786],[4.439539,45.805855],[4.439284,45.805776]]]}},{"type":"Feature","properties":{"osm_id":181173199,"building":"yes","source":"cadastre-dgi-fr source : Direction Générale des Impôts - Cadastre. Mise à jour : 2012"},"geometry":{"type":"Polygon","coordinates":[[[4.453415,45.823609],[4.453367,45.823497],[4.453273,45.823279],[4.453253,45.823232],[4.453333,45.823215],[4.453349,45.823253],[4.453459,45.82323],[4.453604,45.823568],[4.453415,45.823609]]]}},{"type":"Feature","properties":{"osm_id":181173200,"building":"yes","source":"cadastre-dgi-fr source : Direction Générale des Impôts - Cadastre. Mise à jour : 2012"},"geometry":{"type":"Polygon","coordinates":[[[4.4479224,45.8179416],[4.4478514,45.8179701],[4.4477821,45.8178967],[4.4477618,45.8179048],[4.4477425,45.8178853],[4.447762,45.817876],[4.4477,45.8178093],[4.4477668,45.8177817],[4.4479224,45.8179416]]]}},{"type":"Feature","properties":{"osm_id":181173201,"building":"yes","source":"cadastre-dgi-fr source : Direction Générale des Impôts - Cadastre. Mise à jour : 2012"},"geometry":{"type":"Polygon","coordinates":[[[4.445656,45.825767],[4.445734,45.825882],[4.445594,45.825927],[4.445564,45.825878],[4.44546,45.825914],[4.445409,45.825831],[4.44547,45.825811],[4.445478,45.825823],[4.445656,45.825767]]]}},{"type":"Feature","properties":{"osm_id":181173202,"building":"yes","source":"cadastre-dgi-fr source : Direction Générale des Impôts - Cadastre. Mise à jour : 2012","wall":"no"},"geometry":{"type":"Polygon","coordinates":[[[4.435319,45.824714],[4.435518,45.824773],[4.435506,45.824787],[4.4356,45.824831],[4.435561,45.824871],[4.435285,45.824782],[4.435307,45.824747],[4.435296,45.824743],[4.435319,45.824714]]]}},{"type":"Feature","properties":{"osm_id":181173203,"building":"yes","source":"cadastre-dgi-fr source : Direction Générale des Impôts - Cadastre. Mise à jour : 2012"},"geometry":{"type":"Polygon","coordinates":[[[4.4460205,45.8244865],[4.4460005,45.8244324],[4.4460841,45.8244173],[4.4461019,45.8244654],[4.4461523,45.8244564],[4.4461618,45.824482],[4.4460634,45.8244996],[4.4460562,45.8244801],[4.4460205,45.8244865]]]}},{"type":"Feature","properties":{"osm_id":181173204,"building":"yes","source":"cadastre-dgi-fr source : Direction Générale des Impôts - Cadastre. Mise à jour : 2012"},"geometry":{"type":"Polygon","coordinates":[[[4.4477226,45.8181594],[4.4477042,45.8181015],[4.4476927,45.818063],[4.4476895,45.8180473],[4.4478082,45.8180351],[4.4478315,45.818087],[4.4477429,45.8181011],[4.4477603,45.8181548],[4.4477226,45.8181594]]]}},{"type":"Feature","properties":{"osm_id":181173205,"building":"yes","source":"cadastre-dgi-fr source : Direction Générale des Impôts - Cadastre. Mise à jour : 2012"},"geometry":{"type":"Polygon","coordinates":[[[4.449465,45.817608],[4.449491,45.817641],[4.449377,45.81768],[4.449306,45.817576],[4.449365,45.817555],[4.449396,45.817599],[4.449413,45.817593],[4.44943,45.817619],[4.449465,45.817608]]]}},{"type":"Feature","properties":{"osm_id":181173206,"building":"yes","source":"cadastre-dgi-fr source : Direction Générale des Impôts - Cadastre. Mise à jour : 2012"},"geometry":{"type":"Polygon","coordinates":[[[4.452113,45.812183],[4.452002,45.812125],[4.452069,45.812049],[4.45219,45.812095],[4.452195,45.812089],[4.452271,45.812119],[4.45223,45.81218],[4.452151,45.812152],[4.452113,45.812183]]]}},{"type":"Feature","properties":{"osm_id":181173207,"building":"yes","source":"cadastre-dgi-fr source : Direction Générale des Impôts - Cadastre. Mise à jour : 2012","wall":"no"},"geometry":{"type":"Polygon","coordinates":[[[4.450243,45.824063],[4.45027,45.824015],[4.450335,45.823903],[4.4503569,45.8238669],[4.450458,45.823888],[4.450463,45.823908],[4.450381,45.824059],[4.450369,45.824081],[4.450243,45.824063]]]}},{"type":"Feature","properties":{"osm_id":181173209,"building":"yes","source":"cadastre-dgi-fr source : Direction Générale des Impôts - Cadastre. Mise à jour : 2012"},"geometry":{"type":"Polygon","coordinates":[[[4.439816,45.817279],[4.439874,45.817273],[4.439876,45.817283],[4.440009,45.817269],[4.440024,45.817338],[4.439823,45.817358],[4.439815,45.817306],[4.43981,45.817279],[4.439816,45.817279]]]}},{"type":"Feature","properties":{"osm_id":181173210,"building":"yes","source":"cadastre-dgi-fr source : Direction Générale des Impôts - Cadastre. Mise à jour : 2012"},"geometry":{"type":"Polygon","coordinates":[[[4.464483,45.821648],[4.464524,45.821657],[4.464515,45.821692],[4.46457,45.821708],[4.464528,45.821798],[4.46446,45.821778],[4.464487,45.821697],[4.46447,45.821694],[4.464483,45.821648]]]}},{"type":"Feature","properties":{"osm_id":181173211,"building":"yes","source":"cadastre-dgi-fr source : Direction Générale des Impôts - Cadastre. Mise à jour : 2012"},"geometry":{"type":"Polygon","coordinates":[[[4.471487,45.811629],[4.471552,45.811709],[4.471586,45.811753],[4.471493,45.81179],[4.471475,45.811766],[4.471416,45.811689],[4.471396,45.811666],[4.471409,45.81166],[4.471487,45.811629]]]}},{"type":"Feature","properties":{"osm_id":181173212,"building":"yes","source":"cadastre-dgi-fr source : Direction Générale des Impôts - Cadastre. Mise à jour : 2012"},"geometry":{"type":"Polygon","coordinates":[[[4.448028,45.8176658],[4.4479994,45.8177042],[4.4480596,45.8177263],[4.4479545,45.8178493],[4.4478588,45.8178095],[4.4479557,45.8176893],[4.4479373,45.8176825],[4.447966,45.8176434],[4.448028,45.8176658]]]}},{"type":"Feature","properties":{"osm_id":181173213,"building":"yes","source":"cadastre-dgi-fr source : Direction Générale des Impôts - Cadastre. Mise à jour : 2012","wall":"no"},"geometry":{"type":"Polygon","coordinates":[[[4.448017,45.804448],[4.448015,45.80442],[4.447991,45.804395],[4.447991,45.804383],[4.448003,45.804383],[4.448082,45.804385],[4.448077,45.804452],[4.44803,45.804448],[4.448017,45.804448]]]}},{"type":"Feature","properties":{"osm_id":181173214,"building":"yes","source":"cadastre-dgi-fr source : Direction Générale des Impôts - Cadastre. Mise à jour : 2012","wall":"no"},"geometry":{"type":"Polygon","coordinates":[[[4.47138,45.811629],[4.471409,45.81166],[4.471396,45.811666],[4.471416,45.811689],[4.471228,45.811785],[4.471197,45.811758],[4.471174,45.811735],[4.471372,45.811622],[4.47138,45.811629]]]}},{"type":"Feature","properties":{"osm_id":181173216,"building":"yes","source":"cadastre-dgi-fr source : Direction Générale des Impôts - Cadastre. Mise à jour : 2012"},"geometry":{"type":"Polygon","coordinates":[[[4.469407,45.815391],[4.469346,45.815341],[4.469312,45.815312],[4.469328,45.815304],[4.469383,45.815274],[4.469519,45.815373],[4.469545,45.815392],[4.469424,45.815456],[4.46937,45.815412],[4.469407,45.815391]]]}},{"type":"Feature","properties":{"osm_id":181173218,"building":"yes","source":"cadastre-dgi-fr source : Direction Générale des Impôts - Cadastre. Mise à jour : 2012"},"geometry":{"type":"Polygon","coordinates":[[[4.450477,45.823775],[4.450456,45.823705],[4.450526,45.823693],[4.450664,45.823671],[4.450701,45.823779],[4.450654,45.823787],[4.450651,45.823778],[4.450643,45.823751],[4.450477,45.823775]]]}},{"type":"Feature","properties":{"osm_id":181173219,"addr:housenumber":"77","addr:street":"Chemin de Mazieux","building":"yes","source":"cadastre-dgi-fr source : Direction Générale des Impôts - Cadastre. Mise à jour : 2012"},"geometry":{"type":"Polygon","coordinates":[[[4.470588,45.812462],[4.470616,45.812537],[4.470576,45.812598],[4.470312,45.812616],[4.4703011,45.812524],[4.470294,45.812464],[4.470348,45.812461],[4.470351,45.81248],[4.470391,45.812479],[4.47039,45.81247],[4.470588,45.812462]]]}},{"type":"Feature","properties":{"osm_id":181173220,"building":"yes","source":"cadastre-dgi-fr source : Direction Générale des Impôts - Cadastre. Mise à jour : 2012"},"geometry":{"type":"Polygon","coordinates":[[[4.444988,45.80708],[4.445232,45.807066],[4.445327,45.807063],[4.445329,45.807147],[4.445219,45.807152],[4.445224,45.807199],[4.445158,45.8072],[4.445154,45.807158],[4.444997,45.807165],[4.444988,45.80708]]]}},{"type":"Feature","properties":{"osm_id":181173221,"building":"yes","source":"cadastre-dgi-fr source : Direction Générale des Impôts - Cadastre. Mise à jour : 2012"},"geometry":{"type":"Polygon","coordinates":[[[4.445944,45.829017],[4.445849,45.829011],[4.445678,45.829001],[4.445683,45.828932],[4.445686,45.828864],[4.445768,45.828868],[4.445765,45.82892],[4.445968,45.828931],[4.44596,45.829018],[4.445944,45.829017]]]}},{"type":"Feature","properties":{"osm_id":181173222,"building":"yes","source":"cadastre-dgi-fr source : Direction Générale des Impôts - Cadastre. Mise à jour : 2012"},"geometry":{"type":"Polygon","coordinates":[[[4.4521463,45.8118865],[4.452119,45.811733],[4.452256,45.811735],[4.452277,45.811986],[4.452239,45.811987],[4.452237,45.81196],[4.452218,45.811961],[4.4522093,45.8119082],[4.4521513,45.8119145],[4.4521463,45.8118865]]]}},{"type":"Feature","properties":{"osm_id":181173224,"building":"yes","source":"cadastre-dgi-fr source : Direction Générale des Impôts - Cadastre. Mise à jour : 2012"},"geometry":{"type":"Polygon","coordinates":[[[4.464638,45.818969],[4.464643,45.818954],[4.464676,45.818875],[4.464763,45.818892],[4.464738,45.81895],[4.464717,45.818948],[4.464709,45.818968],[4.464691,45.818966],[4.464686,45.818978],[4.464638,45.818969]]]}},{"type":"Feature","properties":{"osm_id":181173225,"building":"yes","source":"cadastre-dgi-fr source : Direction Générale des Impôts - Cadastre. Mise à jour : 2012"},"geometry":{"type":"Polygon","coordinates":[[[4.436335,45.820323],[4.436085,45.820285],[4.436073,45.820279],[4.436082,45.820229],[4.4361,45.820152],[4.436103,45.820137],[4.436167,45.820143],[4.436147,45.820245],[4.436322,45.820261],[4.436335,45.820323]]]}},{"type":"Feature","properties":{"osm_id":181173226,"building":"yes","source":"cadastre-dgi-fr source : Direction Générale des Impôts - Cadastre. Mise à jour : 2012"},"geometry":{"type":"Polygon","coordinates":[[[4.435296,45.824743],[4.435196,45.824706],[4.435237,45.824655],[4.435268,45.824664],[4.435329,45.824594],[4.435358,45.824606],[4.435379,45.824583],[4.435415,45.824597],[4.435319,45.824714],[4.435296,45.824743]]]}},{"type":"Feature","properties":{"osm_id":181173227,"building":"yes","source":"cadastre-dgi-fr source : Direction Générale des Impôts - Cadastre. Mise à jour : 2012"},"geometry":{"type":"Polygon","coordinates":[[[4.433163,45.82032],[4.433132,45.820359],[4.433177,45.820377],[4.433151,45.820408],[4.433106,45.82039],[4.433084,45.820418],[4.43308,45.820422],[4.433009,45.820394],[4.43309,45.820295],[4.433163,45.82032]]]}},{"type":"Feature","properties":{"osm_id":181173228,"building":"yes","source":"cadastre-dgi-fr source : Direction Générale des Impôts - Cadastre. Mise à jour : 2012","wall":"no"},"geometry":{"type":"Polygon","coordinates":[[[4.450073,45.824318],[4.449999,45.82429],[4.449952,45.824361],[4.449938,45.824356],[4.449986,45.824285],[4.449942,45.824268],[4.449951,45.824254],[4.450009,45.824276],[4.450082,45.824304],[4.450073,45.824318]]]}},{"type":"Feature","properties":{"osm_id":181173229,"building":"house","source":"cadastre-dgi-fr source : Direction Générale des Impôts - Cadastre. Mise à jour : 2012"},"geometry":{"type":"Polygon","coordinates":[[[4.453335,45.826983],[4.4533916,45.8269099],[4.4534653,45.8269464],[4.453682,45.827054],[4.45375,45.82709],[4.453688,45.827151],[4.453563,45.827081],[4.453554,45.82709],[4.453335,45.826983]]]}},{"type":"Feature","properties":{"osm_id":181173230,"building":"yes","source":"cadastre-dgi-fr source : Direction Générale des Impôts - Cadastre. Mise à jour : 2012"},"geometry":{"type":"Polygon","coordinates":[[[4.466548,45.818946],[4.466554,45.818946],[4.466548,45.819023],[4.466293,45.819006],[4.466296,45.818937],[4.46637,45.818939],[4.466369,45.818949],[4.46646,45.818953],[4.466461,45.818943],[4.466548,45.818946]]]}},{"type":"Feature","properties":{"osm_id":181173231,"building":"yes","source":"cadastre-dgi-fr source : Direction Générale des Impôts - Cadastre. Mise à jour : 2012"},"geometry":{"type":"Polygon","coordinates":[[[4.445672,45.831738],[4.445543,45.831725],[4.44545,45.831624],[4.445569,45.831558],[4.445615,45.831599],[4.445545,45.831638],[4.445599,45.831692],[4.445727,45.831703],[4.445724,45.831742],[4.445672,45.831738]]]}},{"type":"Feature","properties":{"osm_id":181173232,"building":"yes","source":"cadastre-dgi-fr source : Direction Générale des Impôts - Cadastre. Mise à jour : 2012"},"geometry":{"type":"Polygon","coordinates":[[[4.450706,45.813558],[4.450698,45.813577],[4.450802,45.813604],[4.450811,45.813585],[4.45088,45.813601],[4.450836,45.813688],[4.4506,45.813629],[4.450629,45.813567],[4.450641,45.813543],[4.450706,45.813558]]]}},{"type":"Feature","properties":{"osm_id":181173233,"building":"yes","source":"cadastre-dgi-fr source : Direction Générale des Impôts - Cadastre. Mise à jour : 2012"},"geometry":{"type":"Polygon","coordinates":[[[4.469889,45.813202],[4.469891,45.81311],[4.469917,45.813111],[4.469918,45.813075],[4.470003,45.813078],[4.470052,45.81308],[4.470051,45.81314],[4.470002,45.81314],[4.470001,45.813204],[4.469889,45.813202]]]}},{"type":"Feature","properties":{"osm_id":181173234,"building":"yes","source":"cadastre-dgi-fr source : Direction Générale des Impôts - Cadastre. Mise à jour : 2012"},"geometry":{"type":"Polygon","coordinates":[[[4.440882,45.831186],[4.440722,45.831252],[4.440703,45.831229],[4.440727,45.831218],[4.440655,45.831136],[4.440735,45.831103],[4.440774,45.831141],[4.440819,45.831121],[4.440842,45.831144],[4.440882,45.831186]]]}},{"type":"Feature","properties":{"osm_id":181173236,"building":"yes","source":"cadastre-dgi-fr source : Direction Générale des Impôts - Cadastre. Mise à jour : 2012"},"geometry":{"type":"Polygon","coordinates":[[[4.466953,45.817934],[4.467008,45.817956],[4.467035,45.817926],[4.467155,45.817979],[4.467131,45.818008],[4.467216,45.818044],[4.467159,45.818113],[4.46696,45.818033],[4.466892,45.818006],[4.466953,45.817934]]]}},{"type":"Feature","properties":{"osm_id":181173237,"building":"yes","source":"cadastre-dgi-fr source : Direction Générale des Impôts - Cadastre. Mise à jour : 2012"},"geometry":{"type":"Polygon","coordinates":[[[4.460811,45.811909],[4.460848,45.811932],[4.460871,45.811918],[4.46098,45.811985],[4.460998,45.811998],[4.460914,45.812069],[4.460837,45.812015],[4.460809,45.812035],[4.460724,45.811979],[4.460811,45.811909]]]}},{"type":"Feature","properties":{"osm_id":181173240,"building":"yes","source":"cadastre-dgi-fr source : Direction Générale des Impôts - Cadastre. Mise à jour : 2012"},"geometry":{"type":"Polygon","coordinates":[[[4.47028,45.812058],[4.470281,45.812075],[4.470375,45.812081],[4.470374,45.81216],[4.470256,45.812154],[4.470216,45.812151],[4.470215,45.812077],[4.470209,45.812013],[4.470279,45.812016],[4.47028,45.812058]]]}},{"type":"Feature","properties":{"osm_id":181173241,"building":"yes","source":"cadastre-dgi-fr source : Direction Générale des Impôts - Cadastre. Mise à jour : 2012"},"geometry":{"type":"Polygon","coordinates":[[[4.451079,45.812539],[4.450904,45.812475],[4.450865,45.812463],[4.450878,45.812443],[4.450914,45.812389],[4.451166,45.812483],[4.451139,45.812523],[4.451178,45.812538],[4.451157,45.812565],[4.451079,45.812539]]]}},{"type":"Feature","properties":{"osm_id":311548889,"building":"house"},"geometry":{"type":"Polygon","coordinates":[[[4.4511261,45.8235778],[4.4512577,45.8235731],[4.4512549,45.8235373],[4.4512357,45.8235378],[4.4512341,45.8235185],[4.4513068,45.8235158],[4.4513025,45.8234588],[4.4512503,45.8234606],[4.4512478,45.8234244],[4.4511673,45.8234271],[4.4511688,45.8234478],[4.4511166,45.8234497],[4.4511194,45.8234869],[4.4511324,45.8234866],[4.4511346,45.8235194],[4.4511217,45.8235197],[4.4511261,45.8235778]]]}},{"type":"Feature","properties":{"osm_id":311548890,"building":"house"},"geometry":{"type":"Polygon","coordinates":[[[4.4510167,45.8227103],[4.4511081,45.8227536],[4.4511477,45.8227128],[4.4512241,45.8226344],[4.4511577,45.8226029],[4.4511359,45.8226253],[4.4511117,45.8226137],[4.4510167,45.8227103]]]}},{"type":"Feature","properties":{"osm_id":311548891,"building":"house"},"geometry":{"type":"Polygon","coordinates":[[[4.4511723,45.8227838],[4.4512113,45.8227425],[4.4511477,45.8227128],[4.4511081,45.8227536],[4.4511723,45.8227838]]]}},{"type":"Feature","properties":{"osm_id":313314562,"building":"house"},"geometry":{"type":"Polygon","coordinates":[[[4.4596764,45.7928411],[4.4597151,45.7928619],[4.4597639,45.7928863],[4.4598157,45.7928444],[4.4598654,45.7927988],[4.4598203,45.7927749],[4.459787,45.7928051],[4.4597421,45.7927808],[4.4596764,45.7928411]]]}},{"type":"Feature","properties":{"osm_id":313314563,"building":"house"},"geometry":{"type":"Polygon","coordinates":[[[4.4597151,45.7928619],[4.4596643,45.7929085],[4.4597421,45.7929501],[4.4598233,45.792876],[4.4598059,45.7928666],[4.459825,45.7928493],[4.4598157,45.7928444],[4.4597639,45.7928863],[4.4597151,45.7928619]]]}},{"type":"Feature","properties":{"osm_id":314441435,"building":"roof"},"geometry":{"type":"Polygon","coordinates":[[[4.453703,45.826986],[4.453682,45.827054],[4.45375,45.82709],[4.4537819,45.826992],[4.453703,45.826986]]]}},{"type":"Feature","properties":{"osm_id":314441436,"building":"garage"},"geometry":{"type":"Polygon","coordinates":[[[4.4533916,45.8269099],[4.4534505,45.8268551],[4.4535249,45.8268894],[4.4534653,45.8269464],[4.4533916,45.8269099]]]}},{"type":"Feature","properties":{"osm_id":314603439,"building":"house"},"geometry":{"type":"Polygon","coordinates":[[[4.4504078,45.8248396],[4.450366,45.8249642],[4.4502592,45.8249493],[4.4503008,45.8248236],[4.4504078,45.8248396]]]}},{"type":"Feature","properties":{"osm_id":427360106,"building":"yes","source":"cadastre-dgi-fr source : Direction Générale des Impôts - Cadastre. Mise à jour : 2012"},"geometry":{"type":"Polygon","coordinates":[[[4.456429,45.789465],[4.456185,45.789422],[4.456031,45.78939],[4.456054,45.789332],[4.456453,45.789406],[4.456456,45.789398],[4.456505,45.789408],[4.456478,45.789474],[4.456429,45.789465]]]}},{"type":"Feature","properties":{"osm_id":572523554,"building":"yes"},"geometry":{"type":"Polygon","coordinates":[[[4.4599842,45.7935535],[4.4600421,45.7936128],[4.4601969,45.7935408],[4.460163,45.7934715],[4.4601108,45.7934958],[4.46011,45.793495],[4.4601081,45.7934958],[4.4601229,45.7935113],[4.4601053,45.7935195],[4.4600905,45.7935041],[4.4599842,45.7935535]]]}},{"type":"Feature","properties":{"osm_id":572523555,"building":"yes"},"geometry":{"type":"Polygon","coordinates":[[[4.4602708,45.7934972],[4.460488,45.793401],[4.4604203,45.7933268],[4.4603779,45.7933456],[4.4603883,45.793357],[4.460248,45.7934192],[4.4602688,45.7934419],[4.4602346,45.793457],[4.4602708,45.7934972]]]}},{"type":"Feature","properties":{"osm_id":572523556,"addr:street":"Lieu dit Saint Martin","building":"yes"},"geometry":{"type":"Polygon","coordinates":[[[4.4605163,45.7933545],[4.4605584,45.7933355],[4.4605672,45.7933451],[4.4605815,45.7933605],[4.4606958,45.7933076],[4.4606193,45.793224],[4.4605533,45.7932539],[4.4604988,45.7932551],[4.4604462,45.793279],[4.4605163,45.7933545]]]}},{"type":"Feature","properties":{"osm_id":637262121,"building":"yes"},"geometry":{"type":"Polygon","coordinates":[[[4.4720459,45.7857449],[4.4719084,45.7857162],[4.4719014,45.7857415],[4.4718639,45.7858854],[4.4718684,45.7859413],[4.4718887,45.785972],[4.4720006,45.78599],[4.4720367,45.7859188],[4.4719703,45.7859028],[4.4720459,45.7857449]]]}},{"type":"Feature","properties":{"osm_id":637262122,"building":"yes"},"geometry":{"type":"Polygon","coordinates":[[[4.4692988,45.7882135],[4.4693436,45.7882143],[4.4693448,45.7882505],[4.4693001,45.7882499],[4.4692988,45.7882135]]]}},{"type":"Feature","properties":{"osm_id":637262123,"building":"yes"},"geometry":{"type":"Polygon","coordinates":[[[4.4693001,45.7882499],[4.4693448,45.7882505],[4.4693462,45.7882854],[4.4693015,45.7882862],[4.4693001,45.7882499]]]}},{"type":"Feature","properties":{"osm_id":637262124,"building":"yes"},"geometry":{"type":"Polygon","coordinates":[[[4.470093,45.7902525],[4.4701004,45.790223],[4.4701764,45.7902322],[4.4701689,45.7902613],[4.470093,45.7902525]]]}},{"type":"Feature","properties":{"osm_id":637262125,"building":"yes"},"geometry":{"type":"Polygon","coordinates":[[[4.4687053,45.7901506],[4.4687628,45.7901173],[4.4688681,45.7902068],[4.468855,45.7902146],[4.4687979,45.7901655],[4.4687528,45.7901916],[4.4687053,45.7901506]]]}},{"type":"Feature","properties":{"osm_id":637262126,"building":"yes"},"geometry":{"type":"Polygon","coordinates":[[[4.4687528,45.7901916],[4.4688298,45.7902574],[4.4688886,45.7902644],[4.4688854,45.7902885],[4.4689756,45.7902948],[4.468986,45.7902166],[4.4690078,45.7902182],[4.469015,45.7901653],[4.4689631,45.7901619],[4.4689217,45.7901857],[4.4689183,45.7902102],[4.4688681,45.7902068],[4.468855,45.7902146],[4.4687979,45.7901655],[4.4687528,45.7901916]]]}},{"type":"Feature","properties":{"osm_id":637262127,"building":"yes"},"geometry":{"type":"Polygon","coordinates":[[[4.4689756,45.7902948],[4.4689975,45.7902966],[4.4690078,45.7902182],[4.468986,45.7902166],[4.4689756,45.7902948]]]}},{"type":"Feature","properties":{"osm_id":637262128,"building":"yes"},"geometry":{"type":"Polygon","coordinates":[[[4.4651569,45.7906724],[4.465191,45.790697],[4.4652918,45.7906288],[4.465257,45.7906051],[4.4651569,45.7906724]]]}},{"type":"Feature","properties":{"osm_id":637262129,"building":"school"},"geometry":{"type":"Polygon","coordinates":[[[4.4647297,45.790561],[4.4650714,45.7908104],[4.4651106,45.7907841],[4.4651124,45.7907855],[4.4651889,45.7907343],[4.4649086,45.7905298],[4.4648711,45.7905027],[4.4648452,45.7904838],[4.4648384,45.7904883],[4.4647297,45.790561]]]}},{"type":"Feature","properties":{"osm_id":637262130,"building":"yes"},"geometry":{"type":"Polygon","coordinates":[[[4.4648711,45.7905027],[4.4649172,45.7904713],[4.4649472,45.7905042],[4.4649086,45.7905298],[4.4648711,45.7905027]]]}},{"type":"Feature","properties":{"osm_id":637262131,"building":"school"},"geometry":{"type":"Polygon","coordinates":[[[4.4649472,45.7905042],[4.4649623,45.7905208],[4.4651028,45.7904576],[4.4648337,45.790161],[4.464692,45.7902239],[4.4649172,45.7904713],[4.4649472,45.7905042]]]}},{"type":"Feature","properties":{"osm_id":637262132,"building":"yes"},"geometry":{"type":"Polygon","coordinates":[[[4.464359,45.7934526],[4.4643171,45.7934193],[4.4643553,45.7933959],[4.4643976,45.7934297],[4.464359,45.7934526]]]}},{"type":"Feature","properties":{"osm_id":637262133,"building":"yes"},"geometry":{"type":"Polygon","coordinates":[[[4.4647868,45.7929931],[4.4648179,45.7930032],[4.4648653,45.7930186],[4.4648502,45.7930413],[4.4649227,45.7930648],[4.4649876,45.7929669],[4.4649674,45.7929604],[4.4649557,45.7929564],[4.4649698,45.7929359],[4.4649815,45.7929397],[4.465003,45.792907],[4.4649208,45.7928805],[4.4648874,45.7928891],[4.4648346,45.7929681],[4.4648088,45.7929597],[4.4647868,45.7929931]]]}},{"type":"Feature","properties":{"osm_id":637262134,"building":"yes"},"geometry":{"type":"Polygon","coordinates":[[[4.4648179,45.7930032],[4.4648029,45.7930259],[4.4648502,45.7930413],[4.4648653,45.7930186],[4.4648179,45.7930032]]]}},{"type":"Feature","properties":{"osm_id":637262135,"building":"yes"},"geometry":{"type":"Polygon","coordinates":[[[4.4649557,45.7929564],[4.4649674,45.7929604],[4.4649815,45.7929397],[4.4649698,45.7929359],[4.4649557,45.7929564]]]}},{"type":"Feature","properties":{"osm_id":637262136,"building":"yes"},"geometry":{"type":"Polygon","coordinates":[[[4.4624717,45.7950079],[4.4625083,45.7950167],[4.4625268,45.7949783],[4.4624903,45.7949697],[4.4624717,45.7950079]]]}},{"type":"Feature","properties":{"osm_id":637262137,"building":"yes"},"geometry":{"type":"Polygon","coordinates":[[[4.4611459,45.7950878],[4.4611985,45.7950868],[4.4611967,45.7950317],[4.461144,45.795033],[4.4611459,45.7950878]]]}},{"type":"Feature","properties":{"osm_id":637262138,"building":"yes"},"geometry":{"type":"Polygon","coordinates":[[[4.4605163,45.7933545],[4.460525,45.7933644],[4.4605672,45.7933451],[4.4605584,45.7933355],[4.4605163,45.7933545]]]}},{"type":"Feature","properties":{"osm_id":637262139,"building":"yes"},"geometry":{"type":"Polygon","coordinates":[[[4.4602346,45.793457],[4.4602688,45.7934419],[4.460248,45.7934192],[4.4602137,45.7934342],[4.4602346,45.793457]]]}},{"type":"Feature","properties":{"osm_id":637262140,"building":"yes"},"geometry":{"type":"Polygon","coordinates":[[[4.4600905,45.7935041],[4.4601081,45.7934958],[4.4601229,45.7935113],[4.4601053,45.7935195],[4.4600905,45.7935041]]]}},{"type":"Feature","properties":{"osm_id":637262141,"building":"yes"},"geometry":{"type":"Polygon","coordinates":[[[4.4602302,45.7931682],[4.4603155,45.7931268],[4.4602718,45.7930832],[4.4601876,45.7931249],[4.4602302,45.7931682]]]}},{"type":"Feature","properties":{"osm_id":637262142,"building":"yes"},"geometry":{"type":"Polygon","coordinates":[[[4.459787,45.7928051],[4.4598203,45.7927749],[4.4597751,45.7927507],[4.4597421,45.7927808],[4.459787,45.7928051]]]}},{"type":"Feature","properties":{"osm_id":637262143,"building":"yes"},"geometry":{"type":"Polygon","coordinates":[[[4.4588804,45.7927613],[4.4589092,45.7927727],[4.4589283,45.7927489],[4.4588996,45.7927376],[4.4588804,45.7927613]]]}},{"type":"Feature","properties":{"osm_id":637262144,"building":"yes"},"geometry":{"type":"Polygon","coordinates":[[[4.4588996,45.7927376],[4.4589157,45.7927179],[4.4589444,45.7927294],[4.4589283,45.7927489],[4.4588996,45.7927376]]]}},{"type":"Feature","properties":{"osm_id":637381862,"building":"yes"},"geometry":{"type":"Polygon","coordinates":[[[4.4619559,45.7776104],[4.4620314,45.7775864],[4.4620907,45.7776784],[4.4620158,45.7777023],[4.4619559,45.7776104]]]}},{"type":"Feature","properties":{"osm_id":637381863,"building":"yes"},"geometry":{"type":"Polygon","coordinates":[[[4.4625523,45.7836125],[4.4626088,45.7836955],[4.4629602,45.7835784],[4.4629036,45.7834952],[4.4625523,45.7836125]]]}},{"type":"Feature","properties":{"osm_id":637381864,"building":"yes"},"geometry":{"type":"Polygon","coordinates":[[[4.462165,45.786993],[4.4621315,45.7869878],[4.4621219,45.7870161],[4.4621554,45.7870217],[4.462165,45.786993]]]}},{"type":"Feature","properties":{"osm_id":637381865,"building":"yes"},"geometry":{"type":"Polygon","coordinates":[[[4.4624139,45.7869445],[4.4623817,45.7869416],[4.4623742,45.7869692],[4.4624031,45.7869741],[4.4624139,45.7869445]]]}},{"type":"Feature","properties":{"osm_id":637881772,"building":"yes"},"geometry":{"type":"Polygon","coordinates":[[[4.44271,45.7991979],[4.4429666,45.799193],[4.4429454,45.7985095],[4.4426906,45.7985107],[4.4426934,45.7986125],[4.44271,45.7991979]]]}},{"type":"Feature","properties":{"osm_id":637881773,"building":"yes"},"geometry":{"type":"Polygon","coordinates":[[[4.4426906,45.7985107],[4.4424841,45.7985136],[4.4424895,45.7986164],[4.4426934,45.7986125],[4.4426906,45.7985107]]]}},{"type":"Feature","properties":{"osm_id":637887608,"building":"yes"},"geometry":{"type":"Polygon","coordinates":[[[4.4443227,45.800113],[4.444398,45.8001277],[4.444403,45.8001129],[4.4443282,45.8000985],[4.4443227,45.800113]]]}},{"type":"Feature","properties":{"osm_id":638469807,"building":"yes"},"geometry":{"type":"Polygon","coordinates":[[[4.4518564,45.8225388],[4.4518785,45.8225548],[4.4518268,45.8225899],[4.4518046,45.822574],[4.4518564,45.8225388]]]}},{"type":"Feature","properties":{"osm_id":638469808,"building":"yes"},"geometry":{"type":"Polygon","coordinates":[[[4.4516388,45.8226457],[4.451602,45.8226706],[4.4516456,45.8227024],[4.4516827,45.8226773],[4.451668,45.8226668],[4.4516388,45.8226457]]]}},{"type":"Feature","properties":{"osm_id":638469809,"building":"yes"},"geometry":{"type":"Polygon","coordinates":[[[4.4511117,45.8226137],[4.4511359,45.8226253],[4.4511577,45.8226029],[4.4511333,45.8225914],[4.4511117,45.8226137]]]}},{"type":"Feature","properties":{"osm_id":638469810,"building":"yes"},"geometry":{"type":"Polygon","coordinates":[[[4.4511453,45.8232007],[4.4510794,45.8231929],[4.4510929,45.8231371],[4.4511591,45.8231452],[4.4511453,45.8232007]]]}},{"type":"Feature","properties":{"osm_id":638469811,"building":"yes"},"geometry":{"type":"Polygon","coordinates":[[[4.45118,45.823061],[4.4511862,45.8230341],[4.4513036,45.8230482],[4.4512847,45.823128],[4.4512723,45.8231264],[4.451285,45.823073],[4.45118,45.823061]]]}},{"type":"Feature","properties":{"osm_id":638469812,"building":"yes"},"geometry":{"type":"Polygon","coordinates":[[[4.4512549,45.8235373],[4.4512357,45.8235378],[4.4512341,45.8235185],[4.4513068,45.8235158],[4.4513082,45.8235351],[4.4512549,45.8235373]]]}},{"type":"Feature","properties":{"osm_id":638469813,"building":"yes"},"geometry":{"type":"Polygon","coordinates":[[[4.4511217,45.8235197],[4.4511346,45.8235194],[4.4511324,45.8234866],[4.4511194,45.8234869],[4.4511217,45.8235197]]]}},{"type":"Feature","properties":{"osm_id":638469814,"building":"yes"},"geometry":{"type":"Polygon","coordinates":[[[4.4511166,45.8234497],[4.451115,45.8234289],[4.4511673,45.8234271],[4.4511688,45.8234478],[4.4511166,45.8234497]]]}},{"type":"Feature","properties":{"osm_id":638469815,"building":"yes"},"geometry":{"type":"Polygon","coordinates":[[[4.4512503,45.8234606],[4.4513025,45.8234588],[4.4513,45.8234223],[4.4512478,45.8234244],[4.4512503,45.8234606]]]}},{"type":"Feature","properties":{"osm_id":638469816,"building":"yes"},"geometry":{"type":"Polygon","coordinates":[[[4.4511217,45.8235197],[4.4510486,45.8235224],[4.4510526,45.8235788],[4.4510922,45.8235791],[4.4511261,45.8235778],[4.4511217,45.8235197]]]}},{"type":"Feature","properties":{"osm_id":663820414,"building":"yes"},"geometry":{"type":"Polygon","coordinates":[[[4.4591285,45.8007483],[4.4591486,45.8008],[4.459249,45.8007814],[4.4592282,45.8007265],[4.4592039,45.800731],[4.459205,45.800734],[4.4591285,45.8007483]]]}},{"type":"Feature","properties":{"osm_id":663820416,"building":"yes"},"geometry":{"type":"Polygon","coordinates":[[[4.4580316,45.7993778],[4.4581299,45.7993768],[4.4581296,45.7993638],[4.4581295,45.7993495],[4.4581721,45.799349],[4.4581725,45.7993633],[4.4582491,45.7993627],[4.4582501,45.7992823],[4.4581596,45.7992833],[4.4581283,45.7992836],[4.4581271,45.799238],[4.4580618,45.7992387],[4.4580623,45.7992844],[4.4580295,45.7992848],[4.4580316,45.7993778]]]}},{"type":"Feature","properties":{"osm_id":663820418,"building":"yes"},"geometry":{"type":"Polygon","coordinates":[[[4.4581296,45.7993638],[4.4581725,45.7993633],[4.4581721,45.799349],[4.4581295,45.7993495],[4.4581296,45.7993638]]]}},{"type":"Feature","properties":{"osm_id":663820420,"building":"yes"},"geometry":{"type":"Polygon","coordinates":[[[4.4580295,45.7992848],[4.4580623,45.7992844],[4.4580618,45.7992387],[4.4581271,45.799238],[4.4581283,45.7992836],[4.4581596,45.7992833],[4.4581584,45.7992232],[4.4580284,45.7992247],[4.4580295,45.7992848]]]}},{"type":"Feature","properties":{"osm_id":663820422,"building":"yes"},"geometry":{"type":"Polygon","coordinates":[[[4.4583129,45.799251],[4.4584942,45.7992474],[4.4584908,45.7991644],[4.4584088,45.799166],[4.4584089,45.7991795],[4.45831,45.7991816],[4.4583129,45.799251]]]}},{"type":"Feature","properties":{"osm_id":663820424,"building":"yes"},"geometry":{"type":"Polygon","coordinates":[[[4.4602252,45.7996191],[4.4602824,45.7996173],[4.4603136,45.7995704],[4.4602221,45.7995731],[4.4602252,45.7996191]]]}},{"type":"Feature","properties":{"osm_id":663820426,"building":"yes"},"geometry":{"type":"Polygon","coordinates":[[[4.46009,45.7995769],[4.4601079,45.7995766],[4.460107,45.799565],[4.4600893,45.7995655],[4.46009,45.7995769]]]}},{"type":"Feature","properties":{"osm_id":781366144,"building":"yes","source":"BDOrtho IGN"},"geometry":{"type":"Polygon","coordinates":[[[4.4771722,45.8006794],[4.4771473,45.8007435],[4.4771017,45.8007538],[4.477087,45.8007183],[4.4771178,45.8006659],[4.4771722,45.8006794]]]}},{"type":"Feature","properties":{"osm_id":781366145,"building":"yes","source":"BDOrtho IGN"},"geometry":{"type":"Polygon","coordinates":[[[4.4773445,45.8006351],[4.4772452,45.8005846],[4.4771722,45.8006794],[4.477296,45.8006388],[4.4773027,45.8006488],[4.4773445,45.8006351]]]}},{"type":"Feature","properties":{"osm_id":781366146,"building":"yes","source":"BDOrtho IGN"},"geometry":{"type":"Polygon","coordinates":[[[4.47738,45.8006832],[4.4773445,45.8006351],[4.4773027,45.8006488],[4.4773343,45.8006956],[4.47738,45.8006832]]]}},{"type":"Feature","properties":{"osm_id":781366147,"building":"yes","source":"BDOrtho IGN"},"geometry":{"type":"Polygon","coordinates":[[[4.4773597,45.8007827],[4.4773726,45.8008006],[4.4774571,45.8007735],[4.4773954,45.800679],[4.47738,45.8006832],[4.4773343,45.8006956],[4.4773531,45.8007236],[4.4773212,45.8007346],[4.4773793,45.8007637],[4.4773597,45.8007827]]]}},{"type":"Feature","properties":{"osm_id":781366148,"building":"yes","source":"BDOrtho IGN"},"geometry":{"type":"Polygon","coordinates":[[[4.4772515,45.8007558],[4.4773411,45.8008007],[4.4773597,45.8007827],[4.4773793,45.8007637],[4.4773212,45.8007346],[4.4772515,45.8007558]]]}},{"type":"Feature","properties":{"osm_id":781366149,"building":"yes","source":"BDOrtho IGN"},"geometry":{"type":"Polygon","coordinates":[[[4.4772293,45.8007641],[4.4771722,45.8006794],[4.477296,45.8006388],[4.4773027,45.8006488],[4.4773343,45.8006956],[4.4773531,45.8007236],[4.4773212,45.8007346],[4.4772515,45.8007558],[4.4772293,45.8007641]]]}},{"type":"Feature","properties":{"osm_id":864179938,"building":"yes","source":"cadastre-dgfip-fr 2020"},"geometry":{"type":"Polygon","coordinates":[[[4.4455328,45.7887972],[4.445567,45.7887444],[4.4456355,45.7887659],[4.4456013,45.7888188],[4.4455328,45.7887972]]]}},{"type":"Feature","properties":{"osm_id":864179951,"building":"yes","source":"cadastre-dgfip-fr 2020"},"geometry":{"type":"Polygon","coordinates":[[[4.4610419,45.7971705],[4.4610209,45.7971448],[4.4610815,45.7971228],[4.4611004,45.7971489],[4.4610419,45.7971705]]]}},{"type":"Feature","properties":{"osm_id":864179952,"building":"yes","source":"cadastre-dgfip-fr 2020"},"geometry":{"type":"Polygon","coordinates":[[[4.4612089,45.7972618],[4.461225,45.7972836],[4.4612077,45.7972903],[4.461191,45.7972684],[4.4612089,45.7972618]]]}},{"type":"Feature","properties":{"osm_id":864179953,"building":"yes","source":"cadastre-dgfip-fr 2020"},"geometry":{"type":"Polygon","coordinates":[[[4.4611493,45.7973119],[4.4610419,45.7971705],[4.4611004,45.7971489],[4.4611591,45.7972263],[4.4612257,45.7972017],[4.4611907,45.7971556],[4.4612506,45.7971335],[4.4613202,45.7972252],[4.4612604,45.7972473],[4.4612578,45.7972438],[4.4612089,45.7972618],[4.461191,45.7972684],[4.4612077,45.7972903],[4.4611493,45.7973119]]]}},{"type":"Feature","properties":{"osm_id":864179954,"building":"yes","source":"cadastre-dgfip-fr 2020"},"geometry":{"type":"Polygon","coordinates":[[[4.4615101,45.7974804],[4.4615092,45.7973993],[4.4616302,45.7973987],[4.4616319,45.7975495],[4.4614987,45.7975502],[4.4614979,45.7974804],[4.4615101,45.7974804]]]}},{"type":"Feature","properties":{"osm_id":864179961,"building":"yes","source":"BDOrtho IGN 2020"},"geometry":{"type":"Polygon","coordinates":[[[4.4653887,45.7935246],[4.46551,45.7934305],[4.4655905,45.7934809],[4.4654708,45.7935738],[4.4655054,45.7935954],[4.4654135,45.7936667],[4.4652587,45.7935697],[4.4653489,45.7934997],[4.4653887,45.7935246]]]}},{"type":"Feature","properties":{"osm_id":864179962,"building":"yes","source":"BDOrtho IGN 2020"},"geometry":{"type":"Polygon","coordinates":[[[4.4658351,45.7936888],[4.465705,45.7937758],[4.4656211,45.7937147],[4.4657512,45.7936278],[4.4658351,45.7936888]]]}},{"type":"Feature","properties":{"osm_id":864179963,"building":"yes","source":"BDOrtho IGN 2020"},"geometry":{"type":"Polygon","coordinates":[[[4.4655991,45.7938656],[4.465473,45.7939516],[4.4653875,45.7938907],[4.4655136,45.7938047],[4.4655991,45.7938656]]]}},{"type":"Feature","properties":{"osm_id":864179964,"building":"yes","source":"BDOrtho IGN 2020"},"geometry":{"type":"Polygon","coordinates":[[[4.4653054,45.7937561],[4.465131,45.7938758],[4.4649915,45.7938235],[4.4650358,45.7937702],[4.4650948,45.7937851],[4.4652249,45.7936972],[4.4653054,45.7937561]]]}},{"type":"Feature","properties":{"osm_id":864179967,"building":"yes","source":"BDOrtho IGN 2020"},"geometry":{"type":"Polygon","coordinates":[[[4.4655582,45.7889796],[4.4654271,45.7889848],[4.4654194,45.7888907],[4.4655504,45.7888855],[4.4655582,45.7889796]]]}},{"type":"Feature","properties":{"osm_id":864179968,"building":"yes","source":"BDOrtho IGN 2020"},"geometry":{"type":"Polygon","coordinates":[[[4.4643974,45.7891121],[4.4645465,45.7891061],[4.4645532,45.7891869],[4.4643292,45.7891958],[4.4643196,45.7890788],[4.4643944,45.7890758],[4.4643974,45.7891121]]]}},{"type":"Feature","properties":{"osm_id":864179969,"building":"yes","source":"BDOrtho IGN 2020"},"geometry":{"type":"Polygon","coordinates":[[[4.4641688,45.7895841],[4.4641327,45.7895107],[4.4641875,45.7894976],[4.4642236,45.7895711],[4.4641688,45.7895841]]]}},{"type":"Feature","properties":{"osm_id":864179970,"building":"yes","source":"BDOrtho IGN 2020"},"geometry":{"type":"Polygon","coordinates":[[[4.4638714,45.7893853],[4.4640606,45.7893401],[4.4640789,45.7893773],[4.4640666,45.7893803],[4.464093,45.7894341],[4.4639161,45.7894763],[4.4638714,45.7893853]]]}},{"type":"Feature","properties":{"osm_id":933606853,"building":"yes"},"geometry":{"type":"Polygon","coordinates":[[[4.4724998,45.801013],[4.4723673,45.8008289],[4.4727361,45.8006999],[4.4728439,45.8008495],[4.4727964,45.8008662],[4.4728212,45.8009006],[4.4724998,45.801013]]]}},{"type":"Feature","properties":{"osm_id":1013537947,"addr:city":"Montrottier","addr:housenumber":"3209","addr:postcode":"69770","addr:street":"Route de Saint-Martin","amenity":"place_of_worship","building":"yes","building:part":"chapel","denomination":"roman_catholic","email":"ecole@peraudiere.com","name":"Chappelle de l'École de la Péraudière","operator":"Capucins de Morgon","phone":"+33 4 74 70 13 26;+33 4 74 70 14 27","religion":"christian","website":"https://laperaudiere.com/"},"geometry":{"type":"Polygon","coordinates":[[[4.4609883,45.7803568],[4.4610999,45.780361],[4.4611022,45.7803309],[4.4611613,45.7803334],[4.4611667,45.7802711],[4.4612847,45.7802754],[4.4612889,45.7802199],[4.4611714,45.7802156],[4.4611801,45.7801145],[4.4610422,45.7801088],[4.4610407,45.7801264],[4.4610138,45.7801257],[4.4610098,45.7802127],[4.4610332,45.7802133],[4.4610297,45.7802542],[4.4609964,45.7802529],[4.4609883,45.7803568]]]}},{"type":"Feature","properties":{"osm_id":1158021771,"building":"yes","source":"cadastre-dgi-fr source : Direction Générale des Impôts - Cadastre. Mise à jour : 2023","wall":"no"},"geometry":{"type":"Polygon","coordinates":[[[4.4508648,45.8252516],[4.4509669,45.8252635],[4.4509743,45.8252322],[4.4508722,45.8252204],[4.4508648,45.8252516]]]}},{"type":"Feature","properties":{"osm_id":1158021772,"building":"yes","source":"cadastre-dgi-fr source : Direction Générale des Impôts - Cadastre. Mise à jour : 2023"},"geometry":{"type":"Polygon","coordinates":[[[4.4508997,45.8251045],[4.4510019,45.8251161],[4.4509743,45.8252322],[4.4508722,45.8252204],[4.4508997,45.8251045]]]}},{"type":"Feature","properties":{"osm_id":1158021783,"building":"yes","source":"cadastre-dgi-fr source : Direction Générale des Impôts - Cadastre. Mise à jour : 2023","wall":"no"},"geometry":{"type":"Polygon","coordinates":[[[4.4693377,45.782482],[4.469372,45.7824905],[4.4694143,45.7824463],[4.4693845,45.7824331],[4.4693377,45.782482]]]}},{"type":"Feature","properties":{"osm_id":1158021784,"building":"yes","source":"cadastre-dgi-fr source : Direction Générale des Impôts - Cadastre. Mise à jour : 2023"},"geometry":{"type":"Polygon","coordinates":[[[4.4695047,45.7826172],[4.4695835,45.7825529],[4.4693587,45.7824914],[4.4693564,45.7824951],[4.4693656,45.7824982],[4.4693264,45.7825695],[4.4694456,45.7826013],[4.4694381,45.7826149],[4.4694617,45.7826211],[4.469464,45.782617],[4.4694789,45.7826213],[4.4694844,45.7826118],[4.4695047,45.7826172]]]}},{"type":"Feature","properties":{"osm_id":1158021785,"building":"yes","source":"cadastre-dgi-fr source : Direction Générale des Impôts - Cadastre. Mise à jour : 2023"},"geometry":{"type":"Polygon","coordinates":[[[4.4696426,45.7828364],[4.469707,45.7828306],[4.469694,45.7827663],[4.46963,45.7827722],[4.4696426,45.7828364]]]}},{"type":"Feature","properties":{"osm_id":1158021786,"building":"yes","source":"cadastre-dgi-fr source : Direction Générale des Impôts - Cadastre. Mise à jour : 2023"},"geometry":{"type":"Polygon","coordinates":[[[4.469656,45.7826828],[4.4697514,45.7827202],[4.4697796,45.7826856],[4.4697684,45.7826813],[4.4698669,45.7825572],[4.4697709,45.7825198],[4.4696713,45.7826453],[4.4696823,45.7826496],[4.469656,45.7826828]]]}},{"type":"Feature","properties":{"osm_id":1158021787,"building":"yes","source":"cadastre-dgi-fr source : Direction Générale des Impôts - Cadastre. Mise à jour : 2023","wall":"no"},"geometry":{"type":"Polygon","coordinates":[[[4.4690075,45.7828419],[4.4689577,45.7827755],[4.4690344,45.7827557],[4.4690118,45.7827174],[4.4690109,45.7827143],[4.469067,45.7827071],[4.4690717,45.7827065],[4.4690991,45.7827582],[4.4690453,45.7827726],[4.4690731,45.7828213],[4.4690075,45.7828419]]]}},{"type":"Feature","properties":{"osm_id":1158021788,"building":"yes","source":"cadastre-dgi-fr source : Direction Générale des Impôts - Cadastre. Mise à jour : 2023"},"geometry":{"type":"Polygon","coordinates":[[[4.4689284,45.7827345],[4.4689577,45.7827755],[4.4690344,45.7827557],[4.4690118,45.7827174],[4.4690109,45.7827143],[4.4690094,45.7827091],[4.4689284,45.7827345]]]}},{"type":"Feature","properties":{"osm_id":1158021789,"building":"yes","source":"cadastre-dgi-fr source : Direction Générale des Impôts - Cadastre. Mise à jour : 2023"},"geometry":{"type":"Polygon","coordinates":[[[4.4690075,45.7828419],[4.4690731,45.7828213],[4.4690822,45.7828343],[4.4691817,45.7828026],[4.4691838,45.7828062],[4.4691791,45.7828071],[4.4691894,45.7828223],[4.4692762,45.7827921],[4.4693365,45.7828745],[4.4691498,45.7829416],[4.4690923,45.7828642],[4.4690387,45.7828838],[4.4690075,45.7828419]]]}},{"type":"Feature","properties":{"osm_id":1158021790,"building":"yes","source":"cadastre-dgi-fr source : Direction Générale des Impôts - Cadastre. Mise à jour : 2023"},"geometry":{"type":"Polygon","coordinates":[[[4.4690094,45.7827091],[4.4689918,45.7826469],[4.4691492,45.7826285],[4.4692365,45.7826243],[4.4692531,45.7826832],[4.469067,45.7827071],[4.4690109,45.7827143],[4.4690094,45.7827091]]]}},{"type":"Feature","properties":{"osm_id":1540050743,"building":"yes","source":"BDOrtho IGN 2026"},"geometry":{"type":"Polygon","coordinates":[[[4.4689013,45.7904781],[4.4689389,45.7904048],[4.4690375,45.7904294],[4.4690001,45.7905025],[4.4690182,45.790507],[4.4689832,45.7905755],[4.4688451,45.7905411],[4.4688801,45.7904728],[4.4689013,45.7904781]]]}},{"type":"Feature","properties":{"osm_id":1540050744,"building":"yes","source":"BDOrtho IGN 2026"},"geometry":{"type":"Polygon","coordinates":[[[4.463414,45.7906166],[4.4635665,45.7906368],[4.4635515,45.7906923],[4.4634019,45.7906726],[4.4633848,45.7907359],[4.4632769,45.7907217],[4.4633216,45.7905568],[4.4634265,45.7905706],[4.463414,45.7906166]]]}},{"type":"Feature","properties":{"osm_id":1540050745,"building":"yes","source":"BDOrtho IGN 2026"},"geometry":{"type":"Polygon","coordinates":[[[4.4609872,45.7931786],[4.4608943,45.7930837],[4.4610441,45.7930124],[4.461052,45.7930206],[4.4610951,45.7930001],[4.4611461,45.7930521],[4.4611775,45.7930372],[4.4612115,45.7930719],[4.4609872,45.7931786]]]}},{"type":"Feature","properties":{"osm_id":1540050746,"building":"yes","source":"BDOrtho IGN 2026"},"geometry":{"type":"Polygon","coordinates":[[[4.4618103,45.7932329],[4.4617379,45.7931707],[4.4617679,45.7931197],[4.4617556,45.7931162],[4.4617649,45.7931003],[4.4617032,45.7930826],[4.4617392,45.7930214],[4.4618988,45.7930671],[4.4618781,45.7931024],[4.4618788,45.7931026],[4.4618753,45.7931086],[4.4618644,45.7931271],[4.4618637,45.7931268],[4.4618544,45.7931426],[4.4618621,45.7931448],[4.4618103,45.7932329]]]}},{"type":"Feature","properties":{"osm_id":1540060048,"building":"yes","source":"BDOrtho IGN 2026"},"geometry":{"type":"Polygon","coordinates":[[[4.4577214,45.7998329],[4.4578495,45.7998142],[4.4578606,45.7998511],[4.4577732,45.7998638],[4.4577611,45.7999449],[4.4577053,45.7999409],[4.4577214,45.7998329]]]}},{"type":"Feature","properties":{"osm_id":1540713981,"building":"yes","source":"BDOrtho IGN 2026"},"geometry":{"type":"Polygon","coordinates":[[[4.4733656,45.7918724],[4.4733056,45.7916127],[4.4734159,45.7916003],[4.4734759,45.79186],[4.4733656,45.7918724]]]}},{"type":"Feature","properties":{"osm_id":1540715863,"building":"yes","source":"cadastre-dgfip-fr 2026"},"geometry":{"type":"Polygon","coordinates":[[[4.4713671,45.7986352],[4.4714905,45.7985781],[4.4715387,45.7986288],[4.4714154,45.7986858],[4.4713671,45.7986352]]]}},{"type":"Feature","properties":{"osm_id":1540927855,"building":"yes","source":"BDOrtho IGN 2026"},"geometry":{"type":"Polygon","coordinates":[[[4.4832097,45.8024852],[4.4832633,45.8025567],[4.4830843,45.8026218],[4.4830556,45.8025834],[4.4831212,45.8025596],[4.4830964,45.8025264],[4.4832097,45.8024852]]]}},{"type":"Feature","properties":{"osm_id":1542820074,"building":"yes","source":"BDOrtho IGN 2026"},"geometry":{"type":"Polygon","coordinates":[[[4.4488441,45.8234259],[4.4488432,45.8233474],[4.4489083,45.823347],[4.4489091,45.8234255],[4.4488441,45.8234259]]]}},{"type":"Feature","properties":{"osm_id":1542820075,"building":"yes","source":"BDOrtho IGN 2026"},"geometry":{"type":"Polygon","coordinates":[[[4.4494134,45.8235516],[4.4494361,45.8235855],[4.4493717,45.8236051],[4.4493498,45.8235729],[4.4494134,45.8235516]]]}},{"type":"Feature","properties":{"osm_id":1542820076,"building":"yes","source":"BDOrtho IGN 2026"},"geometry":{"type":"Polygon","coordinates":[[[4.4492128,45.8233731],[4.4491258,45.8232464],[4.449184,45.823227],[4.4490708,45.823062],[4.4492966,45.8229867],[4.4494968,45.8232784],[4.4492128,45.8233731]]]}},{"type":"Feature","properties":{"osm_id":1542820077,"building":"yes","source":"BDOrtho IGN 2026"},"geometry":{"type":"Polygon","coordinates":[[[4.4507225,45.8228662],[4.4507806,45.8227409],[4.4508728,45.8227617],[4.4508433,45.8228253],[4.4509717,45.8228543],[4.4509431,45.8229159],[4.4507225,45.8228662]]]}},{"type":"Feature","properties":{"osm_id":1542820078,"building":"yes","source":"BDOrtho IGN 2026"},"geometry":{"type":"Polygon","coordinates":[[[4.4508549,45.8253627],[4.4508907,45.825323],[4.450943,45.825346],[4.4508633,45.8254342],[4.4507532,45.8253858],[4.450797,45.8253373],[4.4508549,45.8253627]]]}},{"type":"Feature","properties":{"osm_id":1545417201,"building":"yes","source":"BDOrtho IGN 2026"},"geometry":{"type":"Polygon","coordinates":[[[4.44977,45.8150671],[4.4499122,45.8147325],[4.4500088,45.8147524],[4.4498666,45.8150871],[4.44977,45.8150671]]]}},{"type":"Feature","properties":{"osm_id":1545417202,"building":"yes","source":"BDOrtho IGN 2026"},"geometry":{"type":"Polygon","coordinates":[[[4.4499001,45.8153074],[4.4500865,45.8148793],[4.4502369,45.8149111],[4.4500505,45.8153392],[4.4499001,45.8153074]]]}},{"type":"Feature","properties":{"osm_id":1545417204,"building":"yes","source":"BDOrtho IGN 2026"},"geometry":{"type":"Polygon","coordinates":[[[4.4523201,45.8116058],[4.4523181,45.8115469],[4.452404,45.8115455],[4.4524059,45.8116044],[4.4523201,45.8116058]]]}},{"type":"Feature","properties":{"osm_id":1545417207,"building":"yes","source":"BDOrtho IGN 2026"},"geometry":{"type":"Polygon","coordinates":[[[4.4506015,45.8123174],[4.4506346,45.8122782],[4.4505391,45.8122391],[4.450736,45.8120057],[4.4508401,45.8120483],[4.4508721,45.8120103],[4.4509796,45.8120544],[4.4508818,45.8121704],[4.4508615,45.8121621],[4.4506973,45.8123567],[4.4506015,45.8123174]]]}},{"type":"Feature","properties":{"osm_id":1545420741,"building":"yes","source":"BDOrtho IGN 2026"},"geometry":{"type":"Polygon","coordinates":[[[4.4742881,45.809545],[4.4742791,45.8095225],[4.4743902,45.8095011],[4.4743992,45.8095236],[4.4742881,45.809545]]]}},{"type":"Feature","properties":{"osm_id":1545429980,"building":"yes","source":"BDOrtho IGN 2026"},"geometry":{"type":"Polygon","coordinates":[[[4.4743538,45.7836845],[4.4744316,45.7836386],[4.474485,45.7836827],[4.4744072,45.7837286],[4.4743538,45.7836845]]]}},{"type":"Feature","properties":{"osm_id":1545429985,"building":"yes","source":"BDOrtho IGN 2026"},"geometry":{"type":"Polygon","coordinates":[[[4.4825888,45.8078614],[4.4826572,45.807831],[4.4826963,45.8078737],[4.4826279,45.8079041],[4.4825888,45.8078614]]]}},{"type":"Feature","properties":{"osm_id":1545435468,"building":"yes","source":"BDOrtho IGN 2026"},"geometry":{"type":"Polygon","coordinates":[[[4.4737972,45.7756726],[4.474099,45.775508],[4.4741724,45.7755734],[4.4738706,45.775738],[4.4737972,45.7756726]]]}},{"type":"Feature","properties":{"osm_id":1545435469,"building":"yes","source":"BDOrtho IGN 2026"},"geometry":{"type":"Polygon","coordinates":[[[4.4737919,45.7758512],[4.4744597,45.7754958],[4.474551,45.7755792],[4.4738831,45.7759347],[4.4737919,45.7758512]]]}}]}