{"type":"FeatureCollection","features":[{"type":"Feature","id":"way/39660756","properties":{"osm_id":39660756,"highway":"secondary","name":"Grand'Rue","ref":"D 24"},"geometry":{"type":"LineString","coordinates":[[4.4565894,45.7991165],[4.4569167,45.7990484],[4.4572923,45.7989344],[4.4582324,45.7986034],[4.4584402,45.7985155],[4.4586066,45.7984256],[4.4587165,45.7983378],[4.4588117,45.7982051],[4.4588713,45.7980278],[4.4588637,45.7978037],[4.4586176,45.7968902],[4.4586226,45.7967268],[4.4586548,45.7966211],[4.4587358,45.796462],[4.4594474,45.795544],[4.4596204,45.7953729],[4.4598873,45.7951896],[4.460071,45.7951054],[4.4605243,45.7949755],[4.4617139,45.7946931]]}},{"type":"Feature","id":"way/39660758","properties":{"osm_id":39660758,"highway":"unclassified","name":"Rue de la Déserte","surface":"asphalt"},"geometry":{"type":"LineString","coordinates":[[4.4606121,45.7864909],[4.4606799,45.7865014],[4.4609692,45.7868929],[4.4610862,45.7869792],[4.4612114,45.7870281],[4.4613773,45.7870438],[4.4616405,45.7870227],[4.4618681,45.7870307],[4.4621821,45.787093],[4.4624401,45.7871499],[4.4632967,45.7874534],[4.4637035,45.7875159],[4.4639664,45.787589],[4.4645952,45.7878895],[4.4652949,45.7880956],[4.4658546,45.7881985],[4.4662437,45.78827],[4.4669162,45.7885293],[4.4673438,45.7886102],[4.4678012,45.7886728],[4.4680007,45.7886859],[4.4686235,45.7886322],[4.4691409,45.7886523],[4.4694447,45.7886773]]}},{"type":"Feature","id":"way/39660761","properties":{"osm_id":39660761,"alt_name":"Route de Saint-Martin","highway":"unclassified","name":"Route de Saint-Martin-les-Périls","surface":"asphalt"},"geometry":{"type":"LineString","coordinates":[[4.4561502,45.7860107],[4.4565273,45.7857408],[4.4566217,45.7856297],[4.4566405,45.7855512],[4.4566217,45.7854801],[4.4565573,45.7853735],[4.4563454,45.7852239],[4.4562677,45.7851434],[4.4562006,45.7850462],[4.4561979,45.7849208],[4.4562677,45.7848068],[4.4563615,45.7847394],[4.4564527,45.7847123],[4.4565587,45.7847132],[4.4572051,45.7847656],[4.4574049,45.7847544],[4.4575819,45.7847338],[4.4577616,45.7846833],[4.4579387,45.7846066],[4.4580969,45.7845019],[4.4582042,45.7843934],[4.4582981,45.7842699],[4.4584805,45.7838547],[4.4585046,45.7837387],[4.4584939,45.7836545],[4.4584415,45.7835726],[4.4583142,45.7834768],[4.4580969,45.7833235],[4.4580097,45.7831972],[4.4579802,45.7831074],[4.4579869,45.7829213],[4.4580299,45.7827735],[4.4581184,45.7826538],[4.4583464,45.7825248],[4.4585475,45.7824537],[4.4588774,45.7824013],[4.4592369,45.782261],[4.4595131,45.7821376],[4.4600093,45.7818514],[4.4604787,45.7815427],[4.4605967,45.7814324],[4.4606638,45.7813145],[4.460704,45.7812135],[4.4607073,45.7810863],[4.4606745,45.7808487],[4.4606772,45.7807234],[4.460696,45.780643],[4.4607925,45.7804915],[4.4609266,45.7802576],[4.4609562,45.7801529],[4.4609374,45.7800388],[4.4608811,45.779934],[4.4607845,45.7798049],[4.460568,45.779639],[4.4603911,45.7795082],[4.4602963,45.779384],[4.4602185,45.7791147],[4.4602132,45.7789145],[4.4602346,45.7788416],[4.4602915,45.7787538],[4.4605663,45.7785128],[4.4606185,45.7784019],[4.4605922,45.7782613],[4.4602738,45.7779839],[4.4601453,45.7778248],[4.4600308,45.7774905],[4.459925,45.7770437],[4.4599376,45.7767508],[4.4601186,45.7763564],[4.4604459,45.7757979],[4.4613667,45.7749722],[4.4614738,45.7746474],[4.461496,45.7744873],[4.4614309,45.7743219],[4.4613741,45.7743036],[4.4612254,45.7738252],[4.46128,45.7730802],[4.4613633,45.7727421],[4.461576,45.7724653],[4.4623946,45.7718734],[4.4630461,45.7714157],[4.4632651,45.7708893],[4.4631636,45.7705296],[4.463041,45.7703137]]}},{"type":"Feature","id":"way/39660762","properties":{"osm_id":39660762,"highway":"unclassified"},"geometry":{"type":"LineString","coordinates":[[4.4624656,45.7700612],[4.462198,45.7701133],[4.4619652,45.7701712],[4.4616392,45.7702425],[4.4614135,45.7702359],[4.4611465,45.7701879],[4.4608829,45.7701177],[4.4606198,45.7700352],[4.4604532,45.7700048],[4.460277,45.7700104],[4.4599248,45.7701077],[4.4597357,45.7701798],[4.4596159,45.7702711],[4.4595185,45.7704511],[4.4593974,45.7706115],[4.4584637,45.7713836],[4.4583911,45.771468],[4.4583435,45.7715143],[4.4583061,45.7715858]]}},{"type":"Feature","id":"way/131400061","properties":{"osm_id":131400061,"highway":"tertiary","name":"Route de Brullioles","ref":"D 111"},"geometry":{"type":"LineString","coordinates":[[4.4722261,45.7861886],[4.4722559,45.7860479],[4.4722916,45.78593]]}},{"type":"Feature","id":"way/136084312","properties":{"osm_id":136084312,"highway":"unclassified"},"geometry":{"type":"LineString","coordinates":[[4.4967543,45.7887649],[4.496543,45.7887889],[4.4962535,45.7888126]]}},{"type":"Feature","id":"way/136084315","properties":{"osm_id":136084315,"highway":"residential","name":"Chemin Péronnet"},"geometry":{"type":"LineString","coordinates":[[4.4680621,45.7904158],[4.468285,45.790368],[4.4686557,45.7901424],[4.4688948,45.7899709],[4.469088,45.7896071],[4.4689357,45.7895014]]}},{"type":"Feature","id":"way/136084316","properties":{"osm_id":136084316,"highway":"unclassified","name":"Route de la Rouillère"},"geometry":{"type":"LineString","coordinates":[[4.4828443,45.7924283],[4.4822469,45.7928772],[4.4821127,45.7931204],[4.4819253,45.7933823],[4.4816817,45.7937225],[4.4814315,45.7939507],[4.4811614,45.794205],[4.4808628,45.7942948],[4.4806536,45.7943547],[4.4799455,45.7947062],[4.4791194,45.7949933],[4.4788465,45.7950755],[4.4785957,45.7951298],[4.478363,45.7951588],[4.4780465,45.7952673],[4.4776368,45.7955674],[4.4775404,45.7956151]]}},{"type":"Feature","id":"way/136084317","properties":{"osm_id":136084317,"highway":"unclassified","name":"Chemin du Tallot"},"geometry":{"type":"LineString","coordinates":[[4.5015105,45.7897446],[4.501058,45.7897128],[4.5004001,45.7896273],[4.4998886,45.789522],[4.4995077,45.7894809],[4.4991053,45.7895744],[4.4987424,45.7897091],[4.4982972,45.789825],[4.4978823,45.7898849],[4.497437,45.7898699],[4.4969489,45.7897726],[4.4966235,45.7896417],[4.4961622,45.7893874],[4.4959959,45.7893238],[4.4958007,45.7891685],[4.4956237,45.7890114],[4.495499,45.7888243]]}},{"type":"Feature","id":"way/136084318","properties":{"osm_id":136084318,"highway":"unclassified","name":"Chemin de la Chambardière"},"geometry":{"type":"LineString","coordinates":[[4.4725835,45.795702],[4.4729067,45.7956197],[4.4729617,45.7956291],[4.4730663,45.7956758],[4.4731401,45.7956805],[4.4732393,45.7956375],[4.4733869,45.7955636],[4.4738857,45.7954393],[4.4743645,45.7953476],[4.4744517,45.7953448],[4.4746716,45.7953878],[4.475023,45.7954159],[4.4753194,45.7954299],[4.4759765,45.7954355],[4.4765599,45.7954711],[4.4770414,45.7955178],[4.4773981,45.7955683],[4.4775404,45.7956151]]}},{"type":"Feature","id":"way/136084319","properties":{"osm_id":136084319,"highway":"unclassified","name":"Chemin Pinéteau"},"geometry":{"type":"LineString","coordinates":[[4.483824,45.792627],[4.483655,45.7925994],[4.4831783,45.7924882],[4.4828443,45.7924283],[4.4823092,45.7923423],[4.4811076,45.7921179],[4.4805926,45.7919683],[4.4804612,45.7919308],[4.4802412,45.7919178],[4.479332,45.7919121],[4.4789886,45.7919308],[4.4786963,45.7919327],[4.4782685,45.7918766],[4.4782014,45.7918495],[4.478137,45.7918102],[4.4781008,45.7917438],[4.4781008,45.7915727],[4.478078,45.7914998],[4.478007,45.7914371],[4.4778889,45.7914109],[4.4776985,45.7914109],[4.4768777,45.7914689],[4.4765398,45.7914652],[4.4763869,45.7914296],[4.4760758,45.7913286],[4.4757485,45.7912426],[4.4754186,45.7912052],[4.4745389,45.7911659],[4.474048,45.7911659],[4.4735947,45.7911678],[4.4730905,45.7911622],[4.4727632,45.7911285],[4.4725743,45.7910893],[4.4724118,45.7910286],[4.4721832,45.7909144],[4.4717272,45.7906517],[4.4714298,45.7905106],[4.4709065,45.7902888],[4.4705881,45.7901804],[4.4699122,45.7900981],[4.4693669,45.7900382],[4.4688948,45.7899709]]}},{"type":"Feature","id":"way/136084323","properties":{"osm_id":136084323,"highway":"secondary","name":"Route de Lyon","ref":"D 24"},"geometry":{"type":"LineString","coordinates":[[4.4677397,45.7900914],[4.4678588,45.7900971],[4.46795,45.7900952],[4.4680432,45.7900779],[4.46812,45.7900505],[4.4682032,45.7899953],[4.4689357,45.7895014],[4.4692464,45.789283],[4.4698337,45.7888711]]}},{"type":"Feature","id":"way/136085338","properties":{"osm_id":136085338,"highway":"service","name":"Impasse de la Tuilerie","service":"driveway","smoothness":"intermediate","surface":"gravel","tracktype":"grade2"},"geometry":{"type":"LineString","coordinates":[[4.4809857,45.7933944],[4.4812848,45.7933196],[4.4815012,45.7932812],[4.481848,45.7933597],[4.4819253,45.7933823]]}},{"type":"Feature","id":"way/136085339","properties":{"osm_id":136085339,"highway":"unclassified","name":"Impasse de Roche Briand"},"geometry":{"type":"LineString","coordinates":[[4.4959959,45.7893238],[4.4962855,45.7896043],[4.4966771,45.7898437],[4.4973244,45.7901093],[4.497622,45.7902486],[4.4978124,45.7903187],[4.4979291,45.7903355],[4.498145,45.7902673],[4.4982375,45.790257],[4.4984052,45.7902682],[4.498786,45.7903262],[4.4991609,45.790416]]}},{"type":"Feature","id":"way/136085342","properties":{"osm_id":136085342,"highway":"service","name":"Impasse des Hérons","service":"driveway","smoothness":"intermediate","surface":"gravel","tracktype":"grade2"},"geometry":{"type":"LineString","coordinates":[[4.4793482,45.7941153],[4.4791194,45.7949933]]}},{"type":"Feature","id":"way/136086341","properties":{"osm_id":136086341,"highway":"unclassified","name":"Chemin de la Ferme"},"geometry":{"type":"LineString","coordinates":[[4.4608299,45.792734],[4.4609072,45.792808],[4.4610234,45.7928865],[4.4612666,45.7929857],[4.4615374,45.7931362],[4.4616368,45.7931914],[4.4618074,45.7933264],[4.4619157,45.7934121],[4.4622215,45.7938161],[4.4625702,45.7941489],[4.462888,45.7944163]]}},{"type":"Feature","id":"way/136086342","properties":{"osm_id":136086342,"highway":"residential","name":"Rue des Remparts"},"geometry":{"type":"LineString","coordinates":[[4.4680621,45.7904158],[4.4679699,45.7904255],[4.4678114,45.7903743],[4.4676614,45.7903232],[4.4674949,45.790274],[4.4671869,45.790229],[4.4670508,45.7902734],[4.466969,45.7903001],[4.4667606,45.7903952]]}},{"type":"Feature","id":"way/136086343","properties":{"osm_id":136086343,"highway":"residential","name":"Chemin Sous les Oeufs"},"geometry":{"type":"LineString","coordinates":[[4.4680104,45.7910715],[4.4677683,45.7911866],[4.4675859,45.7912539],[4.4674659,45.7912697],[4.4673572,45.7912557],[4.4671809,45.7911992],[4.4671104,45.7911557]]}},{"type":"Feature","id":"way/136086344","properties":{"osm_id":136086344,"highway":"residential","name":"Rue des Usines"},"geometry":{"type":"LineString","coordinates":[[4.4672811,45.7929076],[4.4672057,45.7929136],[4.4669804,45.7928501],[4.4668731,45.7928052],[4.466743,45.792721],[4.4666183,45.7926575],[4.4663621,45.7925546]]}},{"type":"Feature","id":"way/136086345","properties":{"osm_id":136086345,"highway":"residential","name":"Rue de la Dîme"},"geometry":{"type":"LineString","coordinates":[[4.4663621,45.7925546],[4.4668188,45.7913698],[4.4671104,45.7911557],[4.4671842,45.791107],[4.4672862,45.7910116]]}},{"type":"Feature","id":"way/136086346","properties":{"osm_id":136086346,"alt_name":"Route de Saint-Martin","highway":"unclassified","name":"Route de Saint-Martin-les-Périls"},"geometry":{"type":"LineString","coordinates":[[4.4608299,45.792734],[4.4610834,45.7926855],[4.4613277,45.792664],[4.4615301,45.7926799],[4.4619201,45.7927654],[4.4621202,45.7928206],[4.4626657,45.792949],[4.4630362,45.7930314],[4.4633378,45.7930409],[4.4636679,45.7929922],[4.4638908,45.7929362]]}},{"type":"Feature","id":"way/136086347","properties":{"osm_id":136086347,"highway":"unclassified","name":"Rue du Raty"},"geometry":{"type":"LineString","coordinates":[[4.4640923,45.789624],[4.4639253,45.7895762],[4.4632917,45.7891545],[4.4629653,45.7889198],[4.4627292,45.7885158],[4.4625487,45.7882203],[4.4622893,45.7876891],[4.4621196,45.7873749],[4.4621821,45.787093]]}},{"type":"Feature","id":"way/136086350","properties":{"osm_id":136086350,"highway":"residential","name":"Rue des Remparts"},"geometry":{"type":"LineString","coordinates":[[4.466642,45.7908985],[4.4666149,45.79082],[4.4665953,45.7906925],[4.4666149,45.7905245],[4.4666525,45.790465],[4.4667142,45.7904179]]}},{"type":"Feature","id":"way/136086352","properties":{"osm_id":136086352,"highway":"residential","name":"Rue du Stade"},"geometry":{"type":"LineString","coordinates":[[4.4656581,45.7910547],[4.4655871,45.79108],[4.4654562,45.7911267],[4.4653568,45.7911777],[4.4652738,45.7912202],[4.4650163,45.7913698],[4.4648018,45.7914895],[4.464673,45.7916242],[4.4645894,45.7917849],[4.4645791,45.7918047],[4.464128,45.7917925]]}},{"type":"Feature","id":"way/136088406","properties":{"osm_id":136088406,"highway":"residential","name":"Chemin des Châtaigniers"},"geometry":{"type":"LineString","coordinates":[[4.4595574,45.7989166],[4.4595715,45.7986371],[4.4596486,45.7982506],[4.4595698,45.7975568],[4.4595393,45.7971336],[4.4596573,45.7967783],[4.4596788,45.7963407],[4.4597807,45.7961574],[4.4599148,45.7958807],[4.460006,45.795473],[4.4601186,45.7954318],[4.4602052,45.7954112],[4.4603386,45.7953795],[4.4605037,45.7953919]]}},{"type":"Feature","id":"way/136088407","properties":{"osm_id":136088407,"highway":"residential"},"geometry":{"type":"LineString","coordinates":[[4.4596573,45.7967783],[4.4600328,45.7967858],[4.4601669,45.7967671],[4.4604405,45.7966549]]}},{"type":"Feature","id":"way/136088408","properties":{"osm_id":136088408,"highway":"residential","name":"Rue du Plan du Rieu","old_name":"Chemin du Plan de Rieu"},"geometry":{"type":"LineString","coordinates":[[4.4639154,45.7950555],[4.4643438,45.7946164],[4.4644953,45.7944864],[4.4645282,45.7944332],[4.4646174,45.7942817],[4.4652329,45.7939114],[4.4657828,45.793528]]}},{"type":"Feature","id":"way/136088409","properties":{"osm_id":136088409,"highway":"residential","name":"Impasse des Mais"},"geometry":{"type":"LineString","coordinates":[[4.4629671,45.7958433],[4.4632675,45.7959106],[4.4633802,45.7958919],[4.4635894,45.795645]]}},{"type":"Feature","id":"way/136088410","properties":{"osm_id":136088410,"highway":"unclassified","name":"Rue du Stade"},"geometry":{"type":"LineString","coordinates":[[4.464128,45.7917925],[4.4641079,45.7915606],[4.4640221,45.7912651],[4.4638922,45.7909395]]}},{"type":"Feature","id":"way/136088411","properties":{"osm_id":136088411,"highway":"track","name":"Chemin Thimonier"},"geometry":{"type":"LineString","coordinates":[[4.4638908,45.7929362],[4.4640937,45.7929296],[4.4646623,45.7928585],[4.4652202,45.79278],[4.4653347,45.7927957]]}},{"type":"Feature","id":"way/136088412","properties":{"osm_id":136088412,"highway":"residential","name":"Rue Bel-Air"},"geometry":{"type":"LineString","coordinates":[[4.4645282,45.7944332],[4.464315,45.7939437],[4.4642591,45.7938154]]}},{"type":"Feature","id":"way/136088413","properties":{"osm_id":136088413,"highway":"residential","name":"Impasse du Panorama"},"geometry":{"type":"LineString","coordinates":[[4.4596788,45.7963407],[4.4598135,45.7963285],[4.4600328,45.7962659],[4.46058,45.7960864]]}},{"type":"Feature","id":"way/136088415","properties":{"osm_id":136088415,"highway":"residential","name":"Chemin de la Croix Matillon"},"geometry":{"type":"LineString","coordinates":[[4.4605037,45.7953919],[4.4605102,45.7954655],[4.4606497,45.7955553],[4.4609488,45.7957516],[4.4611359,45.7959368],[4.4614169,45.7961285],[4.4616073,45.7962033],[4.4619023,45.79625],[4.4621424,45.7963145],[4.4623328,45.7963716],[4.4624233,45.7964575],[4.4624454,45.7965333],[4.4623717,45.7966736],[4.4622161,45.796898],[4.461997,45.7970579],[4.4618011,45.7971625],[4.4615357,45.7972579],[4.4613765,45.7973421],[4.4612152,45.7974656],[4.4607712,45.7975712]]}},{"type":"Feature","id":"way/136088416","properties":{"osm_id":136088416,"highway":"residential","name":"Rue de la Source","old_name":"LaCroix Matillon"},"geometry":{"type":"LineString","coordinates":[[4.4641434,45.7953958],[4.4637834,45.7956216],[4.4635894,45.795645],[4.4634099,45.795593],[4.4631549,45.7954393],[4.4628867,45.7953196],[4.4624964,45.7952111],[4.4621477,45.795142],[4.4618285,45.7950438]]}},{"type":"Feature","id":"way/136092210","properties":{"osm_id":136092210,"highway":"unclassified","name":"Chemin Bord d'Huile"},"geometry":{"type":"LineString","coordinates":[[4.4669618,45.8191693],[4.4668671,45.819162],[4.4666882,45.8190497],[4.4665916,45.8190273],[4.4664951,45.8190833],[4.4661678,45.8195993],[4.4661249,45.819775],[4.4654777,45.8209005],[4.4652773,45.8211096],[4.4646408,45.8217229]]}},{"type":"Feature","id":"way/136092215","properties":{"osm_id":136092215,"highway":"tertiary","ref":"D 7","source":"cadastre-dgi-fr source : Direction Générale des Impôts - Cadastre ; mise à jour : 2010"},"geometry":{"type":"LineString","coordinates":[[4.4779231,45.8325259],[4.4777051,45.83247],[4.4773921,45.8323615],[4.4765981,45.8320811],[4.4761886,45.8320211],[4.4754751,45.8320286],[4.4750103,45.8318793],[4.4747159,45.831698],[4.4745846,45.831595],[4.4740554,45.8310682],[4.4734707,45.8307355],[4.4727875,45.8304737],[4.4718399,45.8302459],[4.4710548,45.8300177],[4.4706651,45.8297674],[4.4704022,45.8293675],[4.4702272,45.8288667],[4.4702037,45.8287993],[4.4700911,45.828291],[4.4701105,45.8279529],[4.470116,45.8278572],[4.4702662,45.8275319],[4.4706739,45.82696],[4.4711353,45.8262199],[4.471164,45.8261042],[4.4712766,45.8247734],[4.4711908,45.8240557],[4.4711351,45.823793],[4.4710828,45.8236079],[4.4710037,45.8234005],[4.4709125,45.8232257],[4.4708267,45.823093],[4.4707207,45.8229528],[4.4706067,45.8228313],[4.4705155,45.8227584],[4.4704619,45.8227238],[4.4703707,45.8226771],[4.4701508,45.8225733],[4.470077,45.8225313],[4.4699992,45.8224705],[4.4699281,45.8224042],[4.4698155,45.8222621],[4.4697109,45.8220948],[4.46968,45.8220042],[4.4696747,45.8219238],[4.4696908,45.821864],[4.4697297,45.8217873],[4.46979,45.8217126],[4.4699141,45.8215696],[4.4701394,45.8212631]]}},{"type":"Feature","id":"way/136092217","properties":{"osm_id":136092217,"highway":"unclassified","name":"Chemin Bord d'Huile"},"geometry":{"type":"LineString","coordinates":[[4.4669618,45.8191693],[4.4669308,45.8190844],[4.4668624,45.8190321],[4.4668074,45.8189741],[4.4667819,45.8188872],[4.4667953,45.8187872],[4.4669154,45.8186947],[4.4670582,45.8185507],[4.4671997,45.8184741],[4.4674714,45.8183693],[4.4677877,45.8182423],[4.4679703,45.81813],[4.4682546,45.8179692],[4.4683477,45.817861],[4.4684477,45.8176141],[4.4685032,45.8174834],[4.4686355,45.8173486],[4.4687347,45.8173116]]}},{"type":"Feature","id":"way/136092221","properties":{"osm_id":136092221,"highway":"service","name":"Impasse de la Pelleraie"},"geometry":{"type":"LineString","coordinates":[[4.4667953,45.8187872],[4.4667256,45.8187152],[4.4667122,45.8186442],[4.4667658,45.8185115],[4.4669261,45.8183433],[4.4670179,45.8182516],[4.4671118,45.8182105],[4.4672513,45.818031]]}},{"type":"Feature","id":"way/136092222","properties":{"osm_id":136092222,"highway":"unclassified","name":"Chemin Bord d'Huile"},"geometry":{"type":"LineString","coordinates":[[4.4699509,45.8191087],[4.4698156,45.8190759],[4.4696171,45.8188852],[4.469442,45.8187732],[4.4688955,45.8185227],[4.4682088,45.81836],[4.4677877,45.8182423]]}},{"type":"Feature","id":"way/136093296","properties":{"osm_id":136093296,"highway":"residential","name":"Impasse Belle Vue"},"geometry":{"type":"LineString","coordinates":[[4.4594159,45.7992991],[4.4599899,45.7993851]]}},{"type":"Feature","id":"way/136093297","properties":{"osm_id":136093297,"highway":"unclassified","name":"Chemin de Montaly"},"geometry":{"type":"LineString","coordinates":[[4.4641434,45.7953958],[4.4642103,45.7955945],[4.464319,45.7957993],[4.4643761,45.7960714],[4.4643696,45.7962188],[4.4643673,45.7962696],[4.4641151,45.7966586],[4.4640673,45.7967238],[4.463786,45.7971074],[4.4635553,45.7973767],[4.4631683,45.7976076],[4.4629162,45.7979284],[4.462823,45.7980742],[4.4627721,45.7981995],[4.4628042,45.7983117],[4.4628813,45.7984015],[4.4629946,45.7984968],[4.463153,45.7985941],[4.4638845,45.7990111],[4.4641419,45.7991569],[4.4648428,45.7994113],[4.4653202,45.799501],[4.4657513,45.7996469],[4.4660874,45.7998077],[4.4663038,45.8000545],[4.4663253,45.8001181]]}},{"type":"Feature","id":"way/136093298","properties":{"osm_id":136093298,"highway":"tertiary","name":"Route d'Ancy","ref":"D 7","source":"cadastre-dgi-fr source : Direction Générale des Impôts - Cadastre ; mise à jour : 2010"},"geometry":{"type":"LineString","coordinates":[[4.4627586,45.8028705],[4.4625735,45.8028051],[4.4624501,45.8026966],[4.4623777,45.8025844],[4.4623697,45.8024947],[4.4623824,45.8023582],[4.4624897,45.8018908],[4.4626292,45.8016103],[4.462892,45.8013747],[4.4634231,45.8010493],[4.4636216,45.8008736],[4.4637128,45.8007127],[4.4637081,45.8005575],[4.4635686,45.8003929],[4.4633299,45.8002452],[4.4630054,45.8001124],[4.4621766,45.7998301],[4.4617313,45.7996206],[4.4609179,45.7991869]]}},{"type":"Feature","id":"way/136093299","properties":{"osm_id":136093299,"highway":"tertiary","name":"Route d'Ancy","ref":"D 7"},"geometry":{"type":"LineString","coordinates":[[4.4732621,45.8051274],[4.4731334,45.8050021],[4.4729,45.8049198],[4.4723636,45.8048376],[4.4717755,45.8046806],[4.4715931,45.8045646],[4.471282,45.8042692],[4.4710513,45.8041159],[4.4703432,45.8039214],[4.4700535,45.8039065],[4.4698175,45.8039588],[4.4692925,45.8043271],[4.4690376,45.804443],[4.4688311,45.8044917],[4.4686058,45.8045029],[4.4684342,45.8044692],[4.4682303,45.8043739],[4.467769,45.8039887],[4.467144,45.8034558],[4.4670179,45.8033866],[4.4667819,45.8033212],[4.4665834,45.8032912],[4.466393,45.8032894],[4.4658056,45.8033529],[4.4655079,45.8033473],[4.4634157,45.8029603],[4.4629075,45.8028958],[4.4627586,45.8028705]]}},{"type":"Feature","id":"way/136093300","properties":{"osm_id":136093300,"highway":"residential","name":"Impasse des Pinsons"},"geometry":{"type":"LineString","coordinates":[[4.4592575,45.7996151],[4.4590498,45.7996627],[4.4580306,45.7998311],[4.4579031,45.7998965]]}},{"type":"Feature","id":"way/136093301","properties":{"osm_id":136093301,"highway":"residential","name":"Impasse de la Cîme"},"geometry":{"type":"LineString","coordinates":[[4.4565894,45.7991165],[4.4565781,45.799789],[4.4566438,45.7998289],[4.4567165,45.7998379],[4.4568152,45.7998394],[4.456866,45.7998149],[4.4570073,45.7997105],[4.4573828,45.799703]]}},{"type":"Feature","id":"way/136093302","properties":{"osm_id":136093302,"highway":"service","name":"Chemin des Bottières"},"geometry":{"type":"LineString","coordinates":[[4.4629075,45.8028958],[4.4629832,45.8025976],[4.4630355,45.8023742],[4.4630885,45.8023096],[4.4631764,45.8023021]]}},{"type":"Feature","id":"way/136093303","properties":{"osm_id":136093303,"highway":"residential","name":"Rue Malagoutte"},"geometry":{"type":"LineString","coordinates":[[4.4595574,45.7989166],[4.4594159,45.7992991],[4.4593101,45.7995103],[4.4592575,45.7996151],[4.4592022,45.7997364],[4.4591483,45.7998544],[4.4590189,45.7999685],[4.4587648,45.8001499],[4.4584349,45.8003854],[4.4583216,45.8004771],[4.4583464,45.8005519],[4.4584181,45.8005968]]}},{"type":"Feature","id":"way/136093304","properties":{"osm_id":136093304,"highway":"unclassified","name":"Chemin des Monts"},"geometry":{"type":"LineString","coordinates":[[4.4609179,45.7991869],[4.4611432,45.7994374],[4.4614973,45.7998376],[4.4617977,45.8000583],[4.4622215,45.8003911],[4.462361,45.8005594],[4.4623878,45.8006641],[4.462302,45.8008885],[4.4621142,45.8010044],[4.4618674,45.8011316],[4.4614597,45.8015131],[4.4609126,45.8019992],[4.4605746,45.8021937],[4.4603634,45.802275],[4.4602548,45.8023488],[4.4601689,45.8024115],[4.4600965,45.80249],[4.4600308,45.8025713],[4.4599745,45.8026779],[4.459949,45.8027901]]}},{"type":"Feature","id":"way/136093410","properties":{"osm_id":136093410,"highway":"unclassified","name":"Chemin des Chasseurs"},"geometry":{"type":"LineString","coordinates":[[4.4663253,45.8001181],[4.4671683,45.7999124],[4.4674198,45.7999059]]}},{"type":"Feature","id":"way/136095030","properties":{"osm_id":136095030,"highway":"tertiary","name":"Route des Landes","ref":"D 642"},"geometry":{"type":"LineString","coordinates":[[4.4721074,45.8087135],[4.471854,45.8086873],[4.4714382,45.8085938],[4.4707864,45.808448],[4.4703546,45.8083994],[4.4700703,45.8083975],[4.4696331,45.8084368],[4.4693568,45.8084667],[4.4690672,45.8084555],[4.4686353,45.8083844],[4.4683403,45.8083321],[4.4682384,45.8083377],[4.4680962,45.8083732],[4.4675168,45.8085901],[4.4672754,45.8086705],[4.4671065,45.8087172],[4.4667846,45.8087752],[4.4661462,45.8088481],[4.4656634,45.8089341],[4.4653147,45.8090369],[4.4651565,45.8091248],[4.4650653,45.8092295],[4.4650217,45.8093399],[4.4650168,45.8094703],[4.4650117,45.8096034],[4.4649821,45.8096876],[4.4649017,45.809796],[4.4648159,45.8098689],[4.4646764,45.8099418],[4.4644967,45.8099942],[4.4642767,45.8100129],[4.4638965,45.8100083],[4.4627318,45.8099643],[4.4624045,45.8099942],[4.4622704,45.810026],[4.4620934,45.8101232],[4.4619782,45.8102259],[4.4618225,45.8103831],[4.4616938,45.8105588],[4.4615167,45.810886],[4.4613102,45.8113347],[4.4612136,45.8114543],[4.4609937,45.8116525],[4.4606933,45.8118862],[4.4605538,45.8120414],[4.4604519,45.8122264],[4.460106,45.8127722],[4.4599309,45.8130491],[4.459959,45.8131318],[4.4600095,45.8132807],[4.4601924,45.8135435],[4.460185,45.8136753],[4.4601294,45.8137895],[4.4599362,45.8139651],[4.4594812,45.8142355],[4.4592826,45.8143342],[4.4588258,45.8145671],[4.4585502,45.8147746],[4.4582757,45.8150343],[4.4580406,45.815212],[4.4578032,45.8153728],[4.457669,45.8154874],[4.4576081,45.8155392],[4.4564797,45.816455],[4.4559237,45.8169301],[4.4557151,45.8171085],[4.4556092,45.8171711],[4.455514,45.8172067]]}},{"type":"Feature","id":"way/136095336","properties":{"osm_id":136095336,"highway":"tertiary","name":"Route de la Grand'Cour","ref":"D 642"},"geometry":{"type":"LineString","coordinates":[[4.472386,45.8091136],[4.4724943,45.8090968],[4.4729699,45.8090817],[4.4746543,45.8090219],[4.4752283,45.8090331],[4.4754268,45.8090144],[4.4756467,45.8089471],[4.4758667,45.8088087],[4.4766445,45.8082329],[4.4772239,45.8076832],[4.4774546,45.807399],[4.4777925,45.806969],[4.4786079,45.806236],[4.4789083,45.8060752],[4.4792642,45.8059483],[4.4799812,45.8058209],[4.4803103,45.8057351],[4.4804801,45.8056489],[4.4805552,45.8055293],[4.480593,45.8050612]]}},{"type":"Feature","id":"way/136098284","properties":{"osm_id":136098284,"highway":"tertiary","name":"Route d'Albigny","ref":"D 111"},"geometry":{"type":"LineString","coordinates":[[4.4505377,45.8231874],[4.4505136,45.8231043],[4.4505221,45.8230006],[4.4505505,45.8228743],[4.4506431,45.8227369],[4.450793,45.8226034],[4.4513245,45.8223583],[4.4518661,45.822092],[4.4522029,45.8218872],[4.4542748,45.8202723],[4.4545537,45.8200331],[4.4546191,45.8199512],[4.4548139,45.8197078],[4.4555166,45.8185152],[4.4555622,45.8183432],[4.4555622,45.8182161],[4.4554818,45.8177095],[4.4554724,45.8174684],[4.4554831,45.8173515],[4.455514,45.8172067],[4.4555703,45.8170048],[4.4558626,45.8163374],[4.4559485,45.8161448],[4.4559377,45.8159785],[4.4558251,45.8157953],[4.4551465,45.8152101],[4.4549185,45.8149895],[4.4547953,45.8148062],[4.4545591,45.8144586],[4.454484,45.8142829],[4.4544627,45.814107],[4.4544545,45.8136622],[4.4544035,45.8133986],[4.4542265,45.8131051],[4.4538946,45.8128033],[4.4536297,45.8126518],[4.4533199,45.8125331],[4.4526949,45.812333],[4.4525179,45.8122601],[4.4524086,45.8121708],[4.4523557,45.8120974],[4.4523242,45.8119919],[4.4523141,45.8119404],[4.4522202,45.8112393],[4.4522068,45.8108149],[4.4522202,45.8102466],[4.4521666,45.8101325],[4.45207,45.8100465],[4.451901,45.8099306],[4.4516408,45.8098633],[4.4514129,45.8098521],[4.4509114,45.8099043],[4.4502032,45.8100185],[4.4497499,45.8100634],[4.44942,45.8100334],[4.4487119,45.809882],[4.448215,45.8097026],[4.4476363,45.8094239],[4.4473734,45.809351],[4.4470276,45.8093135],[4.4465956,45.8093417],[4.4463649,45.8093342],[4.4461343,45.8092781],[4.4460055,45.8092033],[4.445894,45.8091006],[4.4457775,45.8089659],[4.4456917,45.8087752],[4.4455871,45.8084256],[4.4454154,45.8074496],[4.4454236,45.8072419],[4.4454785,45.8069934],[4.4455147,45.8067241]]}},{"type":"Feature","id":"way/158670861","properties":{"osm_id":158670861,"highway":"track"},"geometry":{"type":"LineString","coordinates":[[4.496675,45.8012924],[4.4963102,45.8013111],[4.495892,45.8013522],[4.4956104,45.8013647],[4.4953315,45.8013909],[4.4950632,45.8014695],[4.4947575,45.8015929],[4.4944946,45.8017051],[4.4936578,45.8019743],[4.4933627,45.8020267],[4.4932286,45.8020267],[4.4930462,45.8021239],[4.4927887,45.8022137],[4.4925044,45.8022548],[4.492086,45.802266],[4.4917185,45.8024143],[4.4916112,45.8024779]]}},{"type":"Feature","id":"way/158670870","properties":{"osm_id":158670870,"highway":"path"},"geometry":{"type":"LineString","coordinates":[[4.4801853,45.809098],[4.4800858,45.8091015],[4.4795413,45.8092015],[4.4793428,45.8092763],[4.4792409,45.8093922],[4.4790746,45.8095305],[4.4789147,45.8096237]]}},{"type":"Feature","id":"way/158670878","properties":{"osm_id":158670878,"highway":"track"},"geometry":{"type":"LineString","coordinates":[[4.4961965,45.8024232],[4.4960863,45.8024221],[4.4958896,45.8024608],[4.4957704,45.8025198],[4.4957588,45.8026122],[4.4958385,45.8026974],[4.495873,45.8028041],[4.4958469,45.8029435],[4.4958111,45.8029895],[4.4956924,45.8030748],[4.4955853,45.8031673],[4.495472,45.8033535],[4.4954212,45.80351],[4.4952012,45.8039216],[4.4951101,45.8041256],[4.4949694,45.8042131],[4.4948129,45.8043138],[4.494645,45.8044688],[4.4945134,45.804602],[4.4944563,45.8047341],[4.4944478,45.8048019]]}},{"type":"Feature","id":"way/158670893","properties":{"osm_id":158670893,"highway":"unclassified","name":"Route des Roches"},"geometry":{"type":"LineString","coordinates":[[4.4944478,45.8048019],[4.4943145,45.804938],[4.4941003,45.8050769],[4.4939732,45.8051362],[4.4936421,45.8052907],[4.4932633,45.8055012],[4.4930283,45.8056286],[4.492955,45.8056752],[4.4926278,45.8059383],[4.4920122,45.8065086],[4.49187,45.8066035],[4.4917293,45.8066587],[4.4915508,45.8067008],[4.4913162,45.8067223],[4.4909367,45.806761],[4.4907362,45.8068054],[4.4904434,45.8068847],[4.4901392,45.8069412],[4.4896712,45.8069807],[4.4890363,45.8071299],[4.488229,45.8073518],[4.4878252,45.8074349],[4.4875476,45.8075309],[4.4872714,45.8076422],[4.4867967,45.8079015],[4.4865902,45.8081194],[4.4862576,45.8085434]]}},{"type":"Feature","id":"way/158670914","properties":{"osm_id":158670914,"highway":"unclassified","name":"Chemin de Granval Bellevue"},"geometry":{"type":"LineString","coordinates":[[4.4997336,45.79629],[4.4995396,45.7963781],[4.4993035,45.7964865],[4.4990568,45.7965389],[4.4990031,45.7965838],[4.4987456,45.7968231],[4.4982253,45.7972196],[4.4976889,45.79753],[4.4974153,45.7977544],[4.4971846,45.7979265],[4.4970934,45.7980873],[4.4970666,45.7982631],[4.4969791,45.7988778],[4.4970076,45.7994337],[4.4968896,45.800219],[4.4968128,45.8004836]]}},{"type":"Feature","id":"way/159340651","properties":{"osm_id":159340651,"highway":"unclassified","name":"Allée du Grand Sapin"},"geometry":{"type":"LineString","coordinates":[[4.4873008,45.8015579],[4.4873681,45.8016699],[4.4875234,45.8018692],[4.4876978,45.8020543],[4.487926,45.8022271],[4.4879327,45.8022683]]}},{"type":"Feature","id":"way/159340652","properties":{"osm_id":159340652,"highway":"track","name":"Chemin de Traverse"},"geometry":{"type":"LineString","coordinates":[[4.4803405,45.8014289],[4.4802342,45.8017324],[4.480194,45.8025028],[4.4801849,45.8027135],[4.48021,45.8028879],[4.4802412,45.8030837],[4.4802951,45.8032481],[4.480448,45.8035099],[4.4806553,45.8037612],[4.4807814,45.803907],[4.4806526,45.8040192],[4.4805159,45.8042081],[4.4804488,45.8044062],[4.48044,45.8046168],[4.4804775,45.8048187],[4.4805524,45.8050058],[4.480593,45.8050612]]}},{"type":"Feature","id":"way/159340654","properties":{"osm_id":159340654,"highway":"unclassified","name":"Impasse de l'Abade"},"geometry":{"type":"LineString","coordinates":[[4.4888916,45.7868734],[4.4888218,45.7868248],[4.4887207,45.786674],[4.4887843,45.7865779],[4.4890901,45.7865031],[4.4892357,45.7864608],[4.4894924,45.7863086],[4.4897284,45.7861776],[4.4900179,45.7860375],[4.4902123,45.7859992],[4.4903237,45.7859019]]}},{"type":"Feature","id":"way/159340657","properties":{"osm_id":159340657,"highway":"track","railway":"abandoned"},"geometry":{"type":"LineString","coordinates":[[4.5022968,45.7943695],[4.5021841,45.7943583],[4.5020704,45.7943212],[4.5017217,45.7941454],[4.5013151,45.7940403],[4.5010362,45.7940029],[4.5007036,45.7940403],[4.5002519,45.7940706],[4.4998227,45.7940033],[4.4995354,45.7939141]]}},{"type":"Feature","id":"way/159340659","properties":{"osm_id":159340659,"highway":"track"},"geometry":{"type":"LineString","coordinates":[[4.4864186,45.8011314],[4.4864623,45.8013434],[4.4866777,45.8018481]]}},{"type":"Feature","id":"way/159340664","properties":{"osm_id":159340664,"highway":"unclassified","name":"Chemin des Grandes Terres"},"geometry":{"type":"LineString","coordinates":[[4.4916112,45.8024779],[4.4911393,45.8025675],[4.4908021,45.8026337],[4.4902603,45.8026598],[4.48963,45.8027234],[4.4886931,45.8028405],[4.4884243,45.8028291],[4.4881387,45.8027515],[4.4879003,45.8026583],[4.4876993,45.8025852],[4.4874172,45.8025373],[4.4870569,45.8025263],[4.4867184,45.8025336],[4.4857703,45.8026187],[4.4853106,45.8026845],[4.4849058,45.8027769],[4.4846424,45.8028346],[4.4845324,45.8028764]]}},{"type":"Feature","id":"way/159340665","properties":{"osm_id":159340665,"highway":"path"},"geometry":{"type":"LineString","coordinates":[[4.4813547,45.8040691],[4.4811239,45.8039063],[4.4809987,45.8038809],[4.4807814,45.803907]]}},{"type":"Feature","id":"way/159340668","properties":{"osm_id":159340668,"highway":"unclassified","name":"Impasse des Oiseaux"},"geometry":{"type":"LineString","coordinates":[[4.4846588,45.8021338],[4.4847795,45.8020328],[4.4849673,45.8019169],[4.485089,45.8017997],[4.4851604,45.8016813],[4.4848844,45.801352],[4.4846186,45.801025]]}},{"type":"Feature","id":"way/159340670","properties":{"osm_id":159340670,"highway":"track"},"geometry":{"type":"LineString","coordinates":[[4.4803353,45.7996654],[4.4802949,45.799616],[4.4802449,45.7994651],[4.4802144,45.7993074],[4.4801645,45.7991033],[4.4800309,45.7988071],[4.4800242,45.7987163],[4.480212,45.798304]]}},{"type":"Feature","id":"way/159340681","properties":{"osm_id":159340681,"highway":"track"},"geometry":{"type":"LineString","coordinates":[[4.4846971,45.7954098],[4.4848361,45.7955139],[4.4850461,45.7956026],[4.4853304,45.795726],[4.4855764,45.7959066],[4.4857051,45.7960076],[4.4857542,45.7962346],[4.4858339,45.7963255],[4.485958,45.7964179],[4.4859741,45.7965713],[4.4857596,45.7967807],[4.4856461,45.7968342]]}},{"type":"Feature","id":"way/159340686","properties":{"osm_id":159340686,"highway":"track"},"geometry":{"type":"LineString","coordinates":[[4.4851604,45.8016813],[4.4852545,45.8015951],[4.4854369,45.8015278],[4.4857266,45.8014268],[4.4860055,45.8013595],[4.4864186,45.8011314],[4.4864293,45.8007724],[4.4867136,45.8002189],[4.4867941,45.8000244]]}},{"type":"Feature","id":"way/159340687","properties":{"osm_id":159340687,"highway":"unclassified","name":"Impasse de la Mesnie"},"geometry":{"type":"LineString","coordinates":[[4.4801967,45.8010336],[4.480212,45.8009677],[4.4802131,45.8009043],[4.4801892,45.8007022],[4.480232,45.8006013],[4.4802882,45.8005416],[4.4803702,45.8004919],[4.4804171,45.8004264],[4.4804303,45.8002536],[4.4804252,45.8001141],[4.4803713,45.7999516],[4.4803174,45.7997596],[4.4803353,45.7996654],[4.4804035,45.7996066],[4.4804916,45.7995719],[4.4806151,45.7995483],[4.4808954,45.7994848],[4.481058,45.7994262],[4.4811668,45.7993718]]}},{"type":"Feature","id":"way/159340689","properties":{"osm_id":159340689,"highway":"path","name":"Sentier de la Botte"},"geometry":{"type":"LineString","coordinates":[[4.4920054,45.7819234],[4.4921422,45.7823078],[4.4923353,45.7827848],[4.4924321,45.7835478],[4.4921663,45.7835909],[4.4915682,45.7837855],[4.4911337,45.7839482],[4.4904363,45.7840417],[4.4896878,45.7840404]]}},{"type":"Feature","id":"way/159340694","properties":{"osm_id":159340694,"highway":"unclassified","name":"Chemin de Montmartin"},"geometry":{"type":"LineString","coordinates":[[4.4866557,45.7877049],[4.4866008,45.7875815],[4.4866262,45.787473],[4.4867201,45.7872944],[4.4867603,45.7871205]]}},{"type":"Feature","id":"way/159340696","properties":{"osm_id":159340696,"highway":"track"},"geometry":{"type":"LineString","coordinates":[[4.4811668,45.7993718],[4.4813181,45.7992948],[4.4814806,45.7992204],[4.4816628,45.7991588],[4.481754,45.7991494],[4.4820466,45.7990034],[4.4823148,45.7987678],[4.4825991,45.7982666],[4.4827665,45.7978582],[4.4828081,45.7977815],[4.4828778,45.797731],[4.4832896,45.7977525],[4.4835216,45.7976964],[4.4836275,45.7975534],[4.4837791,45.797414],[4.4838649,45.7973832],[4.4840097,45.7973439],[4.4840983,45.7972897],[4.484168,45.7972158],[4.4842739,45.7969793],[4.4842847,45.7966006],[4.4842927,45.7961256],[4.4843276,45.7959891],[4.4844543,45.7957595],[4.4844845,45.7957029],[4.4846696,45.7955103],[4.4846971,45.7954098]]}},{"type":"Feature","id":"way/159340697","properties":{"osm_id":159340697,"highway":"unclassified","name":"Impasse des Coccinelles"},"geometry":{"type":"LineString","coordinates":[[4.4916943,45.7858635],[4.4919357,45.7857644],[4.4927618,45.7854969],[4.4930461,45.7854521],[4.4934191,45.7854257],[4.4937893,45.7853883],[4.4940063,45.785338],[4.4940761,45.7852725],[4.4940788,45.7851977],[4.4940305,45.7851042],[4.4937971,45.7848573],[4.493663,45.7847207],[4.4935745,45.7846758],[4.4934028,45.7846908],[4.493328,45.7846401],[4.493328,45.7845055]]}},{"type":"Feature","id":"way/159340706","properties":{"osm_id":159340706,"highway":"path"},"geometry":{"type":"LineString","coordinates":[[4.4887199,45.7936326],[4.4887146,45.7934493],[4.4887575,45.7931576],[4.4887682,45.7927349],[4.488887,45.791851],[4.4889299,45.7913274],[4.4889943,45.7911927],[4.4888709,45.7909758],[4.4888479,45.7909524]]}},{"type":"Feature","id":"way/159855241","properties":{"osm_id":159855241,"highway":"path"},"geometry":{"type":"LineString","coordinates":[[4.4745967,45.810154],[4.4746245,45.8102247],[4.4747025,45.8102782],[4.474783,45.8103455],[4.475,45.8105912],[4.4750706,45.8108187],[4.4750944,45.8110018],[4.4750992,45.8113414],[4.475147,45.8116577],[4.4751422,45.8117876],[4.4749368,45.8123969],[4.4746024,45.8126899],[4.4742776,45.8130495],[4.4737569,45.8139584],[4.47369,45.8142048],[4.473561,45.814924],[4.4735037,45.8151604],[4.4733939,45.8154267],[4.4734082,45.8156198],[4.4734273,45.8157696],[4.4735897,45.8161059],[4.4738333,45.8165221],[4.4740708,45.8166991]]}},{"type":"Feature","id":"way/159855244","properties":{"osm_id":159855244,"highway":"unclassified","name":"Chemin du Pothu"},"geometry":{"type":"LineString","coordinates":[[4.4884784,45.7779998],[4.488709,45.7778763],[4.4888938,45.7777815],[4.489162,45.7776393],[4.4892669,45.7775901],[4.4897523,45.7774311],[4.4900208,45.7773215],[4.4901144,45.7772833],[4.4903988,45.7771187],[4.4905946,45.7770307],[4.4909781,45.7769278],[4.4913456,45.7768624],[4.4915709,45.7768568],[4.4918901,45.7768886],[4.4920403,45.7768867],[4.4923031,45.7768624],[4.4925177,45.7768568],[4.4931264,45.7768798],[4.4934672,45.7769204],[4.4939096,45.7769509],[4.4946957,45.7769765],[4.4951731,45.7770139],[4.495334,45.7770008],[4.4955668,45.7769479],[4.4956511,45.7769365],[4.4957811,45.7769267],[4.4963772,45.7769022]]}},{"type":"Feature","id":"way/159855248","properties":{"osm_id":159855248,"highway":"unclassified","name":"Chemin de Pothu"},"geometry":{"type":"LineString","coordinates":[[4.4722916,45.78593],[4.472416,45.7859178],[4.4725486,45.7858575],[4.4726587,45.7858074],[4.4729548,45.7855826],[4.4731442,45.7854679],[4.4735687,45.7852622],[4.4736551,45.7852229],[4.4738235,45.785151],[4.4741232,45.7849096],[4.4742144,45.784775],[4.4742358,45.7845954],[4.4742251,45.7841166],[4.4742023,45.7838883],[4.4741739,45.7837702],[4.4741846,45.7837224],[4.4742465,45.7836676],[4.4743968,45.7835816],[4.475754,45.782912],[4.4762797,45.7827174],[4.4765295,45.7826008],[4.4768966,45.7824294],[4.4776476,45.7820478],[4.4778034,45.781936],[4.4779748,45.7818158],[4.4782216,45.7815539],[4.4784844,45.7813482],[4.4788921,45.7810938],[4.4794715,45.7806673],[4.4797558,45.7804503],[4.4798899,45.7803755],[4.4800508,45.7803418],[4.4805015,45.7802894],[4.4806624,45.7802857]]}},{"type":"Feature","id":"way/159855274","properties":{"osm_id":159855274,"highway":"path","source":"Strava"},"geometry":{"type":"LineString","coordinates":[[4.4848868,45.780902],[4.4851094,45.7811331],[4.4856405,45.7815203],[4.4857344,45.781539],[4.485788,45.7815296],[4.4859168,45.7813463],[4.4861528,45.7811443],[4.4862789,45.7811181],[4.4865042,45.7812322],[4.4866088,45.7814436],[4.4867107,45.7815034],[4.4870862,45.7815914],[4.4873142,45.7816868],[4.4874631,45.7816886],[4.4878466,45.781496],[4.4879808,45.781466],[4.4880599,45.7814623],[4.4882047,45.7814978],[4.4883227,45.7815614],[4.4884166,45.7815596],[4.4886902,45.781509],[4.4888243,45.7815465],[4.4890684,45.781683],[4.4891406,45.7817771]]}},{"type":"Feature","id":"way/159855275","properties":{"osm_id":159855275,"highway":"track","name":"Impasse du Serpolet"},"geometry":{"type":"LineString","coordinates":[[4.4786302,45.8103788],[4.4781596,45.8107108],[4.4774384,45.8110821],[4.4767273,45.8113764],[4.4765369,45.8114288],[4.4764001,45.8114615]]}},{"type":"Feature","id":"way/159855276","properties":{"osm_id":159855276,"highway":"track"},"geometry":{"type":"LineString","coordinates":[[4.4848857,45.809485],[4.4849536,45.8093968],[4.4850773,45.80922],[4.4851773,45.8090638],[4.4852511,45.8089209],[4.4853061,45.8087642],[4.4853155,45.8086801],[4.4853038,45.8085251]]}},{"type":"Feature","id":"way/159855277","properties":{"osm_id":159855277,"highway":"track"},"geometry":{"type":"LineString","coordinates":[[4.4858011,45.8206698],[4.4854689,45.8207133],[4.4853158,45.8207122],[4.4850784,45.8207216],[4.4848786,45.8207365],[4.4845462,45.8207993],[4.4841975,45.8209376],[4.4838888,45.8210113],[4.4836557,45.8210909],[4.483524,45.8210748],[4.4832373,45.8210236],[4.4829423,45.8209488],[4.4826204,45.8207993],[4.4822556,45.8206011],[4.482041,45.8205039],[4.4819415,45.8204654],[4.4816894,45.8204206],[4.4813825,45.8204022],[4.481066,45.8203994],[4.480948,45.8203929],[4.4808085,45.8203761],[4.4803485,45.8202976],[4.4799623,45.8202247],[4.4798295,45.8202041],[4.4795626,45.8201742],[4.4793145,45.8201377],[4.4789538,45.820063],[4.4787486,45.8200162],[4.4785702,45.8199648],[4.4784254,45.8198947],[4.4782148,45.8197723],[4.4780821,45.8196742],[4.4778326,45.8194648],[4.4777656,45.8193861],[4.4774061,45.8190835],[4.4768322,45.8186234],[4.4767074,45.8185292],[4.4766457,45.8184918],[4.4765197,45.8184311],[4.4763547,45.8183385],[4.4759779,45.8181039],[4.4757101,45.8179452],[4.4755299,45.8178768],[4.4754387,45.8178413],[4.4753422,45.8177712],[4.475086,45.817559],[4.4749466,45.8174403],[4.4743324,45.8169747],[4.4741473,45.8168328],[4.4740802,45.8167468],[4.4740708,45.8166991],[4.4740963,45.8166571],[4.4741687,45.8166066],[4.4742224,45.8165608],[4.4742505,45.8165253],[4.4743001,45.8164187],[4.4744236,45.8161783],[4.4745738,45.81604],[4.4747961,45.8158968],[4.4748981,45.8157809],[4.4749142,45.815665],[4.4749117,45.8155165],[4.4749386,45.8154006],[4.4750727,45.8152324],[4.475236,45.8151042],[4.4754077,45.8148798],[4.4754452,45.8148125],[4.4756383,45.8147452],[4.4758851,45.8147041],[4.4760729,45.8146667],[4.4761748,45.8146218],[4.4762767,45.8144685],[4.4764537,45.814304],[4.4765664,45.8142405],[4.4768346,45.8141769],[4.4769902,45.8140834],[4.4770706,45.8139787],[4.477213,45.8138908],[4.4773979,45.8137768],[4.4777175,45.8135921],[4.4781221,45.8134067],[4.4786454,45.8131984],[4.4788814,45.8131199],[4.4791228,45.8130937],[4.4793106,45.8130339],[4.4796775,45.812887],[4.4799328,45.812761]]}},{"type":"Feature","id":"way/159855279","properties":{"osm_id":159855279,"highway":"path"},"geometry":{"type":"LineString","coordinates":[[4.4799328,45.812761],[4.4798577,45.8125815],[4.4797504,45.8123609],[4.4795305,45.8119533],[4.4795305,45.8119197],[4.4796217,45.8118449],[4.4797427,45.8117711],[4.4797934,45.8117402],[4.4801099,45.8116056],[4.4802541,45.8115681],[4.4804616,45.8115141],[4.480841,45.8112481],[4.4811338,45.8110799],[4.4813469,45.810933],[4.4814921,45.810804],[4.4816139,45.8106702],[4.4816889,45.8106294],[4.4817755,45.8106016],[4.481909,45.8104628],[4.4820703,45.8103631],[4.4823306,45.8103551],[4.4826046,45.8103551],[4.4827592,45.8103322],[4.482909,45.8102457],[4.4830215,45.810218],[4.4831034,45.8102261],[4.4831878,45.8102523],[4.4833259,45.8103094],[4.4834524,45.8103355],[4.4835297,45.8103371],[4.4837358,45.810298],[4.483984,45.8101886],[4.4842029,45.810151],[4.4842791,45.8101168],[4.4843166,45.8100857],[4.4843962,45.8100057],[4.4844899,45.8098735],[4.4845977,45.809738],[4.4848857,45.809485]]}},{"type":"Feature","id":"way/159855281","properties":{"osm_id":159855281,"highway":"track"},"geometry":{"type":"LineString","coordinates":[[4.4896878,45.7840404],[4.4896824,45.7842237],[4.4895834,45.7844495],[4.4895137,45.7845879],[4.4892908,45.7846427],[4.4891704,45.7847263],[4.4886417,45.7845978],[4.4879419,45.7844719],[4.4873542,45.7845567],[4.4872255,45.7847213],[4.4868861,45.7848904],[4.4862762,45.7850705],[4.4855681,45.7851752],[4.4853669,45.7852014],[4.4852999,45.7852426],[4.4851899,45.7854296],[4.4851711,45.7855699],[4.4852127,45.7857869]]}},{"type":"Feature","id":"way/160606275","properties":{"osm_id":160606275,"highway":"track","source":"BDOrtho IGN 2026"},"geometry":{"type":"LineString","coordinates":[[4.4896397,45.7917868],[4.4900076,45.7921923],[4.4894439,45.7926247],[4.4893098,45.7928323],[4.4892374,45.7930006],[4.4891815,45.7932172],[4.4891596,45.7933765],[4.4890872,45.7935242],[4.4890295,45.7936701],[4.4890188,45.7938805],[4.4889611,45.7939927],[4.4888256,45.7940872],[4.4886853,45.7941321],[4.4885051,45.7941507],[4.488291,45.7941224],[4.4878591,45.79399],[4.4875936,45.7939204],[4.4873062,45.793945],[4.487223,45.7939226]]}},{"type":"Feature","id":"way/185073222","properties":{"osm_id":185073222,"highway":"service","service":"driveway","source":"BDOrtho IGN 2026"},"geometry":{"type":"LineString","coordinates":[[4.4599235,45.8038784],[4.4597898,45.8037621],[4.4596539,45.8035895],[4.4596325,45.8035166],[4.4596151,45.803409],[4.4596164,45.8032875],[4.4596338,45.8032277],[4.459717,45.8031043],[4.4598243,45.8029565],[4.4599128,45.8028144],[4.459949,45.8027901]]}},{"type":"Feature","id":"way/185073224","properties":{"osm_id":185073224,"highway":"track"},"geometry":{"type":"LineString","coordinates":[[4.4586357,45.8128284],[4.4587752,45.812634],[4.4588455,45.8125099],[4.458861,45.8123498],[4.458861,45.8122077],[4.4589849,45.8120761],[4.4591507,45.8119684],[4.4593116,45.8118264],[4.4595214,45.8115826],[4.4595369,45.8114753],[4.4595369,45.8111462],[4.4594511,45.8108396],[4.4594726,45.8104433],[4.4596013,45.8103236],[4.4600197,45.8100245],[4.460476,45.8093735],[4.4606692,45.8089659],[4.4607603,45.8087752],[4.4607711,45.8084723],[4.4608196,45.8082846],[4.4610175,45.8078258],[4.4610711,45.8075191],[4.4612029,45.8072252],[4.4612431,45.8070439],[4.4612186,45.8068984],[4.4609853,45.8065469],[4.4607493,45.8061954],[4.4605565,45.8059968],[4.4604063,45.8058491],[4.46035,45.8057781],[4.4603285,45.8056921],[4.4603419,45.8054473],[4.4603285,45.8049909],[4.4602561,45.8047422],[4.4602427,45.8045758],[4.46024,45.8044038],[4.4601649,45.8042346],[4.4600414,45.8040337],[4.4599235,45.8038784]]}},{"type":"Feature","id":"way/185073227","properties":{"osm_id":185073227,"highway":"track"},"geometry":{"type":"LineString","coordinates":[[4.4594836,45.8078964],[4.458738,45.8077917],[4.4575149,45.8076609],[4.4569679,45.8075105],[4.4561793,45.8073385],[4.4558948,45.8072645],[4.4557366,45.8072103],[4.4555193,45.8070626],[4.4553798,45.8069055],[4.4552763,45.8066214],[4.4552135,45.8064418],[4.4550687,45.8061688],[4.4548058,45.8060043],[4.4543606,45.8058585],[4.4538295,45.8057762],[4.4527352,45.8055219],[4.4526064,45.8054546],[4.4524831,45.8053461]]}},{"type":"Feature","id":"way/185073229","properties":{"osm_id":185073229,"highway":"track"},"geometry":{"type":"LineString","coordinates":[[4.450535,45.802791],[4.4508256,45.8028148],[4.4513621,45.8028223],[4.4517161,45.8028821],[4.4519361,45.8029969],[4.4520273,45.8032561],[4.4523652,45.8035429],[4.4527084,45.8037493]]}},{"type":"Feature","id":"way/185073231","properties":{"osm_id":185073231,"highway":"unclassified","name":"Chemin Buron"},"geometry":{"type":"LineString","coordinates":[[4.4557499,45.8099831],[4.4555997,45.8101065],[4.4553798,45.8101849],[4.4551545,45.8102972],[4.4548407,45.8105102],[4.4547361,45.8105569],[4.4545537,45.8106224],[4.4542857,45.8106777],[4.453977,45.8107402],[4.4537491,45.8108299],[4.4536096,45.8109178],[4.4534004,45.8111066],[4.4531375,45.8113235],[4.4529578,45.8114356],[4.4525367,45.8118488],[4.4523952,45.8119676],[4.4523242,45.8119919]]}},{"type":"Feature","id":"way/185073234","properties":{"osm_id":185073234,"highway":"track"},"geometry":{"type":"LineString","coordinates":[[4.4594452,45.8012342],[4.4593374,45.8013802],[4.459033,45.801671],[4.4588533,45.8017467],[4.4585851,45.801844],[4.4584496,45.8018636],[4.4583276,45.801873],[4.458223,45.801887],[4.4579762,45.8019692],[4.4577348,45.8020525],[4.4575806,45.8021581],[4.4575404,45.8021834],[4.457476,45.8021918],[4.4572681,45.8021768],[4.4570401,45.8021693],[4.4567478,45.8021534],[4.4566378,45.8021431],[4.4562314,45.8020487],[4.4560692,45.802016],[4.4558653,45.8020132],[4.4555663,45.8020581]]}},{"type":"Feature","id":"way/185485914","properties":{"osm_id":185485914,"highway":"unclassified","name":"Chemin du Pontu"},"geometry":{"type":"LineString","coordinates":[[4.4512861,45.7991103],[4.4506433,45.7994568],[4.4503943,45.7996079],[4.4501268,45.799819],[4.4498064,45.8001749],[4.4496909,45.8004509]]}},{"type":"Feature","id":"way/185485915","properties":{"osm_id":185485915,"highway":"track"},"geometry":{"type":"LineString","coordinates":[[4.4467701,45.8042807],[4.4464376,45.8043853],[4.4460942,45.8044778],[4.4459923,45.8044442],[4.4458153,45.8043217],[4.4456061,45.8042385],[4.4450804,45.8040337],[4.4447478,45.8038318],[4.4443723,45.8034391],[4.4440611,45.8032372],[4.4436105,45.8030988],[4.4433467,45.8030518],[4.4431277,45.8030128],[4.4427629,45.8030278],[4.4426235,45.8030876]]}},{"type":"Feature","id":"way/185485917","properties":{"osm_id":185485917,"highway":"track"},"geometry":{"type":"LineString","coordinates":[[4.4552763,45.8066214],[4.4555195,45.8066692],[4.4560774,45.8068487],[4.4564422,45.8069384],[4.4572039,45.8070506],[4.457676,45.8071628],[4.4579979,45.8073049],[4.4584163,45.807432],[4.4588776,45.8075068],[4.4592639,45.8076564],[4.4594141,45.8078508],[4.4594836,45.8078964]]}},{"type":"Feature","id":"way/185485921","properties":{"osm_id":185485921,"highway":"track"},"geometry":{"type":"LineString","coordinates":[[4.4475371,45.8026274],[4.4480254,45.802694],[4.4487711,45.8027725],[4.4491788,45.8028137],[4.4493987,45.8028025],[4.4496187,45.8028632],[4.4497849,45.8030231],[4.4498922,45.8030652],[4.4498064,45.8031138],[4.4497313,45.8031886],[4.4496647,45.8032976]]}},{"type":"Feature","id":"way/185485922","properties":{"osm_id":185485922,"highway":"unclassified","name":"Chemin de Robagny"},"geometry":{"type":"LineString","coordinates":[[4.4451553,45.8055425],[4.4450936,45.8054565],[4.4449997,45.8053181],[4.4448066,45.8052059],[4.4445947,45.8050975],[4.4444366,45.8047742],[4.4442489,45.8044077],[4.4440879,45.8042245],[4.4437822,45.8039215],[4.4433155,45.8034616],[4.442779,45.8031138],[4.4426235,45.8030876],[4.4423606,45.803125],[4.4420977,45.8031661],[4.4417544,45.8032998],[4.4412823,45.8035205],[4.4410799,45.8036154],[4.441057,45.8036261],[4.44088,45.8038047],[4.4407995,45.8039617],[4.4407244,45.8042011],[4.4405742,45.804404],[4.4403543,45.8045872],[4.4401451,45.8047891],[4.4399949,45.805006],[4.4399091,45.8052145],[4.4398876,45.8053276],[4.4397857,45.8055772]]}},{"type":"Feature","id":"way/185485926","properties":{"osm_id":185485926,"highway":"track"},"geometry":{"type":"LineString","coordinates":[[4.4433467,45.8030518],[4.442999,45.802866],[4.4424625,45.802493],[4.4423914,45.8024272]]}},{"type":"Feature","id":"way/185485928","properties":{"osm_id":185485928,"highway":"track"},"geometry":{"type":"LineString","coordinates":[[4.4399949,45.805006],[4.43985,45.8050659],[4.4396247,45.8050659],[4.4394455,45.8050197],[4.4391681,45.8050198],[4.4388748,45.8048714],[4.4386337,45.8047856],[4.4382554,45.8047837],[4.4380109,45.8047696],[4.4378958,45.8047501],[4.4377221,45.8047016]]}},{"type":"Feature","id":"way/185485930","properties":{"osm_id":185485930,"highway":"track","name":"Impasse des Étoiles"},"geometry":{"type":"LineString","coordinates":[[4.4476497,45.798637],[4.4473549,45.7987709],[4.4469257,45.7989804],[4.4461962,45.7993095],[4.4458858,45.7994501],[4.4457509,45.7996509],[4.4456758,45.7997556],[4.44558,45.7998218],[4.4454934,45.7998379],[4.4452467,45.7998155],[4.4450428,45.7998155],[4.4449036,45.7998396],[4.4448014,45.7999079],[4.4446808,45.8000038],[4.4446244,45.8001072],[4.4444802,45.8002185],[4.4443465,45.8002213],[4.4442498,45.8002018],[4.4442031,45.8001499],[4.4442085,45.8000602],[4.4442407,45.8000022]]}},{"type":"Feature","id":"way/185485931","properties":{"osm_id":185485931,"highway":"track"},"geometry":{"type":"LineString","coordinates":[[4.4521744,45.7988691],[4.4532436,45.798117],[4.4535208,45.7978883],[4.4540818,45.7977237],[4.4560397,45.796655]]}},{"type":"Feature","id":"way/185485936","properties":{"osm_id":185485936,"highway":"track"},"geometry":{"type":"LineString","coordinates":[[4.4410799,45.8036154],[4.4408425,45.8035551],[4.4402309,45.8034429]]}},{"type":"Feature","id":"way/185485938","properties":{"osm_id":185485938,"highway":"track"},"geometry":{"type":"LineString","coordinates":[[4.4423914,45.8024272],[4.4423928,45.8023845],[4.4427254,45.8023873],[4.4430365,45.8023948],[4.4434549,45.8022798],[4.4438465,45.8021143],[4.4442596,45.8020854]]}},{"type":"Feature","id":"way/185485940","properties":{"osm_id":185485940,"highway":"unclassified"},"geometry":{"type":"LineString","coordinates":[[4.4510091,45.7983501],[4.4508147,45.7983117],[4.4504124,45.7981901],[4.4501737,45.7981321],[4.4500154,45.7981209],[4.449774,45.7981396],[4.4490176,45.7982593],[4.448331,45.7984482],[4.4477892,45.7986239],[4.4476497,45.798637]]}},{"type":"Feature","id":"way/185485941","properties":{"osm_id":185485941,"highway":"track"},"geometry":{"type":"LineString","coordinates":[[4.4496909,45.8004509],[4.4496278,45.800593],[4.4492912,45.8011428],[4.4491249,45.8014382],[4.4488998,45.801688],[4.4486931,45.8018215],[4.448382,45.8019319],[4.4481647,45.8020384],[4.4477677,45.8023114],[4.4475371,45.8026274],[4.4472315,45.8031817],[4.4470759,45.8037523],[4.4467701,45.8042807],[4.4465341,45.8045201],[4.4460352,45.8049714],[4.445472,45.8052306],[4.4453325,45.8053314],[4.4453057,45.8054136],[4.4451553,45.8055425]]}},{"type":"Feature","id":"way/185485943","properties":{"osm_id":185485943,"highway":"track","name":"Impasse de la Rana"},"geometry":{"type":"LineString","coordinates":[[4.4539071,45.7990033],[4.4542567,45.7991636],[4.4548975,45.7996306],[4.4550414,45.7998218],[4.455273,45.7999897]]}},{"type":"Feature","id":"way/185485946","properties":{"osm_id":185485946,"highway":"track"},"geometry":{"type":"LineString","coordinates":[[4.4476497,45.798637],[4.4472422,45.7984876],[4.4470598,45.7983679],[4.4467433,45.7980014],[4.4464268,45.7975554],[4.4461157,45.7971524],[4.4458797,45.7969056],[4.4458314,45.796726],[4.4458636,45.7965652],[4.4460455,45.7955351],[4.4461689,45.7947763],[4.4461756,45.7946612]]}},{"type":"Feature","id":"way/185665301","properties":{"osm_id":185665301,"highway":"tertiary","name":"Route de Saint-Julien","ref":"D 24E1"},"geometry":{"type":"LineString","coordinates":[[4.4990089,45.7959804],[4.496778,45.796139],[4.4959,45.7962266],[4.4954436,45.7963265],[4.495165,45.7964678],[4.4949647,45.7966338],[4.4948059,45.7970741],[4.4946125,45.7977525],[4.4946517,45.7984109],[4.4947704,45.7989272],[4.4947669,45.7990672],[4.4947305,45.7992429],[4.4945771,45.7995002],[4.4943929,45.7996923],[4.4942647,45.7998259],[4.4938064,45.8002228],[4.4935235,45.8003013],[4.4932289,45.8002946],[4.4928559,45.8002632],[4.4924522,45.8002446],[4.4920242,45.800277],[4.4916108,45.8003888],[4.4912356,45.8005089],[4.4909343,45.8006778],[4.4905731,45.8009352],[4.4901849,45.8011768],[4.4894156,45.8015303],[4.4890563,45.8016168],[4.4889678,45.8016184],[4.4886947,45.8016234],[4.4878399,45.8016196],[4.4875208,45.801571],[4.4873008,45.8015579],[4.4868539,45.8017322],[4.4866777,45.8018481],[4.4864452,45.8019412],[4.4862708,45.801973],[4.4859651,45.8019842],[4.4857294,45.8019929],[4.4855634,45.8020093]]}},{"type":"Feature","id":"way/191391470","properties":{"osm_id":191391470,"highway":"unclassified","name":"Chemin du Château"},"geometry":{"type":"LineString","coordinates":[[4.4857842,45.7932238],[4.4850913,45.7928988],[4.4850632,45.7928436],[4.4851007,45.7928062],[4.4863059,45.7919573],[4.4866832,45.7916915],[4.486694,45.7916279]]}},{"type":"Feature","id":"way/191391479","properties":{"osm_id":191391479,"highway":"service","name":"Impasse du Mont Blanc","service":"driveway","source":"BDOrtho IGN 2026"},"geometry":{"type":"LineString","coordinates":[[4.4907362,45.8068054],[4.4906684,45.8066548],[4.4906832,45.8065688],[4.4908481,45.8064678],[4.4910748,45.8063444],[4.491253,45.8061529],[4.4913431,45.8060864],[4.4913471,45.8060453]]}},{"type":"Feature","id":"way/191391486","properties":{"osm_id":191391486,"highway":"track"},"geometry":{"type":"LineString","coordinates":[[4.4907362,45.8068054],[4.4908364,45.8068999],[4.4909759,45.8069972],[4.4913567,45.8071692],[4.4916142,45.8073786],[4.4918127,45.8075057],[4.491842,45.807814],[4.4918473,45.8080833],[4.4918473,45.808274],[4.4918527,45.8084722],[4.4918231,45.8085709]]}},{"type":"Feature","id":"way/191397431","properties":{"osm_id":191397431,"highway":"track","name":"Impasse des Champs"},"geometry":{"type":"LineString","coordinates":[[4.4766445,45.8082329],[4.4767572,45.8082702],[4.4770362,45.8082067],[4.4774599,45.8080758],[4.4779535,45.8078963],[4.4784792,45.8076981],[4.4791122,45.8073728],[4.4794662,45.8072307]]}},{"type":"Feature","id":"way/191397432","properties":{"osm_id":191397432,"highway":"unclassified","name":"Route du Grand Chemin"},"geometry":{"type":"LineString","coordinates":[[4.4425133,45.8187376],[4.4426233,45.8189788],[4.44276,45.8193732],[4.442921,45.8199209],[4.4429612,45.8201022],[4.44298,45.8202779],[4.4430041,45.820463],[4.4430524,45.8205901],[4.4432241,45.8208705],[4.4433743,45.8210742],[4.4436563,45.8213509],[4.44379,45.8215191],[4.4438572,45.8216442],[4.4438919,45.8218051],[4.4439055,45.8220367],[4.4438733,45.822433],[4.4439107,45.8226276],[4.4440877,45.8231958],[4.4441682,45.8233995],[4.4442621,45.8236145],[4.444364,45.8237883],[4.4445464,45.8240332],[4.4446135,45.8241659],[4.4446349,45.824278],[4.4446295,45.8243659],[4.444592,45.8245079],[4.4444793,45.8247565],[4.4443211,45.82505],[4.4442996,45.8251546],[4.444305,45.8252817],[4.4443372,45.8254014],[4.4444311,45.825549],[4.4445625,45.8256985],[4.4448602,45.8259527],[4.4450828,45.8261882],[4.4451365,45.8262836],[4.445217,45.826491],[4.4452706,45.8267022],[4.4453162,45.8268162],[4.4453028,45.8270424],[4.4452572,45.8273246],[4.4451447,45.8276665],[4.4449943,45.8279208],[4.4447181,45.8283152],[4.444541,45.8285974],[4.4443265,45.8288871],[4.4439967,45.8292103],[4.443908,45.8293114],[4.4438463,45.8294422],[4.4437929,45.8296663],[4.4437498,45.8299374],[4.4437176,45.8301057],[4.4437069,45.8302552],[4.443731,45.8304028],[4.4438034,45.8305878],[4.4438785,45.8307579],[4.4438973,45.8308271],[4.4439241,45.8310513],[4.4439621,45.8311523],[4.4441065,45.8312812],[4.4443184,45.831412],[4.4444928,45.8314718],[4.444643,45.8314999],[4.4448924,45.8315092],[4.4450641,45.8315148],[4.4451499,45.8315298],[4.4452411,45.831569],[4.4456032,45.8318961],[4.4458687,45.8320717],[4.4460136,45.8321502],[4.4461048,45.8321932],[4.446153,45.8322418],[4.4462764,45.8324605],[4.446432,45.8327034],[4.4466653,45.8330174],[4.446727,45.8331276],[4.4468129,45.8334192],[4.4468531,45.8335126],[4.4469577,45.8335799],[4.4470811,45.8336098],[4.447183,45.8336079],[4.4472232,45.8335986],[4.4472688,45.8335593],[4.4472662,45.8334098],[4.4472393,45.8332659],[4.4472407,45.8331715],[4.4472608,45.8331323],[4.447301,45.833094]]}},{"type":"Feature","id":"way/191397434","properties":{"osm_id":191397434,"highway":"track"},"geometry":{"type":"LineString","coordinates":[[4.4393058,45.8123443],[4.4392814,45.8124992],[4.4390775,45.8128694],[4.4387747,45.8132865],[4.4385411,45.8133555],[4.4377793,45.8133106],[4.4374146,45.8133405],[4.437141,45.8134976],[4.4368352,45.8138042],[4.4366915,45.8140455],[4.4365963,45.8140716]]}},{"type":"Feature","id":"way/191397436","properties":{"osm_id":191397436,"highway":"track","name":"Impasse des Roses Sauvages"},"geometry":{"type":"LineString","coordinates":[[4.44276,45.8193732],[4.4421566,45.8193956],[4.4418427,45.81939],[4.441596,45.8193396],[4.4414136,45.8192611],[4.4412929,45.819276]]}},{"type":"Feature","id":"way/191397437","properties":{"osm_id":191397437,"highway":"track"},"geometry":{"type":"LineString","coordinates":[[4.4455147,45.8067241],[4.4456246,45.8068793],[4.4456568,45.807057],[4.445681,45.8071018],[4.4457856,45.8071448],[4.446086,45.8072009],[4.4464512,45.8072552],[4.44655,45.8072196],[4.4466171,45.8071448],[4.446757,45.807042],[4.447065,45.8068214],[4.4476444,45.8064848],[4.4484115,45.8062249],[4.4491088,45.806367],[4.449597,45.806382],[4.4498223,45.8063502],[4.4504392,45.8061801],[4.4508737,45.806094],[4.4510266,45.8060342],[4.4513404,45.8058061],[4.4514263,45.8057145],[4.4515094,45.8055799],[4.4516462,45.8054452],[4.4517374,45.8053985],[4.4520378,45.8053574],[4.4524831,45.8053461]]}},{"type":"Feature","id":"way/191397439","properties":{"osm_id":191397439,"highway":"unclassified","name":"Chemin des Rivières"},"geometry":{"type":"LineString","coordinates":[[4.440762,45.8312736],[4.4409978,45.8311728],[4.4410917,45.8312083],[4.4412017,45.8312849],[4.4412714,45.8313896],[4.441296,45.8314812],[4.4412126,45.8318006],[4.4411856,45.8318867],[4.4411293,45.8319521],[4.4410005,45.8320007],[4.4408074,45.8320119],[4.4407135,45.8320549],[4.4406679,45.8321315],[4.4406036,45.8323371],[4.4406143,45.8324343],[4.4407082,45.8326081],[4.4407779,45.8327483],[4.4408771,45.8328492],[4.4409469,45.8329594],[4.4409361,45.8330211],[4.4408704,45.8331342]]}},{"type":"Feature","id":"way/191397443","properties":{"osm_id":191397443,"highway":"track","name":"Impasse du Carabet","tracktype":"grade3"},"geometry":{"type":"LineString","coordinates":[[4.4431008,45.8188553],[4.4431087,45.8187694],[4.4430953,45.8184759],[4.4430848,45.8182608]]}},{"type":"Feature","id":"way/191397444","properties":{"osm_id":191397444,"highway":"track"},"geometry":{"type":"LineString","coordinates":[[4.4439621,45.8311523],[4.4438437,45.8312233],[4.4435969,45.8313709],[4.4433905,45.8314717],[4.4431999,45.8315298],[4.4431034,45.8315952],[4.4429317,45.8317858],[4.4428673,45.8318232],[4.4427761,45.8318606],[4.4425884,45.831911],[4.4424194,45.8319988],[4.4422907,45.8320549],[4.4421619,45.8320867],[4.4418776,45.8321128],[4.4417086,45.8321334],[4.4415343,45.8321278],[4.4413304,45.832111],[4.4412366,45.8320661],[4.4411293,45.8319521]]}},{"type":"Feature","id":"way/191397449","properties":{"osm_id":191397449,"highway":"track","name":"Impasse des Écureuils"},"geometry":{"type":"LineString","coordinates":[[4.4804263,45.8090231],[4.4804484,45.8089972],[4.4805847,45.8089078],[4.4806947,45.8088199],[4.4809254,45.8085899],[4.4812848,45.8083899],[4.4821719,45.808101],[4.4822542,45.8080703],[4.4823181,45.8080547],[4.4825789,45.8079085]]}},{"type":"Feature","id":"way/191397452","properties":{"osm_id":191397452,"highway":"unclassified","name":"Impasse du Carabet"},"geometry":{"type":"LineString","coordinates":[[4.4425133,45.8187376],[4.4426393,45.8187423],[4.4428043,45.8188152],[4.4429599,45.8189003],[4.4430417,45.8189134]]}},{"type":"Feature","id":"way/191397454","properties":{"osm_id":191397454,"highway":"unclassified","name":"Impasse du Michaud"},"geometry":{"type":"LineString","coordinates":[[4.4440877,45.8231958],[4.4435084,45.8233883],[4.4424839,45.8236667],[4.4424088,45.8236704]]}},{"type":"Feature","id":"way/191397456","properties":{"osm_id":191397456,"highway":"unclassified","name":"Chemin de la Renardière"},"geometry":{"type":"LineString","coordinates":[[4.443554,45.8114207],[4.4434549,45.8113887],[4.4433179,45.8113889],[4.4429773,45.8114095],[4.4426045,45.8114599],[4.4421485,45.8114955],[4.4418508,45.8115385],[4.4412714,45.8116188],[4.4408664,45.8116693],[4.4405849,45.8116916],[4.4402656,45.8116768],[4.4399706,45.8116749],[4.4396998,45.8117066],[4.4393244,45.811866],[4.4392812,45.8118843],[4.4391337,45.8119797],[4.439123,45.8120283],[4.4391391,45.8120918],[4.4393058,45.8123443]]}},{"type":"Feature","id":"way/191397457","properties":{"osm_id":191397457,"highway":"track","name":"Impasse des Combes"},"geometry":{"type":"LineString","coordinates":[[4.4416496,45.8179824],[4.441395,45.8181001],[4.441116,45.8181262],[4.4409926,45.8180739],[4.4406386,45.8178383],[4.4402684,45.8175879],[4.4401129,45.8174682],[4.4400378,45.8172065]]}},{"type":"Feature","id":"way/191397458","properties":{"osm_id":191397458,"highway":"track"},"geometry":{"type":"LineString","coordinates":[[4.4586357,45.8128284],[4.4587274,45.8129105],[4.458722,45.8132695],[4.4584484,45.8139238],[4.4582124,45.8144809],[4.457759,45.815323],[4.457669,45.8154874]]}},{"type":"Feature","id":"way/191397459","properties":{"osm_id":191397459,"highway":"unclassified","name":"Chemin du Petit Pont"},"geometry":{"type":"LineString","coordinates":[[4.4453162,45.8268162],[4.4453779,45.8267546],[4.4454666,45.8266086],[4.4456221,45.8261638],[4.4457723,45.8259171],[4.4457616,45.8258423],[4.445681,45.8257284],[4.4454744,45.8254425],[4.4454503,45.8253528],[4.445453,45.8252481],[4.4455738,45.8250797],[4.4459304,45.8247229],[4.4459707,45.8246341],[4.4459894,45.8245621],[4.4459546,45.8241509],[4.4459787,45.8239079],[4.4460645,45.8236201],[4.4462147,45.8232051],[4.4462925,45.8231191],[4.446432,45.823035],[4.4468182,45.8228519],[4.4470382,45.8227135],[4.4471911,45.8225958],[4.447301,45.8224799],[4.4474472,45.822335],[4.4475183,45.8223098],[4.4475773,45.8223061]]}},{"type":"Feature","id":"way/191397461","properties":{"osm_id":191397461,"highway":"track","name":"Impasse des Cyprès"},"geometry":{"type":"LineString","coordinates":[[4.4443265,45.8288871],[4.4446404,45.8290682],[4.4451071,45.8293336],[4.4454451,45.8294046],[4.445767,45.8293075],[4.4459976,45.8290346],[4.446062,45.8288552],[4.4460191,45.8285973],[4.4459708,45.8284889],[4.4460137,45.8284253],[4.4461586,45.8283094],[4.4465448,45.8280777]]}},{"type":"Feature","id":"way/191397462","properties":{"osm_id":191397462,"highway":"path"},"geometry":{"type":"LineString","coordinates":[[4.4595369,45.8114753],[4.4596984,45.8114785],[4.4601382,45.8114299],[4.4605298,45.8113027],[4.4608571,45.8110111],[4.461136,45.8104016],[4.461316,45.8100372],[4.4615789,45.8097979],[4.4617559,45.8096932],[4.4620227,45.8095288],[4.4625101,45.8094325],[4.4627527,45.809459],[4.4632122,45.8094706],[4.463686,45.8095036],[4.4639723,45.8095283]]}},{"type":"Feature","id":"way/191397464","properties":{"osm_id":191397464,"highway":"track"},"geometry":{"type":"LineString","coordinates":[[4.4665077,45.8061519],[4.4667442,45.8060244],[4.4675189,45.8058177],[4.4670309,45.8055914],[4.4665102,45.8053522],[4.4661923,45.8052359],[4.465924,45.8049591],[4.465511,45.8046974],[4.4650872,45.804559],[4.4648243,45.8043907],[4.4647409,45.8042802],[4.4647355,45.804082],[4.4648106,45.8039399],[4.4647868,45.8037587],[4.4645722,45.8036278],[4.4641699,45.8035007],[4.4638987,45.8033677],[4.4637056,45.8032481],[4.4633706,45.8031492],[4.4630541,45.8030744],[4.4629707,45.8030162],[4.4629075,45.8028958]]}},{"type":"Feature","id":"way/191397467","properties":{"osm_id":191397467,"highway":"unclassified","name":"Chemin du Souzy"},"geometry":{"type":"LineString","coordinates":[[4.4359311,45.8137436],[4.4357648,45.8137651],[4.4356254,45.8138024],[4.435569,45.8138286],[4.4354765,45.8139838],[4.4354416,45.8140455],[4.4353893,45.8140931],[4.4353196,45.8141371],[4.4351788,45.8141885],[4.4350335,45.8142471],[4.434912,45.8143513],[4.4348611,45.8143949],[4.4347832,45.8145222],[4.4347295,45.8146643],[4.4347027,45.8148063],[4.4347027,45.8149652],[4.4347671,45.8154102],[4.4347993,45.8157149],[4.4348368,45.8158233],[4.435038,45.8160981],[4.4350755,45.8161935],[4.4351453,45.8165019],[4.435156,45.8167188],[4.4351345,45.8169636],[4.4351399,45.8171132],[4.4352257,45.8174927],[4.4352365,45.8176852],[4.4352204,45.817788],[4.4350889,45.8179993],[4.4348448,45.8185302],[4.4347054,45.8188218],[4.4347027,45.8190423],[4.4347402,45.8191582],[4.4347939,45.8192349],[4.4349119,45.8193003],[4.4353572,45.8194667],[4.4357595,45.8196031],[4.4359204,45.8196891],[4.4361484,45.8198331],[4.4361886,45.819876],[4.4361779,45.819919],[4.4361189,45.8199714],[4.4357032,45.8200835],[4.4354671,45.8201583],[4.4349065,45.8202406],[4.4346786,45.8202873],[4.4345632,45.8203359],[4.4344613,45.8204181],[4.4342199,45.8206873],[4.434236,45.8208481],[4.4343515,45.8212741],[4.4343837,45.8215134],[4.4343808,45.821764],[4.4344157,45.8218836],[4.4344927,45.8219711],[4.4345096,45.8219902],[4.4347085,45.8221323],[4.4350918,45.8223956],[4.4353169,45.8226369],[4.4354242,45.8228201],[4.4354323,45.8228986],[4.4353142,45.8232276],[4.4348851,45.8241696],[4.434818,45.8243322],[4.4348236,45.8244592],[4.4348368,45.8245416],[4.4348985,45.8246294],[4.4350192,45.8247266]]}},{"type":"Feature","id":"way/191397470","properties":{"osm_id":191397470,"highway":"track","tracktype":"grade3"},"geometry":{"type":"LineString","coordinates":[[4.4354323,45.8228986],[4.4353062,45.8229416],[4.4351828,45.8230014],[4.4349387,45.8230219],[4.4345418,45.8229977],[4.4340938,45.8229341],[4.4338846,45.8229173],[4.4330102,45.8227752],[4.4326642,45.8227808],[4.4325408,45.8227491],[4.4324148,45.8226836],[4.432286,45.8225472],[4.4321626,45.8222799],[4.4320017,45.8220406],[4.4316852,45.8216836],[4.4315296,45.8214911],[4.4314599,45.8214331],[4.4313446,45.8213957],[4.4311354,45.8213714],[4.4303521,45.8213546],[4.4298479,45.8212705],[4.4295663,45.8211827],[4.4293731,45.8210836],[4.4292283,45.8209509]]}},{"type":"Feature","id":"way/191397471","properties":{"osm_id":191397471,"highway":"track"},"geometry":{"type":"LineString","coordinates":[[4.4437498,45.8299374],[4.4436373,45.8298756],[4.4434978,45.8297635],[4.4433744,45.8297336]]}},{"type":"Feature","id":"way/191557958","properties":{"osm_id":191557958,"highway":"unclassified"},"geometry":{"type":"LineString","coordinates":[[4.4516541,45.7933327],[4.4516205,45.7934805]]}},{"type":"Feature","id":"way/191557961","properties":{"osm_id":191557961,"highway":"unclassified","name":"Rue du Futur"},"geometry":{"type":"LineString","coordinates":[[4.4442531,45.791058],[4.4444244,45.7910733],[4.444598,45.7910687],[4.4448549,45.791038],[4.4451661,45.7910109],[4.4453289,45.7910306],[4.4454861,45.7910848],[4.4455193,45.7910987]]}},{"type":"Feature","id":"way/191557968","properties":{"osm_id":191557968,"highway":"track"},"geometry":{"type":"LineString","coordinates":[[4.447992,45.7943064],[4.4479178,45.794265],[4.4475715,45.7941182],[4.4473825,45.7940548]]}},{"type":"Feature","id":"way/191557976","properties":{"osm_id":191557976,"highway":"unclassified","name":"Route de l'Étang"},"geometry":{"type":"LineString","coordinates":[[4.4597934,45.7891647],[4.4602078,45.7892536],[4.4606951,45.7893206],[4.460967,45.7893547],[4.4613357,45.789349],[4.4616944,45.7893789],[4.4618386,45.7894303],[4.4619755,45.789537],[4.4621283,45.7896454],[4.462308,45.7897202],[4.4624032,45.7897819],[4.4627882,45.790113],[4.4629276,45.7901962],[4.463063,45.7902663],[4.4634714,45.790416],[4.4637001,45.7904608],[4.4639556,45.7904656],[4.4642814,45.7904534],[4.4644316,45.7904721],[4.4645293,45.7905147]]}},{"type":"Feature","id":"way/191557978","properties":{"osm_id":191557978,"highway":"service","service":"parking_aisle"},"geometry":{"type":"LineString","coordinates":[[4.4455663,45.7910614],[4.4457004,45.7910427],[4.4458667,45.7911212],[4.4461081,45.7912821],[4.4462998,45.7914467],[4.4462959,45.7914934],[4.4462429,45.7915231],[4.446151,45.791499],[4.4459579,45.7913756],[4.4455193,45.7910987],[4.4455663,45.7910614]]}},{"type":"Feature","id":"way/191557979","properties":{"osm_id":191557979,"highway":"unclassified","name":"Rue de l'Industrie"},"geometry":{"type":"LineString","coordinates":[[4.4448417,45.7934163],[4.4449895,45.7933292],[4.4452358,45.7931841],[4.4453249,45.7931429]]}},{"type":"Feature","id":"way/191557980","properties":{"osm_id":191557980,"highway":"service","service":"parking_aisle"},"geometry":{"type":"LineString","coordinates":[[4.4453249,45.7931429],[4.4452605,45.7930064],[4.4452283,45.7929129],[4.4452423,45.7928351],[4.4452551,45.7927633],[4.4452766,45.7927259],[4.445282,45.792666],[4.4452391,45.7926361],[4.4451532,45.7926361],[4.4451264,45.7927034],[4.4451747,45.792767],[4.4452423,45.7928351]]}},{"type":"Feature","id":"way/191557982","properties":{"osm_id":191557982,"highway":"unclassified","name":"Rue de la Dechetterie"},"geometry":{"type":"LineString","coordinates":[[4.444598,45.7910687],[4.4445988,45.7909903],[4.4445894,45.7909061],[4.4444848,45.7907341],[4.4444312,45.7905732],[4.4443883,45.7903151],[4.4443883,45.7902104],[4.4444364,45.7901513],[4.444525,45.7901281],[4.444918,45.79013],[4.4450031,45.7901071],[4.445062,45.7900402],[4.4451554,45.7898775],[4.4452895,45.7897354],[4.4453772,45.7896738],[4.4454268,45.7895999],[4.4454139,45.789522],[4.4453858,45.7894623],[4.4452787,45.7893057],[4.4452519,45.7891743],[4.4452305,45.7890162]]}},{"type":"Feature","id":"way/191557983","properties":{"osm_id":191557983,"highway":"unclassified"},"geometry":{"type":"LineString","coordinates":[[4.457139,45.789344],[4.4568924,45.7893389],[4.4565292,45.7893266],[4.4565107,45.7894318],[4.4564957,45.7894794],[4.4564211,45.7895055],[4.456373,45.7895497],[4.4563556,45.7895965],[4.4563382,45.7896716],[4.4562824,45.7897367]]}},{"type":"Feature","id":"way/191557986","properties":{"osm_id":191557986,"highway":"track"},"geometry":{"type":"LineString","coordinates":[[4.4553887,45.7892657],[4.455031,45.7895633],[4.4547896,45.7897952],[4.4545321,45.789971],[4.4539635,45.7902927],[4.453636,45.7904872],[4.4535437,45.7905349],[4.4531953,45.7907515],[4.4530032,45.7908837],[4.4526867,45.7912054],[4.4523327,45.7916131],[4.4519786,45.7920657],[4.4516943,45.792436],[4.4514678,45.7926584],[4.4513384,45.7928306],[4.4512008,45.7931467],[4.4510989,45.7933449],[4.4509743,45.7934635],[4.4507744,45.7935787]]}},{"type":"Feature","id":"way/191557988","properties":{"osm_id":191557988,"highway":"service"},"geometry":{"type":"LineString","coordinates":[[4.4503715,45.7945917],[4.4504627,45.7946549],[4.4506785,45.7947166],[4.4507805,45.7948232],[4.4507818,45.794956],[4.4506928,45.7951656],[4.4506121,45.7952487],[4.4501434,45.795425]]}},{"type":"Feature","id":"way/191557989","properties":{"osm_id":191557989,"highway":"track","name":"Chemin de la croix de fer","surface":"ground","tracktype":"grade4"},"geometry":{"type":"LineString","coordinates":[[4.4438325,45.7848719],[4.4441093,45.7847415],[4.4446565,45.784719],[4.445386,45.7846143],[4.4457079,45.7845769],[4.4459547,45.7845918],[4.4463012,45.7847433],[4.4468232,45.7847789],[4.4479926,45.7848462],[4.4487574,45.7848592]]}},{"type":"Feature","id":"way/191557993","properties":{"osm_id":191557993,"highway":"service","service":"parking_aisle"},"geometry":{"type":"LineString","coordinates":[[4.4436958,45.7924251],[4.4440213,45.7924977],[4.4443982,45.7922125]]}},{"type":"Feature","id":"way/191557994","properties":{"osm_id":191557994,"highway":"unclassified","name":"Chemin de la Guillonat"},"geometry":{"type":"LineString","coordinates":[[4.4553887,45.7892657],[4.4557324,45.7894352],[4.4560838,45.7896166],[4.4562824,45.7897367],[4.4563574,45.7897812],[4.4564502,45.7898238],[4.4564989,45.7898461],[4.4568103,45.7899605],[4.4569469,45.790116],[4.4569998,45.7902245],[4.4569784,45.7903262],[4.45693,45.7904357],[4.456852,45.7905632],[4.4567691,45.7907004],[4.4567047,45.7909398],[4.4567959,45.7912203],[4.4570266,45.7915458],[4.4572036,45.7917477],[4.4574341,45.7918784]]}},{"type":"Feature","id":"way/191558000","properties":{"osm_id":191558000,"highway":"unclassified","name":"Chemin de la Guillonat"},"geometry":{"type":"LineString","coordinates":[[4.4486367,45.77629],[4.4486401,45.7764285],[4.4487527,45.776595],[4.4490578,45.7767446],[4.4492919,45.7768569],[4.449485,45.7770609],[4.4495145,45.7772404],[4.4495091,45.7775959],[4.4495359,45.7777998],[4.4496728,45.7781982],[4.449766,45.7783515],[4.4499195,45.7784937],[4.4500744,45.7785778],[4.4502869,45.7786322],[4.450584,45.7786172],[4.4510078,45.7785405],[4.4516489,45.7784189],[4.4522101,45.7782469],[4.4527378,45.7781794],[4.4532126,45.7781439],[4.4534171,45.7781964],[4.4536263,45.7783965],[4.453747,45.7786247],[4.4537303,45.7788398],[4.45369,45.7791746],[4.4535505,45.7794571],[4.4534298,45.7795487],[4.4532401,45.7795788],[4.4528988,45.7796067],[4.4526037,45.779762],[4.4522121,45.7800501],[4.4516737,45.780327],[4.4510943,45.7805721],[4.4505465,45.7808488],[4.4502729,45.7810303],[4.4499946,45.7812904],[4.4489264,45.7818683],[4.4483792,45.7821545],[4.4478723,45.7824163],[4.4476235,45.7825362],[4.4474331,45.782611],[4.4473017,45.7827438],[4.4472185,45.7829776],[4.4472205,45.7831047],[4.4473795,45.7832657],[4.4477083,45.7835131],[4.4479649,45.7837021],[4.4482966,45.7839625],[4.4485199,45.7840944],[4.4487192,45.7842144],[4.4488708,45.7843805],[4.4488969,45.7845655],[4.4488835,45.7847489],[4.4487574,45.7848592]]}},{"type":"Feature","id":"way/191558003","properties":{"osm_id":191558003,"highway":"track"},"geometry":{"type":"LineString","coordinates":[[4.4441763,45.7878541],[4.4442944,45.7878754],[4.4448094,45.7878033],[4.4450924,45.7877585],[4.4454295,45.7877912],[4.4456167,45.787792],[4.4457869,45.7877554],[4.4460511,45.7876544],[4.4462188,45.7876273],[4.4464025,45.787647],[4.4465621,45.7877115],[4.4467847,45.7878228],[4.4470932,45.7879724]]}},{"type":"Feature","id":"way/191558004","properties":{"osm_id":191558004,"highway":"service"},"geometry":{"type":"LineString","coordinates":[[4.444598,45.7910687],[4.4445907,45.791208],[4.4445063,45.7913475],[4.4443807,45.7914953],[4.4442663,45.7918039]]}},{"type":"Feature","id":"way/191558006","properties":{"osm_id":191558006,"highway":"unclassified"},"geometry":{"type":"LineString","coordinates":[[4.4571658,45.7889185],[4.4571534,45.789019],[4.4571435,45.7892838],[4.457139,45.789344],[4.4571372,45.7893794],[4.4571078,45.7895103],[4.4570105,45.789683],[4.4569566,45.7898268],[4.4568846,45.7899269],[4.4568103,45.7899605]]}},{"type":"Feature","id":"way/191608307","properties":{"osm_id":191608307,"highway":"track","surface":"ground","tracktype":"grade4"},"geometry":{"type":"LineString","coordinates":[[4.463472,45.783808],[4.463523,45.7836733],[4.4636605,45.7835649],[4.4637805,45.7834526],[4.4639823,45.7831759],[4.4640697,45.7830056],[4.4641024,45.782942],[4.4641571,45.7828625],[4.4642633,45.7827082],[4.4643209,45.7825963],[4.4643894,45.7824631],[4.4644591,45.782263],[4.4645027,45.7821359],[4.4645127,45.7819375],[4.4644195,45.7817842],[4.4642016,45.7816251],[4.463992,45.7814949]]}},{"type":"Feature","id":"way/191608308","properties":{"osm_id":191608308,"highway":"track","surface":"ground","tracktype":"grade4"},"geometry":{"type":"LineString","coordinates":[[4.4631506,45.7795578],[4.4627772,45.7793281],[4.4625412,45.7792571],[4.4622676,45.7791822],[4.4620771,45.7790999],[4.4619565,45.7789877],[4.4618371,45.778736],[4.4619149,45.7784667],[4.4619028,45.7782132],[4.4618921,45.7780729],[4.4618009,45.7779326],[4.4614764,45.7775603]]}},{"type":"Feature","id":"way/191608310","properties":{"osm_id":191608310,"highway":"track"},"geometry":{"type":"LineString","coordinates":[[4.446725,45.7897634],[4.4468155,45.7899671],[4.4469127,45.7900851],[4.4470395,45.7901775],[4.4471507,45.7902104],[4.4474564,45.7902029],[4.4478641,45.7901281],[4.4484168,45.7899951],[4.4488125,45.7899961],[4.4489746,45.7899785],[4.4498022,45.7897501],[4.4500878,45.7896389],[4.4502206,45.7896043]]}},{"type":"Feature","id":"way/191608311","properties":{"osm_id":191608311,"highway":"track","surface":"ground","tracktype":"grade4"},"geometry":{"type":"LineString","coordinates":[[4.4610169,45.7771907],[4.4610016,45.7770421],[4.4609962,45.7769075],[4.4610499,45.7767765],[4.4612162,45.7764959],[4.4614039,45.7762003],[4.461699,45.775785],[4.4619404,45.7753884],[4.4620478,45.7751974],[4.462112,45.7749824],[4.4621764,45.7747224],[4.4622086,45.7744979],[4.462171,45.7743221],[4.4620933,45.7741294],[4.4619618,45.7739142],[4.4619406,45.7738551],[4.4619135,45.7737795],[4.4618654,45.7735904],[4.4618921,45.7732071],[4.4619271,45.7730778],[4.462017,45.772929],[4.4622837,45.7726608],[4.4627217,45.7722959],[4.4632922,45.7718423]]}},{"type":"Feature","id":"way/191608312","properties":{"osm_id":191608312,"highway":"track","name":"Chemin du Versant"},"geometry":{"type":"LineString","coordinates":[[4.4599749,45.7946566],[4.4599611,45.7945351],[4.4598858,45.7943623],[4.4597088,45.7941528],[4.4594727,45.7939882],[4.4591576,45.7937843],[4.4589022,45.7936815],[4.4587225,45.7935394],[4.458634,45.7934665]]}},{"type":"Feature","id":"way/191608313","properties":{"osm_id":191608313,"highway":"track"},"geometry":{"type":"LineString","coordinates":[[4.4637537,45.7717513],[4.4638205,45.7719349],[4.4641076,45.7719704],[4.4644348,45.7719761],[4.4650839,45.7720359],[4.4658135,45.7720172],[4.4659637,45.7720134],[4.466071,45.7722529],[4.4661549,45.7725504],[4.4661442,45.7727375],[4.4661281,45.7730106],[4.4659798,45.7732931],[4.4658813,45.773497],[4.4659893,45.7736764]]}},{"type":"Feature","id":"way/191608319","properties":{"osm_id":191608319,"highway":"unclassified","name":"Chemin Perret","surface":"asphalt"},"geometry":{"type":"LineString","coordinates":[[4.4631506,45.7795578],[4.4632597,45.7795563],[4.4634459,45.779648],[4.4636352,45.7798706],[4.4637533,45.7800502],[4.4638429,45.7802615],[4.4638713,45.780746],[4.463882,45.7809705],[4.4638713,45.7812099],[4.4638391,45.7813745],[4.4639122,45.781452],[4.463992,45.7814949]]}},{"type":"Feature","id":"way/191608322","properties":{"osm_id":191608322,"highway":"track","name":"Chemin des Alpines","surface":"asphalt"},"geometry":{"type":"LineString","coordinates":[[4.4606344,45.7768636],[4.4607548,45.7769898],[4.4609305,45.7771469],[4.4610169,45.7771907]]}},{"type":"Feature","id":"way/191608323","properties":{"osm_id":191608323,"highway":"track","surface":"ground","tracktype":"grade4"},"geometry":{"type":"LineString","coordinates":[[4.460626,45.7864558],[4.4603821,45.7864846],[4.4600093,45.7864865],[4.459725,45.7864996],[4.4594118,45.786481],[4.459216,45.7864797],[4.4587567,45.7864771],[4.4584295,45.7864435],[4.4581559,45.786421],[4.4579715,45.7864118],[4.457804,45.7864164]]}},{"type":"Feature","id":"way/191608324","properties":{"osm_id":191608324,"highway":"service","name":"Impasse du Séquoia","source":"BDOrtho IGN 2020"},"geometry":{"type":"LineString","coordinates":[[4.4568308,45.7942819],[4.4566671,45.7941154],[4.4564109,45.7938535],[4.4561361,45.793603],[4.4560221,45.7935338]]}},{"type":"Feature","id":"way/191608325","properties":{"osm_id":191608325,"highway":"unclassified","name":"Chemin des Arcades"},"geometry":{"type":"LineString","coordinates":[[4.4586466,45.7933215],[4.4586521,45.793376],[4.458634,45.7934665],[4.458575,45.7935226],[4.4585361,45.7935846],[4.4585165,45.7936936],[4.4585254,45.7938826],[4.4585152,45.7940134],[4.4584683,45.7941519],[4.4583623,45.7943884],[4.4582847,45.7945958],[4.4581933,45.7947494],[4.4579948,45.7949589],[4.4576381,45.7952337],[4.4573229,45.7954759],[4.4570788,45.7957003],[4.4569924,45.7958898]]}},{"type":"Feature","id":"way/191608327","properties":{"osm_id":191608327,"highway":"path"},"geometry":{"type":"LineString","coordinates":[[4.4540639,45.7951444],[4.4540976,45.7952225],[4.4541459,45.7953534],[4.4541512,45.795589],[4.4541512,45.7958621],[4.4543122,45.7961763],[4.4544302,45.7963932],[4.4545804,45.7964867],[4.4548896,45.7964923],[4.4554207,45.7964325],[4.4557855,45.7963651],[4.4558464,45.7963595],[4.455894,45.7963662],[4.4559242,45.7964327],[4.4559676,45.7965497],[4.455993,45.7966094],[4.4560397,45.796655]]}},{"type":"Feature","id":"way/191608328","properties":{"osm_id":191608328,"highway":"track","name":"Chemin de la Ruine","surface":"ground","tracktype":"grade4"},"geometry":{"type":"LineString","coordinates":[[4.4606298,45.7864112],[4.4609052,45.7861439],[4.4611402,45.7859405],[4.4614278,45.7857067],[4.462265,45.785151],[4.4625178,45.7850202],[4.4627995,45.7848443],[4.46289,45.7847638],[4.462941,45.7846348],[4.4629705,45.7844907],[4.4629758,45.7844346],[4.4630012,45.7843798],[4.4631192,45.7843352],[4.4632581,45.7842963],[4.463319,45.7842475],[4.4633286,45.7841269]]}},{"type":"Feature","id":"way/191608337","properties":{"osm_id":191608337,"highway":"track","name":"Chemin du Plat"},"geometry":{"type":"LineString","coordinates":[[4.4516205,45.7934805],[4.4517158,45.7935114],[4.4518138,45.7935635],[4.4518553,45.7936292],[4.4520421,45.793947],[4.4522253,45.7942199],[4.452322,45.7943847],[4.4525668,45.7947718],[4.4527814,45.794899],[4.4530228,45.7950261],[4.4532696,45.7950972],[4.4536309,45.7951253],[4.4539796,45.7951514],[4.4540639,45.7951444],[4.4546072,45.7950991],[4.4551705,45.7950392],[4.4558786,45.7947438],[4.4567261,45.7943211],[4.4568308,45.7942819],[4.4570427,45.7942248],[4.4572894,45.7941172],[4.4574879,45.7940032],[4.4577508,45.7938274],[4.4578936,45.7936516],[4.4579289,45.7935575]]}},{"type":"Feature","id":"way/191608338","properties":{"osm_id":191608338,"highway":"track","source":"BDOrtho IGN 2020"},"geometry":{"type":"LineString","coordinates":[[4.4450031,45.7901071],[4.4451231,45.7901235],[4.4455038,45.7902889],[4.4456875,45.7903273],[4.4457935,45.7903002],[4.445937,45.790289],[4.4461604,45.7903722],[4.4462963,45.7903694]]}},{"type":"Feature","id":"way/191608340","properties":{"osm_id":191608340,"highway":"track"},"geometry":{"type":"LineString","coordinates":[[4.4572036,45.7888788],[4.4572225,45.7887403],[4.4572359,45.7885439],[4.4572654,45.7883755],[4.4573754,45.7882727],[4.4574672,45.788168],[4.4576892,45.7880744],[4.4579923,45.7880183],[4.4582042,45.7879753],[4.4586387,45.787835],[4.4588533,45.7877639],[4.459143,45.7876499],[4.4594085,45.7875152],[4.4598678,45.7872403],[4.4602326,45.7870383],[4.4604653,45.7867521],[4.4605055,45.7866436],[4.4605323,45.7866118],[4.4606073,45.7865315]]}},{"type":"Feature","id":"way/191608342","properties":{"osm_id":191608342,"highway":"track"},"geometry":{"type":"LineString","coordinates":[[4.4515055,45.7895794],[4.451528,45.7897915],[4.4515709,45.7898999],[4.4516031,45.7900271],[4.4516836,45.7901169],[4.4518373,45.7901524],[4.452257,45.7901843],[4.4526541,45.7902188],[4.4527981,45.7902375],[4.4529214,45.7903563],[4.4531953,45.7907515]]}},{"type":"Feature","id":"way/191631901","properties":{"osm_id":191631901,"highway":"track"},"geometry":{"type":"LineString","coordinates":[[4.4709118,45.7748971],[4.4707005,45.7750517],[4.470443,45.7752647],[4.4702499,45.7753658],[4.4700911,45.7754913],[4.4696888,45.7758617],[4.4693207,45.7759901]]}},{"type":"Feature","id":"way/191631906","properties":{"osm_id":191631906,"highway":"service","name":"Impasse du Pré Rond"},"geometry":{"type":"LineString","coordinates":[[4.4713939,45.7804456],[4.4713175,45.7804989],[4.471229,45.7805345],[4.471017,45.7805363],[4.4705886,45.7805134],[4.4705087,45.7804723]]}},{"type":"Feature","id":"way/191631921","properties":{"osm_id":191631921,"highway":"unclassified","surface":"asphalt"},"geometry":{"type":"LineString","coordinates":[[4.4610577,45.7697174],[4.4614481,45.769527],[4.4616735,45.7691793],[4.461816,45.7689172],[4.461852,45.7685595],[4.4619732,45.7681877]]}},{"type":"Feature","id":"way/191631931","properties":{"osm_id":191631931,"highway":"track","name":"Impasse des Poiriers"},"geometry":{"type":"LineString","coordinates":[[4.4691703,45.7819935],[4.4690992,45.7819673],[4.4688284,45.7819935],[4.4686907,45.7819787],[4.468367,45.7818233],[4.4680988,45.7816923],[4.4677394,45.7816063]]}},{"type":"Feature","id":"way/191631939","properties":{"osm_id":191631939,"highway":"track"},"geometry":{"type":"LineString","coordinates":[[4.470026,45.7824481],[4.4703036,45.7825341],[4.470604,45.782564],[4.4710492,45.7825453],[4.4716876,45.7824443],[4.4722938,45.7823021]]}},{"type":"Feature","id":"way/191631949","properties":{"osm_id":191631949,"highway":"unclassified","name":"Impasse du Prou"},"geometry":{"type":"LineString","coordinates":[[4.4610577,45.7697174],[4.4608246,45.7696561],[4.460712,45.7696448],[4.4605403,45.7695812],[4.4601247,45.7694772],[4.459886,45.7694697],[4.459438,45.7694903],[4.4588949,45.7695829],[4.458797,45.769582],[4.4585826,45.7695363],[4.4582659,45.7694295],[4.4581103,45.769336],[4.4580634,45.7692649],[4.458054,45.7691844],[4.4580701,45.7690516],[4.4580408,45.7689264],[4.4579065,45.7687691],[4.4577886,45.7687505],[4.4574418,45.7687449],[4.4569275,45.7687223]]}},{"type":"Feature","id":"way/191631959","properties":{"osm_id":191631959,"highway":"unclassified","name":"Chemin de la Beauverdière"},"geometry":{"type":"LineString","coordinates":[[4.4711186,45.7797555],[4.4714409,45.7797619],[4.4716769,45.7797451],[4.471862,45.7796908],[4.4723636,45.7793897],[4.4726104,45.7792063],[4.4727712,45.7789725],[4.4728517,45.7787779],[4.4729268,45.7785909],[4.4728731,45.7783926],[4.4727658,45.778198],[4.4727229,45.7780671],[4.4727551,45.7780334],[4.472951,45.7779006],[4.4731252,45.7777453],[4.4731521,45.7775358],[4.473195,45.7772926],[4.4732164,45.7771542],[4.4733827,45.776926],[4.4736724,45.7767202],[4.4740747,45.7764695],[4.4744342,45.7763086],[4.474815,45.7762039],[4.4751959,45.7760804],[4.4750941,45.7758802],[4.475027,45.7757643],[4.4748527,45.7755734],[4.4747785,45.7754942],[4.4747347,45.7754475],[4.4745588,45.7752598],[4.4741392,45.774812],[4.4737959,45.7744341],[4.4735947,45.774335],[4.4723019,45.7738617],[4.4721718,45.7738327]]}},{"type":"Feature","id":"way/191631975","properties":{"osm_id":191631975,"highway":"track"},"geometry":{"type":"LineString","coordinates":[[4.4569275,45.7687223],[4.4567451,45.7685913],[4.4566995,45.7684716],[4.4567531,45.7681947],[4.4569275,45.7680375],[4.457161,45.7678562],[4.457397,45.7677327],[4.4576706,45.7675231],[4.4578173,45.7673379],[4.4579246,45.7672182],[4.4581821,45.7671246],[4.458327,45.767031],[4.4583787,45.7669057],[4.4583573,45.7667822],[4.4582875,45.766625],[4.4581695,45.7664903],[4.4580408,45.7663294],[4.457912,45.7662022],[4.4577208,45.7660132]]}},{"type":"Feature","id":"way/191631976","properties":{"osm_id":191631976,"highway":"service","name":"Impasse du Moulin"},"geometry":{"type":"LineString","coordinates":[[4.4717364,45.7749179],[4.4715749,45.7749244],[4.4712584,45.7749095],[4.4709118,45.7748971],[4.4706134,45.774887]]}},{"type":"Feature","id":"way/191631977","properties":{"osm_id":191631977,"highway":"track","source":"BDOrtho IGN 2026"},"geometry":{"type":"LineString","coordinates":[[4.4675677,45.7765107],[4.4676482,45.7764358],[4.4678306,45.7764283],[4.4680183,45.7764471],[4.4682597,45.7764358],[4.4685279,45.7763049],[4.4686674,45.7762001],[4.4688069,45.7761403],[4.4690912,45.7761103],[4.4692521,45.7760766],[4.4693207,45.7759901],[4.4693648,45.7759345],[4.4697216,45.7754462],[4.4697054,45.7750928],[4.4697799,45.7748159],[4.4698578,45.7746569],[4.4699925,45.7745744],[4.4702038,45.7744792],[4.4703626,45.7744343],[4.47059,45.7744811],[4.4706737,45.7745924],[4.4706134,45.774887]]}},{"type":"Feature","id":"way/191632006","properties":{"osm_id":191632006,"highway":"unclassified","name":"Impasse des Geais"},"geometry":{"type":"LineString","coordinates":[[4.4711186,45.7797555],[4.4706443,45.7797413],[4.4701534,45.7797226],[4.4699791,45.7796609],[4.4694722,45.7793953],[4.4684637,45.7788977],[4.4683389,45.7788621],[4.4682458,45.7789521],[4.4681707,45.7791616],[4.4681009,45.7793412]]}},{"type":"Feature","id":"way/191632008","properties":{"osm_id":191632008,"highway":"service","name":"Impasse du Porche"},"geometry":{"type":"LineString","coordinates":[[4.4715107,45.7805541],[4.4716232,45.7805139],[4.4717144,45.780469],[4.4717251,45.7804054],[4.4716393,45.7802071]]}},{"type":"Feature","id":"way/191632015","properties":{"osm_id":191632015,"highway":"unclassified","name":"Impasse des Chevreuils"},"geometry":{"type":"LineString","coordinates":[[4.4751959,45.7760804],[4.4752684,45.7761805],[4.4754025,45.7764087],[4.4754495,45.7764536],[4.4755701,45.7765088],[4.4756734,45.7765518],[4.4757311,45.7766108],[4.4758692,45.7769578],[4.4759993,45.7774077],[4.4760758,45.777577],[4.4761401,45.7776556],[4.4765934,45.7778894],[4.4767383,45.7779586],[4.4767624,45.7780241],[4.4767047,45.778068],[4.4764861,45.7781373]]}},{"type":"Feature","id":"way/191674472","properties":{"osm_id":191674472,"highway":"track"},"geometry":{"type":"LineString","coordinates":[[4.4694447,45.7886773],[4.4694304,45.7884748],[4.4694142,45.7882658],[4.4694057,45.7880622],[4.4694333,45.7879878],[4.4693974,45.7878757],[4.4692297,45.7875409],[4.4690863,45.787352],[4.4688985,45.7870248],[4.4687939,45.7866899],[4.4687939,45.786473],[4.4687939,45.7863533],[4.4690192,45.7861961],[4.469271,45.7861352]]}},{"type":"Feature","id":"way/191674476","properties":{"osm_id":191674476,"highway":"track","surface":"ground","tracktype":"grade4"},"geometry":{"type":"LineString","coordinates":[[4.4583911,45.771468],[4.4583467,45.7713852],[4.4583705,45.7712845],[4.4584689,45.7711223],[4.4585171,45.7710428],[4.4587702,45.7706101],[4.4590921,45.7702472],[4.4592852,45.7700376],[4.4594716,45.7698954],[4.459732,45.7697641],[4.4598833,45.7697438],[4.4601264,45.7697454],[4.4604415,45.7697557],[4.4608811,45.7697991],[4.4610947,45.7697847]]}},{"type":"Feature","id":"way/191674479","properties":{"osm_id":191674479,"highway":"track"},"geometry":{"type":"LineString","coordinates":[[4.4637035,45.7875159],[4.463845,45.7874719],[4.4640971,45.7874495],[4.4644518,45.7873861],[4.4648349,45.7873069],[4.4652451,45.7871989],[4.4657279,45.7871053]]}},{"type":"Feature","id":"way/191704617","properties":{"osm_id":191704617,"highway":"track"},"geometry":{"type":"LineString","coordinates":[[4.4755701,45.7765088],[4.4758749,45.7764318],[4.4761453,45.7763496],[4.4765079,45.7763046],[4.4769178,45.7763122],[4.4775111,45.7763981],[4.4777493,45.7764656],[4.4778941,45.7765479],[4.4780046,45.7765777],[4.4783286,45.7769632],[4.4785164,45.7770381],[4.4787095,45.777053],[4.4790078,45.7769593],[4.4792009,45.776862],[4.4793264,45.7766564],[4.4794122,45.7765068],[4.4796322,45.7763235],[4.479895,45.7761439],[4.4801237,45.7760683],[4.4805735,45.776063]]}},{"type":"Feature","id":"way/191704618","properties":{"osm_id":191704618,"highway":"service","service":"driveway","source":"BDOrtho IGN 2026"},"geometry":{"type":"LineString","coordinates":[[4.4778034,45.781936],[4.4775924,45.7818269],[4.4774703,45.7817474],[4.4774059,45.7816548],[4.4773952,45.7814902]]}},{"type":"Feature","id":"way/191704632","properties":{"osm_id":191704632,"highway":"track","name":"Impasse le Crêt du Vernay"},"geometry":{"type":"LineString","coordinates":[[4.4798899,45.7803755],[4.4793479,45.7802706],[4.4784198,45.780106],[4.4775454,45.7799413],[4.4774113,45.7799526],[4.4772557,45.7799526],[4.4770894,45.7799039],[4.4765584,45.7795298]]}},{"type":"Feature","id":"way/192072402","properties":{"osm_id":192072402,"highway":"track","name":"Chemin du Plateau"},"geometry":{"type":"LineString","coordinates":[[4.48004,45.7869037],[4.4802546,45.7869972],[4.4808178,45.7873002],[4.4810861,45.7874311],[4.4813597,45.7875209],[4.4816754,45.7875781],[4.4821643,45.7875807],[4.4828134,45.787562],[4.4836127,45.7874685],[4.4841867,45.7874124],[4.4847223,45.7873649],[4.4849109,45.7873713],[4.4850866,45.7873563],[4.4852588,45.7873537],[4.4855372,45.7873965],[4.4856981,45.7874171],[4.4858328,45.7873836],[4.4860474,45.7873013],[4.4863263,45.7872115],[4.4865248,45.7871442],[4.4867603,45.7871205]]}},{"type":"Feature","id":"way/192072403","properties":{"osm_id":192072403,"highway":"track"},"geometry":{"type":"LineString","coordinates":[[4.4727065,45.7861864],[4.4731629,45.7861834],[4.474512,45.7862489],[4.4749975,45.7863274],[4.4754236,45.7863846],[4.4757584,45.7864129],[4.4760722,45.7865401],[4.4763279,45.7866809],[4.4767168,45.7868418],[4.4769877,45.7869521],[4.477264,45.7870045],[4.4776145,45.7870208],[4.4782153,45.7868562],[4.4789135,45.7866231],[4.4792284,45.7865388]]}},{"type":"Feature","id":"way/192072437","properties":{"osm_id":192072437,"highway":"track","name":"Chemin des Bois"},"geometry":{"type":"LineString","coordinates":[[4.4799542,45.78378],[4.4799944,45.7838492],[4.4800722,45.7839128],[4.4801787,45.7839682],[4.4803933,45.7840206],[4.4806695,45.7840898],[4.4807849,45.7841216],[4.4808339,45.7841615],[4.4808715,45.784285],[4.4808903,45.784472],[4.4808868,45.7847519],[4.4808983,45.7849527],[4.4809439,45.7851435],[4.4809734,45.7852614],[4.480952,45.7853698],[4.4808742,45.7856429],[4.4808192,45.7857486],[4.4806998,45.7859235],[4.4805872,45.786075],[4.4804692,45.7861703]]}},{"type":"Feature","id":"way/225060107","properties":{"osm_id":225060107,"bridge":"yes","highway":"unclassified","layer":"1"},"geometry":{"type":"LineString","coordinates":[[4.4962535,45.7888126],[4.4961769,45.7888138]]}},{"type":"Feature","id":"way/225060108","properties":{"osm_id":225060108,"highway":"unclassified"},"geometry":{"type":"LineString","coordinates":[[4.4961769,45.7888138],[4.4958349,45.78883],[4.495499,45.7888243]]}},{"type":"Feature","id":"way/311547288","properties":{"osm_id":311547288,"highway":"unclassified","name":"Chemin du Pionnier du Bas","surface":"asphalt"},"geometry":{"type":"LineString","coordinates":[[4.4579584,45.8188062],[4.4580691,45.8184947],[4.4581354,45.818354],[4.4582391,45.8181337],[4.4584684,45.817774],[4.4588278,45.8174272],[4.459291,45.8170231],[4.4594848,45.8168632],[4.4596311,45.8166345],[4.4597181,45.816425],[4.4597959,45.8161384],[4.4598288,45.8160172],[4.4599039,45.8158049],[4.4600225,45.8156478],[4.4601847,45.8155514],[4.4608292,45.8153033],[4.4609004,45.8152427],[4.4611021,45.8149533],[4.461276,45.8146088],[4.4613422,45.8144535],[4.4613947,45.8143305],[4.4614105,45.8142202],[4.4614065,45.8140576],[4.4614303,45.8138729],[4.4615291,45.8137186],[4.4616082,45.8136276],[4.4619127,45.8135119],[4.4621381,45.8134402],[4.4622053,45.8133603],[4.4623318,45.8130048]]}},{"type":"Feature","id":"way/311547289","properties":{"osm_id":311547289,"highway":"unclassified","name":"Chemin du Pavillon","surface":"asphalt"},"geometry":{"type":"LineString","coordinates":[[4.4547535,45.8237341],[4.4547294,45.8238434],[4.4545182,45.8244444],[4.4543877,45.8247806],[4.4543877,45.8250837],[4.4544905,45.8256816],[4.4545142,45.8261501],[4.4544391,45.8265772],[4.4543995,45.8269492]]}},{"type":"Feature","id":"way/311547290","properties":{"osm_id":311547290,"highway":"unclassified","name":"Chemin du Vallon","surface":"asphalt"},"geometry":{"type":"LineString","coordinates":[[4.4579584,45.8188062],[4.4584289,45.8187931],[4.4588262,45.8187386],[4.459002,45.8186705],[4.4594645,45.81838],[4.4596925,45.8182756],[4.4600116,45.8182574],[4.4604806,45.8182484],[4.460663,45.8182075],[4.4611775,45.8180123],[4.4616465,45.8178716],[4.4619461,45.8176809],[4.4624737,45.8172542],[4.4627798,45.817],[4.4631569,45.8168221],[4.4634743,45.8166724],[4.4638022,45.8166252],[4.4638777,45.8166306]]}},{"type":"Feature","id":"way/311547291","properties":{"osm_id":311547291,"highway":"residential","name":"Impasse de la Madone","surface":"asphalt"},"geometry":{"type":"LineString","coordinates":[[4.4515193,45.8224771],[4.4514997,45.8225471],[4.4512743,45.8227152],[4.4511991,45.8228069],[4.4511873,45.8228227],[4.4510616,45.8231202],[4.4509698,45.8235254]]}},{"type":"Feature","id":"way/311547292","properties":{"osm_id":311547292,"highway":"unclassified","name":"Chemin des Blanches","surface":"asphalt"},"geometry":{"type":"LineString","coordinates":[[4.4507745,45.8238603],[4.4509596,45.8238416],[4.4511366,45.8237734],[4.4514129,45.8235846],[4.4518259,45.823422],[4.4523731,45.8232294],[4.4528049,45.8231547],[4.453277,45.8231341]]}},{"type":"Feature","id":"way/311547293","properties":{"osm_id":311547293,"highway":"track","name":"Chemin des Blanches"},"geometry":{"type":"LineString","coordinates":[[4.453277,45.8231341],[4.4535157,45.8231472],[4.4536498,45.8231846],[4.4538188,45.823278],[4.4542158,45.8234668],[4.4545886,45.823622],[4.4547535,45.8237341]]}},{"type":"Feature","id":"way/313314558","properties":{"osm_id":313314558,"highway":"track","name":"Chemin des Sauterelles","smoothness":"bad"},"geometry":{"type":"LineString","coordinates":[[4.4552774,45.8218619],[4.4554974,45.8218899],[4.455661,45.8219068],[4.4558595,45.8219778],[4.4565676,45.8225086],[4.4567044,45.8225872],[4.4570316,45.8225928],[4.4573722,45.8225311],[4.4581313,45.8222806],[4.4588099,45.822017],[4.4604487,45.822103],[4.4606392,45.822161],[4.4607223,45.8222488],[4.4607035,45.8224058],[4.4603227,45.8232245],[4.4600174,45.8241247],[4.4600201,45.8242668],[4.460063,45.8243958],[4.4601434,45.8245453],[4.4602159,45.8251584],[4.4602802,45.8251976],[4.46035,45.8251995],[4.4604948,45.8251733],[4.4607684,45.8251528],[4.4609588,45.8251546],[4.461109,45.8251247]]}},{"type":"Feature","id":"way/313314560","properties":{"osm_id":313314560,"highway":"unclassified","name":"Chemin des Chazottes","surface":"asphalt"},"geometry":{"type":"LineString","coordinates":[[4.4525179,45.8122601],[4.4523848,45.8122587],[4.452243,45.8122657],[4.4518635,45.8124078],[4.451489,45.8125279],[4.4512663,45.81267],[4.451099,45.8128957],[4.4508291,45.813199],[4.4503463,45.8137655],[4.4501291,45.8140029],[4.4498971,45.8145451],[4.4495712,45.8152555],[4.4486271,45.8166164],[4.4485184,45.8167154],[4.4483347,45.8170613],[4.4481496,45.8174893],[4.4480869,45.8177338],[4.4480225,45.8178609],[4.4479045,45.8179843],[4.4478348,45.8180142]]}},{"type":"Feature","id":"way/313314561","properties":{"osm_id":313314561,"highway":"unclassified","name":"Chemin des Chazottes","surface":"asphalt"},"geometry":{"type":"LineString","coordinates":[[4.452243,45.8122657],[4.452308,45.8121489],[4.4523557,45.8120974]]}},{"type":"Feature","id":"way/314441431","properties":{"osm_id":314441431,"highway":"residential","name":"Place de la Colonie","surface":"asphalt"},"geometry":{"type":"LineString","coordinates":[[4.4502506,45.8230849],[4.4504404,45.8232157],[4.4505377,45.8231874]]}},{"type":"Feature","id":"way/314441432","properties":{"osm_id":314441432,"area":"yes","highway":"pedestrian","name":"Place du Marronnier","surface":"asphalt"},"geometry":{"type":"LineString","coordinates":[[4.4508165,45.8241348],[4.4509321,45.8241541],[4.4508735,45.8242994],[4.45081,45.8243005],[4.4508165,45.8241348]]}},{"type":"Feature","id":"way/314441434","properties":{"osm_id":314441434,"highway":"footway","lit":"no","surface":"unpaved"},"geometry":{"type":"LineString","coordinates":[[4.4505952,45.8248492],[4.4501505,45.8247874]]}},{"type":"Feature","id":"way/314441437","properties":{"osm_id":314441437,"highway":"footway","surface":"unpaved"},"geometry":{"type":"LineString","coordinates":[[4.450793,45.8226034],[4.4508684,45.8226565],[4.4511991,45.8228069]]}},{"type":"Feature","id":"way/314603433","properties":{"osm_id":314603433,"highway":"path","sac_scale":"hiking","surface":"ground","trail_visibility":"excellent"},"geometry":{"type":"LineString","coordinates":[[4.4350192,45.8247266],[4.4353111,45.8248079],[4.4356986,45.8249305],[4.4359722,45.8251279],[4.4360921,45.8253135],[4.4360894,45.8254873],[4.4360384,45.8256649],[4.4357377,45.8260538],[4.4356367,45.8262014],[4.43564,45.8263965],[4.4357572,45.8265894],[4.4361806,45.8269684],[4.436422,45.8272891],[4.4364408,45.8274797],[4.4363572,45.8277034],[4.4360894,45.8280218],[4.4356066,45.8283731],[4.4352364,45.8285899],[4.4344988,45.8292945],[4.4344452,45.829373],[4.4344157,45.8294571],[4.4344291,45.8295954],[4.4345069,45.8298552],[4.4345847,45.8299973],[4.4346464,45.8300664],[4.4349763,45.8303038],[4.4351989,45.8304458],[4.4354376,45.830528],[4.4358185,45.8306103],[4.4361269,45.8307448],[4.4363576,45.8308345],[4.436658,45.831042],[4.4371918,45.8315055],[4.4374064,45.8316811],[4.4375807,45.8319129],[4.4376853,45.8320157],[4.4381815,45.8323352],[4.4383076,45.8324455],[4.438372,45.832524],[4.4384605,45.8326698],[4.4386187,45.8328062],[4.4387984,45.8329258]]}},{"type":"Feature","id":"way/314603434","properties":{"osm_id":314603434,"highway":"track","smoothness":"very_bad","surface":"unpaved"},"geometry":{"type":"LineString","coordinates":[[4.4543995,45.8269492],[4.4545245,45.8271051],[4.4547492,45.8274069],[4.4551725,45.8278835],[4.4552572,45.828031],[4.4552247,45.8281762],[4.4548729,45.828882],[4.4548013,45.8291407],[4.4548404,45.8293472],[4.4549381,45.8296445],[4.4550944,45.8298918],[4.4554559,45.8300938],[4.4558174,45.8302254]]}},{"type":"Feature","id":"way/330786085","properties":{"osm_id":330786085,"highway":"track","surface":"ground"},"geometry":{"type":"LineString","coordinates":[[4.4623318,45.8130048],[4.4622601,45.8129319],[4.4620318,45.8128406],[4.4616106,45.8127333],[4.4614514,45.8126901],[4.4612426,45.8126543],[4.461124,45.8126617],[4.4610231,45.8126963],[4.4609223,45.8127838],[4.4608639,45.8129195],[4.4608497,45.8129528],[4.4608037,45.8129356],[4.4606922,45.8128801],[4.460563,45.8128418],[4.4604038,45.8128431],[4.4602551,45.8128838],[4.4601029,45.8129898],[4.459959,45.8131318]]}},{"type":"Feature","id":"way/502992191","properties":{"osm_id":502992191,"highway":"unclassified"},"geometry":{"type":"LineString","coordinates":[[4.5022968,45.7943695],[4.5022002,45.7942947],[4.5020883,45.7941525],[4.5019703,45.7939206],[4.5018094,45.793756],[4.5015841,45.7936214],[4.5012837,45.7935316],[4.5006399,45.7935241],[4.5002,45.7935241],[4.5000176,45.7934792],[4.4999533,45.7931576],[4.4998782,45.7929631],[4.4998347,45.7928078],[4.4997274,45.7926859],[4.4995349,45.7925965],[4.499372,45.7925357],[4.4993441,45.7924186],[4.4994817,45.7922475]]}},{"type":"Feature","id":"way/503047075","properties":{"osm_id":503047075,"highway":"track"},"geometry":{"type":"LineString","coordinates":[[4.4995354,45.7939141],[4.4993423,45.7937661],[4.4989555,45.7936662],[4.498698,45.793554],[4.4984512,45.7934867],[4.4980221,45.7934942],[4.4977968,45.7934942]]}},{"type":"Feature","id":"way/572523558","properties":{"osm_id":572523558,"highway":"residential","name":"Impasse du Puits"},"geometry":{"type":"LineString","coordinates":[[4.4610234,45.7928865],[4.4609425,45.7929598],[4.4606743,45.7930233],[4.4601245,45.7932927]]}},{"type":"Feature","id":"way/595588519","properties":{"osm_id":595588519,"highway":"secondary","name":"Route de Lyon","oneway":"no","ref":"D 24","surface":"asphalt"},"geometry":{"type":"LineString","coordinates":[[4.4722261,45.7861886],[4.4721113,45.7862858],[4.4720447,45.7864262],[4.4720043,45.7865892],[4.4718504,45.7871767],[4.471779,45.7874094],[4.4716953,45.78762],[4.4715572,45.7878085],[4.4713975,45.7879407],[4.4710757,45.7881503],[4.4698849,45.7888357]]}},{"type":"Feature","id":"way/626368983","properties":{"osm_id":626368983,"highway":"residential","name":"Montée de l'Église"},"geometry":{"type":"LineString","coordinates":[[4.4667606,45.7903952],[4.4665368,45.7901533],[4.4664245,45.7900428]]}},{"type":"Feature","id":"way/627846460","properties":{"osm_id":627846460,"highway":"service","name":"Impasse de la Tour","service":"driveway"},"geometry":{"type":"LineString","coordinates":[[4.4606839,45.792274],[4.4611112,45.7920938],[4.4611855,45.7922338],[4.4612874,45.7923021],[4.4613585,45.7925845],[4.4613277,45.792664]]}},{"type":"Feature","id":"way/627846462","properties":{"osm_id":627846462,"highway":"service","service":"driveway"},"geometry":{"type":"LineString","coordinates":[[4.4676425,45.7903602],[4.4678354,45.790509]]}},{"type":"Feature","id":"way/627846464","properties":{"osm_id":627846464,"highway":"footway","name":"Rue Laffont"},"geometry":{"type":"LineString","coordinates":[[4.4670508,45.7902734],[4.4670515,45.7898986]]}},{"type":"Feature","id":"way/627846466","properties":{"osm_id":627846466,"highway":"service","name":"Impasse des Lanternes"},"geometry":{"type":"LineString","coordinates":[[4.4656124,45.7896561],[4.4654623,45.7895041],[4.4654448,45.7893583],[4.4654891,45.7893157],[4.4655917,45.7892952]]}},{"type":"Feature","id":"way/627846467","properties":{"osm_id":627846467,"highway":"path"},"geometry":{"type":"LineString","coordinates":[[4.4661382,45.7896529],[4.4661368,45.7896085],[4.4661586,45.7894074],[4.4661509,45.7893223],[4.4660108,45.7888318],[4.4659504,45.7886167],[4.4658546,45.7881985]]}},{"type":"Feature","id":"way/627846468","properties":{"osm_id":627846468,"highway":"unclassified","name":"Rue Gouttevine"},"geometry":{"type":"LineString","coordinates":[[4.4650163,45.7913698],[4.4645293,45.7905147],[4.4644511,45.7903804],[4.4643378,45.7902701],[4.4643045,45.7902077],[4.4642311,45.79007],[4.4640923,45.789624]]}},{"type":"Feature","id":"way/627846469","properties":{"osm_id":627846469,"highway":"tertiary","name":"Route de Saint-Julien","ref":"D 24E1"},"geometry":{"type":"LineString","coordinates":[[4.4672811,45.7929076],[4.4672215,45.7927618],[4.4671525,45.792571],[4.4671451,45.792388],[4.4671987,45.7921623],[4.4672851,45.7919908],[4.4678347,45.7912932],[4.4680104,45.7910715],[4.4681244,45.7909106],[4.4681695,45.790789],[4.4681612,45.7906717],[4.4680621,45.7904158],[4.4677529,45.7901392],[4.4677397,45.7900914]]}},{"type":"Feature","id":"way/627846470","properties":{"osm_id":627846470,"highway":"footway","name":"Montée des Arts"},"geometry":{"type":"LineString","coordinates":[[4.4674949,45.790274],[4.4676425,45.7903602],[4.4675356,45.7905688],[4.4674806,45.7906998]]}},{"type":"Feature","id":"way/627846471","properties":{"osm_id":627846471,"highway":"residential","name":"Place de la Dime"},"geometry":{"type":"LineString","coordinates":[[4.4671104,45.7911557],[4.4669905,45.7910631],[4.4668242,45.7909734],[4.4667008,45.7908948],[4.466642,45.7908985]]}},{"type":"Feature","id":"way/627846472","properties":{"osm_id":627846472,"highway":"service","service":"driveway"},"geometry":{"type":"LineString","coordinates":[[4.4651136,45.7899259],[4.4649298,45.7897623],[4.4648668,45.7897352],[4.4647796,45.7897155],[4.4647139,45.7896772],[4.4646925,45.7896248],[4.4646917,45.7895667]]}},{"type":"Feature","id":"way/627846474","properties":{"osm_id":627846474,"highway":"footway"},"geometry":{"type":"LineString","coordinates":[[4.4665462,45.7899879],[4.4664654,45.7899129],[4.4663179,45.7898502],[4.4662696,45.7897988]]}},{"type":"Feature","id":"way/627846475","properties":{"osm_id":627846475,"highway":"residential","name":"Rue du Raty"},"geometry":{"type":"LineString","coordinates":[[4.4640923,45.789624],[4.4646603,45.789565],[4.4646917,45.7895667],[4.4648145,45.7895734],[4.4649392,45.7895996],[4.4651793,45.7896604],[4.4652893,45.7896763],[4.4654877,45.7896585],[4.4656124,45.7896561],[4.4660228,45.7896482],[4.4661382,45.7896529]]}},{"type":"Feature","id":"way/627846476","properties":{"osm_id":627846476,"highway":"secondary","name":"Grand'Rue","ref":"D 24"},"geometry":{"type":"LineString","coordinates":[[4.4665462,45.7899879],[4.4666854,45.7899273],[4.4667786,45.7899016],[4.4668552,45.7898928],[4.4668798,45.7898941],[4.4670515,45.7898986],[4.4672661,45.78992],[4.4673941,45.7899521],[4.467696,45.7900732],[4.4677397,45.7900914]]}},{"type":"Feature","id":"way/661183922","properties":{"osm_id":661183922,"highway":"path","surface":"ground"},"geometry":{"type":"LineString","coordinates":[[4.4473761,45.8325576],[4.4480497,45.8329471],[4.4490277,45.8332519],[4.4500254,45.833382],[4.45062,45.8333752],[4.451141,45.8334779],[4.4513621,45.8335772],[4.4517012,45.833923],[4.4519814,45.8344503],[4.4526596,45.835053],[4.4528119,45.8354057],[4.4531707,45.8357549],[4.4534361,45.8358439],[4.4536425,45.8355597],[4.4537211,45.835053],[4.4536032,45.8344024],[4.4535982,45.8336148],[4.4535344,45.8332005],[4.4536277,45.8327554],[4.4536277,45.8322999],[4.4533722,45.8319746],[4.4533525,45.83155],[4.4533869,45.8309131],[4.4533476,45.8302282],[4.4533869,45.8291187],[4.4533476,45.8285366],[4.4537014,45.8281222],[4.4543403,45.8271805],[4.4543995,45.8269492]]}},{"type":"Feature","id":"way/718884633","properties":{"osm_id":718884633,"highway":"secondary","name":"Route de Feurs","ref":"D 7"},"geometry":{"type":"LineString","coordinates":[[4.446105,45.7944205],[4.4468376,45.7945715],[4.4480683,45.794822],[4.4483015,45.794853],[4.4485505,45.7948463],[4.4497929,45.7946368],[4.4500959,45.7946024],[4.4503715,45.7945917],[4.4505842,45.7946136],[4.4507752,45.7946579],[4.450933,45.7947563],[4.4510251,45.7949013],[4.4510379,45.7950697],[4.4509709,45.7952981],[4.450863,45.7954945],[4.4503813,45.7960813],[4.4502119,45.7965123],[4.4501475,45.7967518],[4.450154,45.7969531],[4.4502365,45.7971805],[4.45084,45.7981237],[4.4510091,45.7983501]]}},{"type":"Feature","id":"way/718884634","properties":{"osm_id":718884634,"highway":"service","oneway":"yes"},"geometry":{"type":"LineString","coordinates":[[4.4462347,45.7921629],[4.4463341,45.7919327],[4.4463764,45.7918224],[4.4464172,45.7917158],[4.4464776,45.791569],[4.4465058,45.7915035],[4.4464977,45.7914362],[4.446432,45.7913632],[4.4461919,45.7912361],[4.4458821,45.7910509],[4.4458017,45.7910163],[4.4457011,45.7910013],[4.44552,45.7909929],[4.4452786,45.7909939],[4.4451661,45.7910109]]}},{"type":"Feature","id":"way/718884636","properties":{"osm_id":718884636,"highway":"unclassified","name":"Chemin des Rossignols"},"geometry":{"type":"LineString","coordinates":[[4.4461843,45.7940701],[4.4459294,45.7938921],[4.445713,45.7937189],[4.4455574,45.7935207],[4.4454837,45.7933636],[4.4453249,45.7931429]]}},{"type":"Feature","id":"way/718884637","properties":{"osm_id":718884637,"highway":"unclassified","name":"Chemin de Montchanin"},"geometry":{"type":"LineString","coordinates":[[4.4507744,45.7935787],[4.4504873,45.7936142],[4.4502137,45.7937152],[4.4498329,45.7938723],[4.4495593,45.7939695],[4.4492267,45.7940219],[4.4487332,45.7941378],[4.4482665,45.7942426],[4.447992,45.7943064],[4.4477998,45.794351],[4.4475726,45.794409],[4.4473223,45.7944109],[4.4469307,45.7943884],[4.4465713,45.7942613],[4.4463508,45.7941517],[4.4461843,45.7940701]]}},{"type":"Feature","id":"way/718884638","properties":{"osm_id":718884638,"highway":"secondary","name":"Grand'Rue","ref":"D 24"},"geometry":{"type":"LineString","coordinates":[[4.4656581,45.7910547],[4.4656618,45.7908886],[4.4657144,45.7907089],[4.4658312,45.7905586],[4.4659797,45.7903674],[4.4660838,45.7902855],[4.4663369,45.7900864],[4.4664245,45.7900428]]}},{"type":"Feature","id":"way/736278704","properties":{"osm_id":736278704,"highway":"service","source":"bing"},"geometry":{"type":"LineString","coordinates":[[4.453631,45.8269246],[4.4537893,45.8267359],[4.4538429,45.8267209],[4.453977,45.8267546],[4.4543995,45.8269492]]}},{"type":"Feature","id":"way/744092222","properties":{"osm_id":744092222,"highway":"footway"},"geometry":{"type":"LineString","coordinates":[[4.4574341,45.7918784],[4.4575821,45.7920187],[4.4576554,45.7921209],[4.4577562,45.7922328],[4.4578525,45.7923063],[4.4580358,45.7923574],[4.4582549,45.7924121],[4.4584998,45.7924342],[4.4586384,45.7924871],[4.4587279,45.7926003],[4.4587921,45.7927409],[4.458815,45.7928496]]}},{"type":"Feature","id":"way/744092223","properties":{"osm_id":744092223,"highway":"footway"},"geometry":{"type":"LineString","coordinates":[[4.4657279,45.7871053],[4.4659245,45.7871148],[4.4660757,45.7871819],[4.4663186,45.7872618],[4.4664928,45.7873002],[4.4666074,45.7872906],[4.4666991,45.7872267],[4.4667311,45.7871276],[4.4666899,45.7867824],[4.4667357,45.7867313],[4.4677853,45.7862199],[4.4683156,45.7858289]]}},{"type":"Feature","id":"way/744092224","properties":{"osm_id":744092224,"highway":"track"},"geometry":{"type":"LineString","coordinates":[[4.4657279,45.7871053],[4.4655853,45.7869518],[4.465104,45.7865264],[4.4649711,45.786389],[4.4648474,45.7862196],[4.4647282,45.7860598],[4.464632,45.7858456],[4.4643615,45.785323],[4.4642974,45.7851599],[4.4643203,45.7849842]]}},{"type":"Feature","id":"way/768305552","properties":{"osm_id":768305552,"highway":"track"},"geometry":{"type":"LineString","coordinates":[[4.4558305,45.8024068],[4.4559512,45.8025237],[4.4560987,45.802748],[4.4561644,45.8028219],[4.4562073,45.8028518],[4.4563884,45.8029406],[4.4564514,45.8029893],[4.4564916,45.8030323],[4.4565131,45.8030547],[4.4565686,45.8031421],[4.4565853,45.8032442],[4.4566217,45.8035493],[4.4566753,45.8036465],[4.4567424,45.8037587],[4.4568573,45.8039722],[4.4569355,45.8041457],[4.457083,45.8043196],[4.4573754,45.8046637],[4.4574773,45.8048133],[4.457472,45.8048881],[4.4573781,45.8052097],[4.4573379,45.8054434],[4.4573405,45.8057594],[4.4573969,45.8059445],[4.4574952,45.8061085],[4.4577098,45.8063778],[4.4579306,45.8066307],[4.4580862,45.8067129],[4.4583383,45.8067746],[4.4586039,45.8067971],[4.4588345,45.8068176],[4.4590411,45.8068756],[4.4592449,45.8070065],[4.459371,45.8072271],[4.4593951,45.8073056],[4.4593737,45.807444],[4.4594112,45.8075692],[4.4594622,45.8076609],[4.4594836,45.8078964]]}},{"type":"Feature","id":"way/768305553","properties":{"osm_id":768305553,"highway":"track"},"geometry":{"type":"LineString","coordinates":[[4.4594124,45.8081405],[4.4588594,45.8081835],[4.4583181,45.808259],[4.4579031,45.8082842],[4.45747,45.8083722],[4.4571993,45.8086112],[4.4569287,45.8088501],[4.4566806,45.809164],[4.4564956,45.8093784],[4.4564181,45.8095995]]}},{"type":"Feature","id":"way/768305554","properties":{"osm_id":768305554,"highway":"track"},"geometry":{"type":"LineString","coordinates":[[4.4458848,45.8091416],[4.4450989,45.8097025],[4.4447985,45.8099044],[4.4446644,45.8099998],[4.4446671,45.8100503]]}},{"type":"Feature","id":"way/768305555","properties":{"osm_id":768305555,"highway":"track"},"geometry":{"type":"LineString","coordinates":[[4.4359311,45.8137436],[4.4358641,45.8136136],[4.4358356,45.813491],[4.4360141,45.8130961],[4.4361202,45.8127743],[4.4360702,45.8124472],[4.4359377,45.8122755],[4.4358583,45.812158],[4.4357483,45.8119953],[4.4355469,45.8117429],[4.4353361,45.8114293],[4.4352933,45.8113154],[4.4350183,45.8110376],[4.4347018,45.8108313],[4.4344358,45.8105711],[4.4342658,45.8103594],[4.4340942,45.8101109],[4.4340939,45.8098544],[4.4340944,45.8095888],[4.4340176,45.8093386],[4.4339116,45.8091336],[4.4338328,45.808913],[4.4337426,45.8085609],[4.4335802,45.808259],[4.433526,45.8081458],[4.4334719,45.8079949],[4.4333997,45.8078188],[4.4332915,45.807693],[4.4331652,45.8072151],[4.4330208,45.807039],[4.4328931,45.8069203],[4.4328584,45.806888],[4.4326891,45.8067605],[4.4326555,45.8066912],[4.4326776,45.8065622],[4.4327091,45.8064565],[4.432799,45.8063331],[4.4328205,45.806277]]}},{"type":"Feature","id":"way/769489176","properties":{"osm_id":769489176,"alt_name":"Route de Saint-Martin","highway":"unclassified","name":"Route de Saint-Martin-les-Périls"},"geometry":{"type":"LineString","coordinates":[[4.4576587,45.7936813],[4.4579289,45.7935575]]}},{"type":"Feature","id":"way/779728112","properties":{"osm_id":779728112,"highway":"unclassified","surface":"asphalt"},"geometry":{"type":"LineString","coordinates":[[4.463041,45.7703137],[4.4629987,45.7702677],[4.4628335,45.7701617],[4.4625849,45.7700878],[4.4624656,45.7700612],[4.4623037,45.770045],[4.4614019,45.7698651],[4.4610947,45.7697847],[4.4610577,45.7697174]]}},{"type":"Feature","id":"way/779728113","properties":{"osm_id":779728113,"highway":"track","name":"Chemin des Alpines","surface":"asphalt"},"geometry":{"type":"LineString","coordinates":[[4.4610169,45.7771907],[4.4611223,45.777319],[4.4613503,45.7775023],[4.4614764,45.7775603]]}},{"type":"Feature","id":"way/779728114","properties":{"osm_id":779728114,"highway":"track","name":"Chemin des Alpines","surface":"asphalt"},"geometry":{"type":"LineString","coordinates":[[4.4614764,45.7775603],[4.4615844,45.7775603],[4.4617668,45.7775603],[4.4619331,45.7775229],[4.4620476,45.7774425],[4.4619484,45.7773733],[4.4610169,45.7771907]]}},{"type":"Feature","id":"way/779728115","properties":{"osm_id":779728115,"highway":"unclassified","name":"Chemin Perret","surface":"asphalt"},"geometry":{"type":"LineString","coordinates":[[4.4607925,45.7804915],[4.4612208,45.7803575],[4.462321,45.7800531],[4.4623958,45.7800324],[4.4625762,45.7799396],[4.4627126,45.7798257],[4.4629915,45.7796209],[4.4630824,45.7795732],[4.4631506,45.7795578]]}},{"type":"Feature","id":"way/779728116","properties":{"osm_id":779728116,"highway":"service"},"geometry":{"type":"LineString","coordinates":[[4.463992,45.7814949],[4.4641288,45.7814419],[4.4643219,45.7814494]]}},{"type":"Feature","id":"way/779728117","properties":{"osm_id":779728117,"highway":"unclassified","name":"Chemin de la Grand-Maison","surface":"asphalt"},"geometry":{"type":"LineString","coordinates":[[4.4605733,45.7854395],[4.4606611,45.7853455],[4.4609373,45.7851491],[4.4613055,45.7849023],[4.4616595,45.7846685],[4.4619807,45.7844215],[4.4621846,45.7842925],[4.4623462,45.7841598],[4.4624528,45.7841447],[4.4627519,45.7841279],[4.463126,45.784126],[4.4632306,45.7841241],[4.4633286,45.7841269],[4.4633969,45.7840399],[4.4634452,45.7839427],[4.463472,45.783808]]}},{"type":"Feature","id":"way/779728118","properties":{"osm_id":779728118,"highway":"track"},"geometry":{"type":"LineString","coordinates":[[4.463472,45.783808],[4.4636522,45.7841857],[4.4641377,45.7847491],[4.4643203,45.7849842]]}},{"type":"Feature","id":"way/779728119","properties":{"osm_id":779728119,"highway":"track"},"geometry":{"type":"LineString","coordinates":[[4.4643203,45.7849842],[4.4643707,45.7846102],[4.4643661,45.7844344],[4.4643845,45.7841947],[4.4642607,45.7829673],[4.4642011,45.7828874],[4.4641571,45.7828625]]}},{"type":"Feature","id":"way/779728120","properties":{"osm_id":779728120,"highway":"residential","name":"Rue du Raty"},"geometry":{"type":"LineString","coordinates":[[4.4661382,45.7896529],[4.4662696,45.7897988]]}},{"type":"Feature","id":"way/779728121","properties":{"osm_id":779728121,"highway":"service"},"geometry":{"type":"LineString","coordinates":[[4.4662696,45.7897988],[4.4660658,45.7899484]]}},{"type":"Feature","id":"way/779728122","properties":{"osm_id":779728122,"highway":"secondary","name":"Grand'Rue","ref":"D 24"},"geometry":{"type":"LineString","coordinates":[[4.4664245,45.7900428],[4.4665462,45.7899879]]}},{"type":"Feature","id":"way/779728123","properties":{"osm_id":779728123,"highway":"unclassified","name":"Rue de la Déserte"},"geometry":{"type":"LineString","coordinates":[[4.4694447,45.7886773],[4.469562,45.7887374],[4.4698337,45.7888711]]}},{"type":"Feature","id":"way/779728124","properties":{"osm_id":779728124,"highway":"secondary","name":"Route de Saint-Irénée","oneway":"no","ref":"D 24","surface":"asphalt"},"geometry":{"type":"LineString","coordinates":[[4.4727065,45.7861864],[4.4724307,45.786175],[4.4722261,45.7861886]]}},{"type":"Feature","id":"way/779728125","properties":{"osm_id":779728125,"highway":"track"},"geometry":{"type":"LineString","coordinates":[[4.4792284,45.7865388],[4.4793847,45.786497],[4.4798944,45.786295],[4.4802109,45.7862015],[4.4804692,45.7861703]]}},{"type":"Feature","id":"way/779728126","properties":{"osm_id":779728126,"highway":"path"},"geometry":{"type":"LineString","coordinates":[[4.4792284,45.7865388],[4.4798174,45.7868156],[4.48004,45.7869037]]}},{"type":"Feature","id":"way/779728127","properties":{"osm_id":779728127,"highway":"track"},"geometry":{"type":"LineString","coordinates":[[4.4789332,45.7869603],[4.4790422,45.7868812],[4.4792614,45.7868075],[4.4794928,45.7867802],[4.4796591,45.7868027],[4.4798576,45.7868663],[4.4799535,45.786897],[4.48004,45.7869037]]}},{"type":"Feature","id":"way/779728128","properties":{"osm_id":779728128,"highway":"unclassified","name":"Chemin de Montmartin"},"geometry":{"type":"LineString","coordinates":[[4.4867603,45.7871205],[4.4867751,45.7870167],[4.4867496,45.7869559],[4.4866142,45.7868427],[4.485658,45.7863171],[4.4852664,45.7861385]]}},{"type":"Feature","id":"way/779728129","properties":{"osm_id":779728129,"highway":"unclassified","name":"Chemin de Montmartin"},"geometry":{"type":"LineString","coordinates":[[4.4852664,45.7861385],[4.4844349,45.7859421],[4.4843101,45.7859197],[4.4842404,45.7859458],[4.4840822,45.7860094],[4.4839722,45.7860291],[4.4837643,45.7860375],[4.4834693,45.7860048],[4.4829757,45.7859309],[4.4828859,45.7859253],[4.4824604,45.7859633],[4.4819079,45.7860456],[4.4817567,45.7860992],[4.4813624,45.7861628],[4.4810151,45.7862264],[4.4807509,45.7862386],[4.480606,45.7862301],[4.4805376,45.7862114],[4.4804692,45.7861703],[4.4801795,45.7859496],[4.4799381,45.7857457],[4.4798121,45.785583],[4.4796163,45.7853885],[4.4794473,45.7852557],[4.4791764,45.7851191],[4.4790128,45.7849826],[4.4789511,45.7848984],[4.4790074,45.7846646],[4.4790181,45.7844869]]}},{"type":"Feature","id":"way/779728130","properties":{"osm_id":779728130,"highway":"unclassified","name":"Chemin des Digitales"},"geometry":{"type":"LineString","coordinates":[[4.4852127,45.7857869],[4.4852436,45.7859552],[4.4852664,45.7861385]]}},{"type":"Feature","id":"way/779728131","properties":{"osm_id":779728131,"highway":"track"},"geometry":{"type":"LineString","coordinates":[[4.4891406,45.7817771],[4.4891084,45.7818931],[4.4888777,45.7820727],[4.488749,45.782256],[4.4887651,45.7824056],[4.489044,45.7828732],[4.4890869,45.783079],[4.4891191,45.783296],[4.4894249,45.7835953],[4.4895858,45.7838459],[4.4896878,45.7840404]]}},{"type":"Feature","id":"way/779728132","properties":{"osm_id":779728132,"highway":"unclassified","name":"Impasse Grande Botte"},"geometry":{"type":"LineString","coordinates":[[4.4955406,45.7813329],[4.4953289,45.781262],[4.4950937,45.7812272],[4.4947012,45.7812732],[4.4940905,45.7813619],[4.4937847,45.7813619],[4.4934299,45.7813854],[4.4928827,45.7814191],[4.4924436,45.7814255],[4.4920896,45.7813544],[4.4919394,45.7812945],[4.491595,45.7811854],[4.491488,45.7811946],[4.491418,45.7812238],[4.491386,45.7812657],[4.4913992,45.7813585],[4.4914623,45.7814305],[4.4916071,45.7815296],[4.4918726,45.7817447],[4.4920054,45.7819234]]}},{"type":"Feature","id":"way/779937848","properties":{"osm_id":779937848,"highway":"secondary","name":"Route de Lyon","ref":"D 24"},"geometry":{"type":"LineString","coordinates":[[4.4698337,45.7888711],[4.4698849,45.7888357]]}},{"type":"Feature","id":"way/781385408","properties":{"osm_id":781385408,"bridge":"yes","highway":"unclassified","layer":"1"},"geometry":{"type":"LineString","coordinates":[[4.4405843,45.8339685],[4.4406101,45.8338941]]}},{"type":"Feature","id":"way/781385409","properties":{"osm_id":781385409,"highway":"unclassified"},"geometry":{"type":"LineString","coordinates":[[4.4406101,45.8338941],[4.4406277,45.8338433],[4.4407056,45.8336808],[4.4407148,45.8335957]]}},{"type":"Feature","id":"way/863990001","properties":{"osm_id":863990001,"highway":"service","name":"Impasse du Crêt","source":"BDOrtho IGN 2020"},"geometry":{"type":"LineString","coordinates":[[4.450584,45.7786172],[4.4508684,45.7789613],[4.4509059,45.7790997],[4.4508201,45.7792157],[4.4501281,45.7796871],[4.449951,45.7797731]]}},{"type":"Feature","id":"way/863990017","properties":{"osm_id":863990017,"highway":"unclassified","name":"Chemin du Prou","source":"BDOrtho IGN 2020"},"geometry":{"type":"LineString","coordinates":[[4.4561,45.7710217],[4.4564822,45.7711714],[4.4570348,45.7712649],[4.4571541,45.7712771],[4.4572493,45.7713145],[4.4573108,45.7713921],[4.4573861,45.7714857],[4.4574881,45.7716859],[4.4575578,45.7718757],[4.4576664,45.7719478],[4.4577925,45.7719768],[4.4578944,45.7719609],[4.4580165,45.7718926],[4.4582216,45.7716475],[4.4583061,45.7715858]]}},{"type":"Feature","id":"way/863990018","properties":{"osm_id":863990018,"highway":"track","mtb:scale":"2","smoothness":"bad","source":"BDOrtho IGN 2020","surface":"ground","tracktype":"grade2"},"geometry":{"type":"LineString","coordinates":[[4.4512908,45.7707078],[4.4513123,45.7708402],[4.4514424,45.7710713],[4.4516046,45.7713051],[4.4517857,45.7714295],[4.4522376,45.771814],[4.4525193,45.7719927],[4.4528076,45.772119],[4.4530208,45.7721601],[4.4534285,45.7721583],[4.453733,45.7722237],[4.4541541,45.7722761],[4.4545041,45.7722677],[4.4550794,45.7721676],[4.4559887,45.772061],[4.4569677,45.7718898],[4.4570696,45.7718299],[4.4570348,45.7712649]]}},{"type":"Feature","id":"way/864179935","properties":{"osm_id":864179935,"highway":"track"},"geometry":{"type":"LineString","coordinates":[[4.4462963,45.7903694],[4.4463608,45.79],[4.4464023,45.7899093]]}},{"type":"Feature","id":"way/864179937","properties":{"osm_id":864179937,"highway":"track","source":"BDOrtho IGN 2020"},"geometry":{"type":"LineString","coordinates":[[4.4450924,45.7877585],[4.4450654,45.7874908],[4.4450909,45.7874178],[4.44517,45.7873795],[4.4454449,45.7872701],[4.4455563,45.7871775],[4.4455951,45.7870746]]}},{"type":"Feature","id":"way/864179939","properties":{"osm_id":864179939,"highway":"service","source":"BDOrtho IGN 2020"},"geometry":{"type":"LineString","coordinates":[[4.4453243,45.7890151],[4.4454905,45.7888187]]}},{"type":"Feature","id":"way/864179940","properties":{"osm_id":864179940,"highway":"service","source":"BDOrtho IGN 2020"},"geometry":{"type":"LineString","coordinates":[[4.4459546,45.7887271],[4.4457534,45.7889076],[4.4455697,45.7889842],[4.4454074,45.7890142],[4.4453243,45.7890151],[4.4452305,45.7890162]]}},{"type":"Feature","id":"way/864179941","properties":{"osm_id":864179941,"highway":"service","oneway":"yes","source":"BDOrtho IGN 2020"},"geometry":{"type":"LineString","coordinates":[[4.4452371,45.7889655],[4.4451794,45.7889179],[4.4451539,45.7888299],[4.4450681,45.7888056],[4.4450008,45.7888433]]}},{"type":"Feature","id":"way/864179942","properties":{"osm_id":864179942,"highway":"service","oneway":"yes","source":"BDOrtho IGN 2020"},"geometry":{"type":"LineString","coordinates":[[4.4452305,45.7890162],[4.4452371,45.7889655],[4.4452867,45.7888954],[4.4453766,45.7887963],[4.4454959,45.7886448],[4.4458111,45.7885531],[4.4457883,45.7884919],[4.4457474,45.788454],[4.4451553,45.7885531],[4.4450646,45.7886814],[4.4449957,45.7887851],[4.4450008,45.7888433],[4.4450064,45.7889057],[4.4450708,45.7889758],[4.4451298,45.789002],[4.4452305,45.7890162]]}},{"type":"Feature","id":"way/864179944","properties":{"osm_id":864179944,"highway":"track","source":"BDOrtho IGN 2020"},"geometry":{"type":"LineString","coordinates":[[4.4527981,45.7902375],[4.4530047,45.7902663],[4.4531992,45.7903028],[4.4533454,45.7903542],[4.4534862,45.7904431],[4.4535437,45.7905349]]}},{"type":"Feature","id":"way/864179947","properties":{"osm_id":864179947,"highway":"track","source":"BDOrtho IGN 2020"},"geometry":{"type":"LineString","coordinates":[[4.4497929,45.7946368],[4.4498451,45.7945865],[4.4499551,45.7945612],[4.4502246,45.7944126],[4.4504674,45.7943191],[4.4506431,45.794377]]}},{"type":"Feature","id":"way/864179955","properties":{"osm_id":864179955,"highway":"service","name":"Impasse de la Nazetterie","source":"BDOrtho IGN 2020"},"geometry":{"type":"LineString","coordinates":[[4.4586387,45.7957665],[4.4588318,45.7955627],[4.4592637,45.7953962],[4.4597505,45.7952074],[4.4598873,45.7951896]]}},{"type":"Feature","id":"way/864179971","properties":{"osm_id":864179971,"highway":"service","source":"BDOrtho IGN 2020"},"geometry":{"type":"LineString","coordinates":[[4.46427,45.7888281],[4.4632917,45.7891545]]}},{"type":"Feature","id":"way/891742851","properties":{"osm_id":891742851,"highway":"path","name":"Rue de l'École"},"geometry":{"type":"LineString","coordinates":[[4.4666682,45.7909745],[4.4656581,45.7910547]]}},{"type":"Feature","id":"way/891742853","properties":{"osm_id":891742853,"highway":"residential","name":"Place de la Pompe"},"geometry":{"type":"LineString","coordinates":[[4.4662186,45.7903692],[4.4660838,45.7902855]]}},{"type":"Feature","id":"way/891742854","properties":{"osm_id":891742854,"highway":"service","name":"Place de la Basse Cour"},"geometry":{"type":"LineString","coordinates":[[4.4669865,45.7907202],[4.4670112,45.7907807],[4.4670856,45.7908748]]}},{"type":"Feature","id":"way/891742855","properties":{"osm_id":891742855,"highway":"service","name":"Place de l'Église","service":"parking_aisle"},"geometry":{"type":"LineString","coordinates":[[4.4669298,45.7905754],[4.4671802,45.7904328]]}},{"type":"Feature","id":"way/891742856","properties":{"osm_id":891742856,"highway":"residential","name":"Montée des Halles"},"geometry":{"type":"LineString","coordinates":[[4.4666149,45.7905245],[4.466519,45.7904982],[4.4664708,45.7904795],[4.4663581,45.7904113],[4.4662186,45.7903692]]}},{"type":"Feature","id":"way/909402871","properties":{"osm_id":909402871,"highway":"track"},"geometry":{"type":"LineString","coordinates":[[4.4356254,45.8138024],[4.4351646,45.8137978],[4.4346132,45.8137614],[4.4329294,45.8133564],[4.4317,45.8129773],[4.4310891,45.8128526],[4.430784,45.8128397],[4.4306619,45.8128481],[4.4305734,45.8128948],[4.4299713,45.812877],[4.4298318,45.8128546],[4.4296682,45.8128041],[4.4295005,45.8125583],[4.4293829,45.8123593],[4.4293275,45.8122694],[4.4292793,45.8122236],[4.4291961,45.8121844],[4.4291063,45.8121563],[4.4289614,45.812133],[4.4288112,45.8121161],[4.4286905,45.8121012],[4.428551,45.8120647],[4.4283834,45.812018],[4.4282949,45.8119881],[4.4282694,45.8119544],[4.4282828,45.8119049],[4.4283244,45.8118413],[4.42837,45.8117572],[4.4284371,45.8116413]]}},{"type":"Feature","id":"way/913975515","properties":{"osm_id":913975515,"highway":"unclassified","name":"Chemin des Deux Communes"},"geometry":{"type":"LineString","coordinates":[[4.4407148,45.8335957],[4.4406411,45.8336061],[4.4405259,45.833662],[4.4404104,45.8336939],[4.4403273,45.8336845],[4.4401719,45.8336208],[4.4399142,45.833421],[4.4398284,45.8333855],[4.4395334,45.8333164],[4.4393912,45.8332641],[4.4391097,45.8331125],[4.4387984,45.8329258]]}},{"type":"Feature","id":"way/913975516","properties":{"osm_id":913975516,"bridge":"yes","highway":"unclassified","layer":"1","name":"Chemin des Rivières"},"geometry":{"type":"LineString","coordinates":[[4.4408704,45.8331342],[4.4408344,45.8331919]]}},{"type":"Feature","id":"way/916818241","properties":{"osm_id":916818241,"highway":"unclassified"},"geometry":{"type":"LineString","coordinates":[[4.4342199,45.8206873],[4.4340459,45.8206386],[4.4336999,45.8205078],[4.4333968,45.8204125]]}},{"type":"Feature","id":"way/916818242","properties":{"osm_id":916818242,"highway":"track"},"geometry":{"type":"LineString","coordinates":[[4.430983,45.8168341],[4.4310204,45.8169028],[4.4311491,45.8169963],[4.431412,45.8170823],[4.4314924,45.8171907],[4.4315193,45.8174786],[4.4315514,45.8175534],[4.4316909,45.817587],[4.4321737,45.8177029],[4.4322595,45.8178338],[4.4322864,45.8182562],[4.4324688,45.8189068],[4.4325063,45.8191572],[4.4325707,45.8192171],[4.4329462,45.8192619],[4.433783,45.8193031],[4.4340674,45.8193629],[4.4346682,45.819389],[4.4349119,45.8193003]]}},{"type":"Feature","id":"way/927186516","properties":{"osm_id":927186516,"access":"private","highway":"track"},"geometry":{"type":"LineString","coordinates":[[4.4358583,45.812158],[4.4360362,45.811834],[4.4361113,45.8116732],[4.4360576,45.8113517],[4.4361757,45.8109777],[4.4361918,45.8107422],[4.436122,45.8104505],[4.4360863,45.8103758],[4.4360201,45.8102374],[4.4359933,45.8101289],[4.4360791,45.8099083],[4.4364707,45.8091493],[4.4365136,45.8089997],[4.4364761,45.8088651],[4.4360201,45.80845],[4.4357787,45.8082743]]}},{"type":"Feature","id":"way/927186517","properties":{"osm_id":927186517,"highway":"track"},"geometry":{"type":"LineString","coordinates":[[4.4372401,45.8103571],[4.4378248,45.8106899],[4.4385221,45.8112508],[4.4386455,45.8113816],[4.4386348,45.8115761],[4.4385865,45.8118341],[4.4386294,45.8118864],[4.4386938,45.8118939],[4.4389245,45.8118528],[4.4392812,45.8118843]]}},{"type":"Feature","id":"way/927186519","properties":{"osm_id":927186519,"highway":"track","name":"Impasse des Bleuets"},"geometry":{"type":"LineString","coordinates":[[4.4445947,45.8050975],[4.4443994,45.8050548],[4.4442288,45.8050812],[4.4414052,45.8064022],[4.4409694,45.8067292],[4.440453,45.8071056],[4.4395197,45.8081393],[4.4392354,45.8084266],[4.4388375,45.8086611],[4.438629,45.8087073],[4.4384063,45.8086743],[4.4382595,45.8085818],[4.4380558,45.8083077],[4.4379847,45.8081525],[4.4378094,45.8076076],[4.4377052,45.807459],[4.4375252,45.8072939],[4.4374588,45.8071849],[4.4374636,45.8071287]]}},{"type":"Feature","id":"way/927186520","properties":{"osm_id":927186520,"highway":"track"},"geometry":{"type":"LineString","coordinates":[[4.4378094,45.8076076],[4.4376152,45.8079477],[4.4374209,45.8081591]]}},{"type":"Feature","id":"way/934760186","properties":{"osm_id":934760186,"highway":"service","name":"Impasse du Conan","service":"driveway"},"geometry":{"type":"LineString","coordinates":[[4.4769342,45.7960153],[4.476926,45.7960994],[4.4768858,45.7961985],[4.4763842,45.796666],[4.4760543,45.7970569],[4.4755796,45.7975842],[4.475365,45.7978105],[4.4752577,45.7979152],[4.4751263,45.79799],[4.4750243,45.7980255],[4.4748567,45.7980695],[4.4746864,45.7981919],[4.4743377,45.7985463]]}},{"type":"Feature","id":"way/969852468","properties":{"osm_id":969852468,"highway":"path"},"geometry":{"type":"LineString","coordinates":[[4.4430417,45.8189134],[4.4430819,45.8189321],[4.4435701,45.8191414],[4.443731,45.8192274],[4.443955,45.8194018],[4.4442487,45.8196386],[4.4443265,45.8196816],[4.4445303,45.8197321],[4.4447663,45.8197433],[4.4453135,45.8197022],[4.4456112,45.8197209],[4.4466909,45.8198504],[4.4472286,45.8199097],[4.4473949,45.8199359],[4.4475076,45.8199639],[4.4477423,45.8201271],[4.4480333,45.8203228],[4.4484732,45.8205322]]}},{"type":"Feature","id":"way/969852469","properties":{"osm_id":969852469,"highway":"track"},"geometry":{"type":"LineString","coordinates":[[4.4533476,45.8285366],[4.4529887,45.82874],[4.4522753,45.8290839],[4.4515725,45.829525],[4.4506981,45.8300034],[4.4502529,45.8303697],[4.4499954,45.8306725],[4.4497808,45.8307996],[4.4496038,45.8310986],[4.4495233,45.8314686],[4.4495394,45.831663],[4.4495394,45.8317789],[4.4496628,45.8319358],[4.4498237,45.8320555],[4.4500705,45.8323283],[4.4506445,45.8327208],[4.4510897,45.8330273],[4.451315,45.8332067],[4.4513621,45.8335772]]}},{"type":"Feature","id":"way/993459796","properties":{"osm_id":993459796,"highway":"track","tracktype":"grade3"},"geometry":{"type":"LineString","coordinates":[[4.4350192,45.8247266],[4.4350299,45.8247939],[4.4352311,45.825078],[4.4352767,45.8251584],[4.435282,45.8253397],[4.435274,45.8254462],[4.435215,45.8255827],[4.43513,45.825762],[4.4350219,45.8259901],[4.4348583,45.8262985],[4.4348448,45.8263864],[4.4348609,45.826491],[4.43492,45.8266742],[4.4350912,45.826951],[4.4351262,45.8271348],[4.4350594,45.8273695],[4.4349736,45.8274741],[4.4347778,45.8276816],[4.4344828,45.8278442],[4.4339704,45.8280404],[4.4334501,45.828304],[4.4332409,45.8284647],[4.4330102,45.8286049],[4.4328412,45.8286834],[4.4327259,45.8287077],[4.4325162,45.8287247],[4.4320339,45.828646],[4.4316664,45.8285843],[4.4311756,45.8283769],[4.4310222,45.8281758],[4.4308054,45.828076],[4.4306257,45.8278629],[4.4300678,45.827519],[4.429931,45.8274181],[4.4297782,45.8271994],[4.4297057,45.8269695],[4.4297184,45.8267563],[4.4297138,45.8265919],[4.4296655,45.826506],[4.4294313,45.8262452],[4.428826,45.8259004],[4.4286329,45.8257583],[4.4281003,45.825242],[4.427689,45.8250852],[4.4274523,45.8249878],[4.427155,45.8249416],[4.4269699,45.8249397],[4.4267902,45.8249696],[4.4265407,45.8250238],[4.4263208,45.8250275],[4.4262135,45.8249995],[4.4261572,45.8249322],[4.4261464,45.8248145],[4.4262162,45.8246967],[4.4264629,45.82445],[4.4267338,45.8241434],[4.4271147,45.8236201],[4.4273803,45.8233771],[4.42756,45.8231584],[4.4276914,45.8229005],[4.4277278,45.8227705],[4.4278201,45.8225266],[4.4280052,45.8222145],[4.4282225,45.8218855],[4.4283512,45.8217322],[4.4285271,45.8216022],[4.4289976,45.8211471],[4.4291934,45.8210163],[4.4292283,45.8209509],[4.4291854,45.8208705],[4.4291666,45.8204948],[4.429172,45.8203247],[4.4291532,45.8202256],[4.429113,45.820134],[4.429054,45.8200648],[4.4288877,45.8199658],[4.4287536,45.8198929],[4.4286731,45.8198106],[4.4285899,45.8196499],[4.4285524,45.8195321],[4.4284934,45.8194293],[4.4282949,45.8191975],[4.4281125,45.8190199],[4.4276109,45.8186105],[4.4275559,45.8185233]]}},{"type":"Feature","id":"way/1001166306","properties":{"osm_id":1001166306,"highway":"tertiary","name":"Route de Brullioles","ref":"D 111"},"geometry":{"type":"LineString","coordinates":[[4.4722916,45.78593],[4.4723967,45.7857047],[4.4724937,45.7854698],[4.4725134,45.7853671],[4.4725218,45.7852529],[4.4725228,45.7851595],[4.4725044,45.7850639],[4.4724629,45.7849545],[4.4723891,45.7848367],[4.4722671,45.7847114],[4.4719775,45.7844906],[4.4717999,45.7843571],[4.4715263,45.7842336],[4.4712693,45.7841614],[4.4709153,45.7840604],[4.4706573,45.7838969],[4.470513,45.7837537],[4.4703949,45.7835516],[4.4699604,45.7828184],[4.4699545,45.7826175],[4.4700028,45.7824978],[4.470026,45.7824481],[4.4701226,45.7823499],[4.4703479,45.7822217],[4.47082,45.7820291],[4.4710167,45.7819441],[4.471162,45.7818439],[4.4712371,45.7817597],[4.4713284,45.781625],[4.4715537,45.781221],[4.4716556,45.7810189],[4.4716765,45.7808667],[4.471618,45.7806935],[4.4715107,45.7805541],[4.4713939,45.7804456],[4.4712921,45.7803586],[4.4711566,45.7802071],[4.4710949,45.78005],[4.4710842,45.7798966],[4.4711186,45.7797555],[4.4712425,45.7795973],[4.4714839,45.7793728],[4.4717141,45.7791682],[4.4717629,45.7790286],[4.4717731,45.7787865],[4.4716658,45.7778886],[4.4715376,45.7777231],[4.4711889,45.7773938],[4.4710762,45.7772142],[4.4710494,45.7770496],[4.4710923,45.7768139],[4.4711835,45.7765707],[4.4711991,45.7763733],[4.4711245,45.7761517],[4.4710542,45.7758982],[4.4711138,45.7757102],[4.4711996,45.7755306],[4.4716443,45.7749927],[4.4717364,45.7749179],[4.4718112,45.7748571],[4.4721491,45.7746326],[4.4722779,45.7745166],[4.4723208,45.7744193],[4.4722886,45.7741574],[4.4721718,45.7738327]]}},{"type":"Feature","id":"way/1013036786","properties":{"osm_id":1013036786,"access":"private","highway":"footway","name":"Traboule de la Basse Cour","surface":"paved","tunnel":"yes"},"geometry":{"type":"LineString","coordinates":[[4.4672862,45.7910116],[4.4672666,45.7909912],[4.4671409,45.7909311]]}},{"type":"Feature","id":"way/1013037467","properties":{"osm_id":1013037467,"highway":"track","surface":"unpaved"},"geometry":{"type":"LineString","coordinates":[[4.467602,45.7929523],[4.4677743,45.7929763],[4.4678517,45.7930278],[4.4679003,45.7930943],[4.4679219,45.7931595],[4.4679345,45.7932335],[4.4679399,45.7933038],[4.4679273,45.7933979],[4.4679039,45.7934706],[4.4678733,45.7935396],[4.4678373,45.7936011],[4.4677995,45.793645],[4.4677869,45.7936789],[4.4677995,45.7936952],[4.4678265,45.7937015],[4.4678859,45.7936965],[4.4679579,45.7936764],[4.468055,45.7936475],[4.4681684,45.7936074],[4.4682745,45.7935697],[4.4683843,45.7935296],[4.4684761,45.7934907],[4.4685948,45.7934644],[4.4686866,45.7934418],[4.4687801,45.7934217],[4.4688845,45.7933966],[4.4690266,45.7933828],[4.4692048,45.793374],[4.4693793,45.7933841],[4.4695502,45.7933866],[4.4696168,45.7933941],[4.4696456,45.7934104],[4.4696762,45.7934455],[4.4696708,45.7935083],[4.4696258,45.7935848],[4.4695466,45.7936739],[4.4694315,45.7937642],[4.4692875,45.7938846],[4.4691832,45.7939712],[4.4690626,45.7940653],[4.4689385,45.7941782],[4.4688017,45.7942685],[4.4687405,45.7943388],[4.4687136,45.794404],[4.4687675,45.7945081],[4.4688665,45.7946098],[4.4690068,45.7947716],[4.469122,45.7949096],[4.4692605,45.7950413],[4.4693721,45.7951504],[4.4694926,45.7952521],[4.4696006,45.7953223],[4.4697504,45.7953563],[4.4698925,45.7953845],[4.4700011,45.7954615],[4.4700684,45.7954927],[4.4701932,45.7955507],[4.4702893,45.7955885],[4.4703419,45.7956123],[4.4704129,45.7956416],[4.4704803,45.795671],[4.4706028,45.7957315],[4.470697,45.7957747],[4.470774,45.7958063],[4.4708137,45.7958193],[4.4708826,45.795838],[4.4709591,45.7958508],[4.4710826,45.7958689],[4.4716434,45.7958843],[4.4718231,45.7958797],[4.4720635,45.7958403],[4.4723437,45.7957752],[4.4725835,45.795702]]}},{"type":"Feature","id":"way/1013038974","properties":{"osm_id":1013038974,"highway":"path","surface":"ground"},"geometry":{"type":"LineString","coordinates":[[4.4637081,45.8005575],[4.4638346,45.8005263],[4.4639011,45.8004987],[4.4640631,45.8004874],[4.464153,45.8004874],[4.4642538,45.8004686],[4.4643546,45.8004586],[4.4643978,45.8004937],[4.4644121,45.8005426],[4.4643978,45.8005828],[4.4643528,45.8006292],[4.4642754,45.8006844],[4.4642268,45.8007107],[4.464207,45.8007371],[4.4642196,45.8007647],[4.4642862,45.8007998],[4.4643564,45.8007998],[4.4644319,45.8007772],[4.4645003,45.8007458],[4.4646209,45.8007095],[4.4647414,45.8006593],[4.4648674,45.8006154],[4.4650365,45.8005627],[4.4651283,45.8005464],[4.4652668,45.80051],[4.4653845,45.800501]]}},{"type":"Feature","id":"way/1013040266","properties":{"osm_id":1013040266,"highway":"service","maxspeed":"30","name":"Place de la Basse Cour"},"geometry":{"type":"LineString","coordinates":[[4.4672983,45.7906824],[4.4672492,45.7907582],[4.4671928,45.7908317],[4.4671484,45.7908504],[4.4670856,45.7908748]]}},{"type":"Feature","id":"way/1013040267","properties":{"osm_id":1013040267,"access":"private","highway":"footway","name":"Traboule de la Basse Cour","surface":"paved"},"geometry":{"type":"LineString","coordinates":[[4.4671409,45.7909311],[4.4670856,45.7908748]]}},{"type":"Feature","id":"way/1095353382","properties":{"osm_id":1095353382,"highway":"path","incline":"down","note":"approximate position","surface":"ground"},"geometry":{"type":"LineString","coordinates":[[4.4573108,45.7713921],[4.4574075,45.7714208],[4.4574727,45.7714868],[4.4575413,45.7715421],[4.4576579,45.7715817],[4.4577472,45.7715969],[4.4578344,45.7715984],[4.4578682,45.7715969],[4.4579172,45.7715893],[4.4579967,45.7715604],[4.458049,45.7715141],[4.4581078,45.7714586],[4.4581862,45.7713841],[4.4582821,45.7712998],[4.4584689,45.7711223]]}},{"type":"Feature","id":"way/1103174382","properties":{"osm_id":1103174382,"highway":"service"},"geometry":{"type":"LineString","coordinates":[[4.451476,45.7986197],[4.4515551,45.798585],[4.4518294,45.7987014],[4.4518358,45.7987578]]}},{"type":"Feature","id":"way/1128075729","properties":{"osm_id":1128075729,"highway":"track","name":"Chemin de la croix de fer","surface":"ground","tracktype":"grade4"},"geometry":{"type":"LineString","coordinates":[[4.4561502,45.7860107],[4.4561966,45.785908],[4.456245,45.7857925],[4.456259,45.785748],[4.4562425,45.7857081],[4.4562438,45.7856192],[4.4561062,45.7855446],[4.4559378,45.7854628],[4.4558194,45.7853944],[4.4557327,45.7853304],[4.4556996,45.7852727],[4.4556728,45.7851883],[4.4556601,45.7850708],[4.4556193,45.784934],[4.4555658,45.7848078],[4.4555187,45.7847243],[4.4554588,45.7846781],[4.4551874,45.784464],[4.4550167,45.7843414],[4.4549428,45.7842969],[4.4547644,45.7842925],[4.4545364,45.7843405],[4.4538335,45.7845128],[4.453101,45.7846728],[4.4527787,45.7847358],[4.4524691,45.7847643],[4.4519834,45.7848167],[4.4516764,45.7848194],[4.4514942,45.784806],[4.4513006,45.7847758],[4.450792,45.7847572],[4.4496943,45.7847856],[4.4493045,45.7848043],[4.4488874,45.7848327],[4.4487574,45.7848592]]}},{"type":"Feature","id":"way/1128078477","properties":{"osm_id":1128078477,"highway":"track","surface":"ground","tracktype":"grade4"},"geometry":{"type":"LineString","coordinates":[[4.4630012,45.7843798],[4.4629416,45.7842949],[4.4628729,45.7842066],[4.4627519,45.7841279]]}},{"type":"Feature","id":"way/1154970902","properties":{"osm_id":1154970902,"highway":"secondary","lanes":"2","name":"Route de Saint-Laurent","oneway":"no","ref":"D 4","surface":"asphalt"},"geometry":{"type":"LineString","coordinates":[[4.4430772,45.7843041],[4.443244,45.7844288],[4.4438325,45.7848719]]}},{"type":"Feature","id":"way/1154970903","properties":{"osm_id":1154970903,"highway":"unclassified","name":"Chemin de la Guillonat"},"geometry":{"type":"LineString","coordinates":[[4.4502206,45.7896043],[4.4504043,45.7896248],[4.4506551,45.789636],[4.450922,45.7896557],[4.4510172,45.7896473],[4.4515055,45.7895794],[4.4523302,45.7895014],[4.4535922,45.7893723],[4.4540656,45.7893424],[4.4545027,45.7893406],[4.4547428,45.7893172],[4.4550392,45.7892565],[4.4552724,45.7892154]]}},{"type":"Feature","id":"way/1154970904","properties":{"osm_id":1154970904,"highway":"unclassified","name":"Chemin de la Guillonat"},"geometry":{"type":"LineString","coordinates":[[4.4487574,45.7848592],[4.4486776,45.7850407],[4.4485408,45.7853662],[4.4484175,45.7856935],[4.4484061,45.785916],[4.4484738,45.7861667],[4.4486374,45.7864473],[4.4488036,45.7866811],[4.448911,45.7869429],[4.4489459,45.7872647],[4.4490391,45.7876611],[4.4491062,45.7878069],[4.4491926,45.7879511],[4.4492564,45.7882455],[4.4492805,45.7883568],[4.4493301,45.7884531],[4.4494468,45.7885933],[4.4495501,45.7887364],[4.4498062,45.7891937],[4.4499081,45.7893854],[4.4500221,45.7894967],[4.4501227,45.7895612],[4.4502206,45.7896043]]}},{"type":"Feature","id":"way/1154970905","properties":{"osm_id":1154970905,"highway":"unclassified","name":"Route de l'Étang"},"geometry":{"type":"LineString","coordinates":[[4.4552724,45.7892154],[4.4554529,45.7891574],[4.4558412,45.7891087],[4.4562381,45.7891068],[4.4566431,45.7890732],[4.4568872,45.789032],[4.4570434,45.7889873],[4.4571658,45.7889185],[4.4572036,45.7888788],[4.4574503,45.7887609],[4.4576529,45.788702],[4.458031,45.78863],[4.4583395,45.7885982],[4.4585903,45.7886169],[4.4588049,45.7886571],[4.4592166,45.7887713],[4.459466,45.7888704],[4.459706,45.7889947],[4.4597867,45.789031]]}},{"type":"Feature","id":"way/1154970906","properties":{"osm_id":1154970906,"highway":"unclassified","name":"Chemin de la Guillonat"},"geometry":{"type":"LineString","coordinates":[[4.4553887,45.7892657],[4.4552724,45.7892154]]}},{"type":"Feature","id":"way/1154970907","properties":{"osm_id":1154970907,"highway":"unclassified"},"geometry":{"type":"LineString","coordinates":[[4.4516205,45.7934805],[4.4513121,45.7935094],[4.4509889,45.7935516],[4.4507744,45.7935787]]}},{"type":"Feature","id":"way/1154970908","properties":{"osm_id":1154970908,"alt_name":"Route de Saint-Martin","highway":"residential","name":"Route de Saint-Martin-les-Périls"},"geometry":{"type":"LineString","coordinates":[[4.4638908,45.7929362],[4.4646372,45.7927553],[4.464947,45.7926324],[4.4651288,45.7924773],[4.4652549,45.792294],[4.4652872,45.7921759],[4.4655351,45.7912705],[4.4656696,45.7911881]]}},{"type":"Feature","id":"way/1154970909","properties":{"osm_id":1154970909,"highway":"secondary","name":"Grand'Rue","ref":"D 24"},"geometry":{"type":"LineString","coordinates":[[4.4657328,45.7923386],[4.4657799,45.7921923],[4.4657951,45.7919899],[4.4656696,45.7911881]]}},{"type":"Feature","id":"way/1154970910","properties":{"osm_id":1154970910,"highway":"secondary","name":"Grand'Rue","ref":"D 24"},"geometry":{"type":"LineString","coordinates":[[4.4653347,45.7927957],[4.4657328,45.7923386]]}},{"type":"Feature","id":"way/1154970911","properties":{"osm_id":1154970911,"highway":"residential","name":"Rue des Usines"},"geometry":{"type":"LineString","coordinates":[[4.4663621,45.7925546],[4.4658823,45.7923845],[4.4658056,45.792361],[4.4657328,45.7923386]]}},{"type":"Feature","id":"way/1154970912","properties":{"osm_id":1154970912,"highway":"residential","name":"Rue de la Dîme"},"geometry":{"type":"LineString","coordinates":[[4.4672862,45.7910116],[4.4673788,45.7909069],[4.4674458,45.7908087],[4.4674806,45.7906998],[4.467431,45.7906778],[4.4672983,45.7906824],[4.4671889,45.7907078],[4.4669865,45.7907202]]}},{"type":"Feature","id":"way/1154970913","properties":{"osm_id":1154970913,"highway":"residential","name":"Montée de l'Église"},"geometry":{"type":"LineString","coordinates":[[4.4669865,45.7907202],[4.4669601,45.7906058],[4.4669298,45.7905754],[4.4667142,45.7904179]]}},{"type":"Feature","id":"way/1154970914","properties":{"osm_id":1154970914,"highway":"residential","name":"Rue des Remparts"},"geometry":{"type":"LineString","coordinates":[[4.4667606,45.7903952],[4.4667142,45.7904179]]}},{"type":"Feature","id":"way/1154970916","properties":{"osm_id":1154970916,"highway":"tertiary","name":"Route de Saint-Julien","ref":"D 24E1"},"geometry":{"type":"LineString","coordinates":[[4.4673203,45.792979],[4.4672811,45.7929076]]}},{"type":"Feature","id":"way/1154970917","properties":{"osm_id":1154970917,"highway":"unclassified"},"geometry":{"type":"LineString","coordinates":[[4.4775404,45.7956151],[4.4773331,45.7957946],[4.4771022,45.7959224],[4.4769342,45.7960153],[4.4763567,45.7962509],[4.4762046,45.7963519],[4.4757004,45.7967633],[4.4751318,45.7971261],[4.4747348,45.7973543],[4.4741412,45.7974964],[4.4734366,45.7976273],[4.4732242,45.7976702],[4.4731459,45.797686]]}},{"type":"Feature","id":"way/1154970918","properties":{"osm_id":1154970918,"highway":"service","name":"Sentier de la Petite Coursière","service":"driveway"},"geometry":{"type":"LineString","coordinates":[[4.4737668,45.7986768],[4.4736555,45.7985566],[4.4736035,45.7984764],[4.4735776,45.7983626],[4.4735683,45.7982139],[4.4735331,45.7980833],[4.4734533,45.7979837],[4.4731459,45.797686]]}},{"type":"Feature","id":"way/1154970919","properties":{"osm_id":1154970919,"highway":"path"},"geometry":{"type":"LineString","coordinates":[[4.4737668,45.7986768],[4.4738892,45.7988152],[4.4739421,45.7989016],[4.4739448,45.7989768],[4.4738817,45.7991824],[4.4737892,45.7993336],[4.4737932,45.7993719],[4.4738455,45.7994495],[4.4742385,45.7997197],[4.474331,45.7997637],[4.4749853,45.7999879],[4.4756622,45.8002194],[4.4762631,45.8005556],[4.4765265,45.8006706],[4.4769827,45.8008297],[4.4771004,45.8009307]]}},{"type":"Feature","id":"way/1154970920","properties":{"osm_id":1154970920,"highway":"unclassified"},"geometry":{"type":"LineString","coordinates":[[4.4731459,45.797686],[4.4730665,45.7977021],[4.4728055,45.7977881],[4.4727298,45.7978273]]}},{"type":"Feature","id":"way/1154970921","properties":{"osm_id":1154970921,"highway":"tertiary","name":"Route de Saint-Julien","ref":"D 24E1"},"geometry":{"type":"LineString","coordinates":[[4.4771004,45.8009307],[4.476981,45.8008662],[4.4763938,45.8007544],[4.4754399,45.8005685],[4.4744714,45.8004771],[4.4742143,45.8004584],[4.4739407,45.8004584],[4.4734273,45.8004835],[4.4730281,45.8005075],[4.4728249,45.8005332],[4.4726425,45.8005799],[4.4724575,45.8006435],[4.4722473,45.8007077],[4.4720739,45.800722],[4.4716069,45.8007183],[4.4714275,45.8007033],[4.4712783,45.8006605],[4.4711727,45.8006192],[4.4710788,45.8005519],[4.4710135,45.8004583],[4.470993,45.8003798],[4.4709849,45.8003237],[4.4709896,45.8002686],[4.4710044,45.8002309],[4.4710667,45.8001611],[4.4712022,45.8000666],[4.471393,45.7999644],[4.4715898,45.7998684],[4.4717877,45.7997988],[4.4719116,45.7997777],[4.4721716,45.7997509],[4.4723207,45.7997151],[4.4724494,45.7996618],[4.4725943,45.7995617],[4.4726828,45.7994738],[4.4727521,45.7993784],[4.4732057,45.7986979],[4.4732366,45.79858],[4.473242,45.7984659],[4.4732191,45.7983626],[4.4731575,45.7982284],[4.473069,45.7981134],[4.4729969,45.7980389],[4.4727298,45.7978273],[4.4726268,45.79775],[4.4724467,45.7976815],[4.4722535,45.7976503],[4.4721088,45.7976553],[4.4719171,45.7976943],[4.471522,45.7977765],[4.4713587,45.7978036],[4.4710895,45.7978142],[4.4708803,45.7978068],[4.4704447,45.7978136],[4.469532,45.7978722],[4.4693649,45.797904],[4.469153,45.797972],[4.4684029,45.7983633],[4.4681788,45.7984454],[4.4677883,45.7985245],[4.4675057,45.7985281],[4.4671884,45.7984946],[4.4668408,45.7984299],[4.4665004,45.7983223],[4.466342,45.7982836],[4.4661635,45.7982567],[4.4659653,45.7982535],[4.4652895,45.7982769],[4.4647925,45.7982946],[4.4645745,45.7982752],[4.4644311,45.7982503],[4.4643062,45.79822],[4.4641914,45.7981899],[4.4641185,45.7981536],[4.4640624,45.7981083],[4.4640219,45.7980639],[4.4639989,45.7980081],[4.463983,45.797962],[4.4639848,45.7979014],[4.4640273,45.7978292],[4.4640821,45.7977656],[4.464275,45.7976358],[4.4644149,45.7975384],[4.4645083,45.7974627],[4.4645651,45.7973869],[4.4646335,45.797277],[4.4648091,45.7968147],[4.4648793,45.796661],[4.4650463,45.7964173],[4.4650948,45.7963294],[4.4651138,45.796258],[4.4651216,45.7961508],[4.4651031,45.7959944],[4.4650935,45.79586],[4.4651232,45.7957433],[4.4654293,45.7953504],[4.4654935,45.7951837],[4.4654757,45.7948815],[4.4654793,45.7947369],[4.4655799,45.7945091],[4.4657515,45.7942933],[4.4659916,45.794084],[4.4663042,45.7939255],[4.4668471,45.7937275],[4.4671345,45.7936097],[4.4673232,45.7934597],[4.467414,45.7932994],[4.4674219,45.7931512],[4.4673203,45.792979]]}},{"type":"Feature","id":"way/1154970922","properties":{"osm_id":1154970922,"highway":"tertiary","name":"Route de Saint-Julien","ref":"D 24E1"},"geometry":{"type":"LineString","coordinates":[[4.4855634,45.8020093],[4.4853763,45.8019861],[4.4852731,45.801987],[4.4850866,45.8020001],[4.484919,45.8020422],[4.4846588,45.8021338],[4.4845086,45.8021768],[4.4835108,45.8023488],[4.4824782,45.8025302],[4.4822046,45.8025526],[4.4818962,45.8025433],[4.481577,45.8024947],[4.4812363,45.8023918],[4.4809654,45.8022535],[4.4807428,45.8021001],[4.4805577,45.8019038],[4.4804531,45.8017168],[4.4803405,45.8014289]]}},{"type":"Feature","id":"way/1154970923","properties":{"osm_id":1154970923,"highway":"path"},"geometry":{"type":"LineString","coordinates":[[4.4845324,45.8028764],[4.4846889,45.8025273],[4.484911,45.8023096]]}},{"type":"Feature","id":"way/1154970925","properties":{"osm_id":1154970925,"highway":"tertiary","name":"Route de la Grand'Cour","ref":"D 642"},"geometry":{"type":"LineString","coordinates":[[4.484911,45.8023096],[4.4854608,45.802073],[4.4855634,45.8020093]]}},{"type":"Feature","id":"way/1154970926","properties":{"osm_id":1154970926,"highway":"unclassified","name":"Chemin des Grandes Terres"},"geometry":{"type":"LineString","coordinates":[[4.4845324,45.8028764],[4.4843131,45.8029554],[4.4838861,45.8030881],[4.483444,45.8032107],[4.4832951,45.8032238],[4.4832054,45.8031861]]}},{"type":"Feature","id":"way/1158021769","properties":{"osm_id":1158021769,"highway":"service","name":"Place de la Madeleine"},"geometry":{"type":"LineString","coordinates":[[4.4658823,45.7923845],[4.465705,45.7926415]]}},{"type":"Feature","id":"way/1158021770","properties":{"osm_id":1158021770,"highway":"service","name":"Chemin du Versant"},"geometry":{"type":"LineString","coordinates":[[4.460071,45.7951054],[4.4599749,45.7946566]]}},{"type":"Feature","id":"way/1158021773","properties":{"osm_id":1158021773,"highway":"service","name":"Chemin du Lavoir","service":"driveway"},"geometry":{"type":"LineString","coordinates":[[4.4506539,45.8246667],[4.450871,45.8246958],[4.4508992,45.8247098],[4.4508965,45.8247948],[4.4510521,45.8250331],[4.4510534,45.8252518]]}},{"type":"Feature","id":"way/1158021774","properties":{"osm_id":1158021774,"highway":"service","name":"Impasse de la Cure","service":"alley"},"geometry":{"type":"LineString","coordinates":[[4.4501469,45.8242173],[4.4502179,45.8242173],[4.4503775,45.8241836],[4.4505358,45.8241995]]}},{"type":"Feature","id":"way/1158021775","properties":{"osm_id":1158021775,"highway":"service"},"geometry":{"type":"LineString","coordinates":[[4.4504404,45.8232157],[4.4502072,45.8233276],[4.4499604,45.8235005],[4.4497794,45.8235995],[4.4494924,45.8236462]]}},{"type":"Feature","id":"way/1158021776","properties":{"osm_id":1158021776,"highway":"track","name":"Impasse des Vernes"},"geometry":{"type":"LineString","coordinates":[[4.4927754,45.7867646],[4.4926196,45.7868577],[4.4924694,45.786925],[4.4923876,45.7869502],[4.4922763,45.7869652],[4.4921395,45.7869727],[4.4920966,45.7869792],[4.4918954,45.7870354],[4.4917774,45.7870634],[4.491654,45.7870887],[4.4916111,45.7871111],[4.491595,45.7871354],[4.4915937,45.7871766],[4.4916151,45.7872084],[4.4916768,45.7872467],[4.4917908,45.7872991],[4.4918351,45.7873355],[4.4918847,45.7874365],[4.4919021,45.7875263],[4.4918914,45.7875544],[4.4918525,45.7875712],[4.4917707,45.7875852],[4.4917171,45.7875824],[4.4916299,45.7875651],[4.4914971,45.7875151],[4.4914019,45.7874889]]}},{"type":"Feature","id":"way/1158021780","properties":{"osm_id":1158021780,"highway":"service"},"geometry":{"type":"LineString","coordinates":[[4.4719559,45.8043271],[4.4723314,45.8045833],[4.4726023,45.8047291],[4.4727793,45.8047815],[4.473069,45.8048581],[4.4732407,45.8049142],[4.4733224,45.8049645]]}},{"type":"Feature","id":"way/1158021781","properties":{"osm_id":1158021781,"highway":"residential","name":"Rue de l'Olivière"},"geometry":{"type":"LineString","coordinates":[[4.47082,45.7820291],[4.4705719,45.782059],[4.4703412,45.7821132],[4.470191,45.7821684],[4.469963,45.782319],[4.4699161,45.7823872],[4.4699603,45.78242],[4.470026,45.7824481]]}},{"type":"Feature","id":"way/1158021782","properties":{"osm_id":1158021782,"highway":"residential","name":"Impasse du Petit Verger"},"geometry":{"type":"LineString","coordinates":[[4.4688968,45.7825631],[4.4691677,45.7825509],[4.4692435,45.7825551],[4.4693253,45.7826253],[4.4695177,45.7826585],[4.4698624,45.7828025],[4.4699604,45.7828184]]}},{"type":"Feature","id":"way/1158021791","properties":{"osm_id":1158021791,"highway":"track","name":"Impasse du Renevier du Haut"},"geometry":{"type":"LineString","coordinates":[[4.4692697,45.8013961],[4.4693555,45.8013559],[4.4695473,45.8013335],[4.4700623,45.8013167],[4.4702715,45.8013195]]}},{"type":"Feature","id":"way/1158021792","properties":{"osm_id":1158021792,"highway":"unclassified","name":"Impasse du Renevier du Haut"},"geometry":{"type":"LineString","coordinates":[[4.4702715,45.8013195],[4.470368,45.8013092],[4.4703975,45.8012942],[4.4703895,45.8012606],[4.4702876,45.8012063],[4.4701347,45.8011558],[4.469963,45.8010642],[4.4697914,45.8009165],[4.4697189,45.8008324],[4.4697109,45.8007893],[4.4697243,45.8007052],[4.4698155,45.8006491],[4.4703761,45.8004378],[4.4707167,45.8003555],[4.4708911,45.8002938],[4.4710044,45.8002309]]}},{"type":"Feature","id":"way/1158021794","properties":{"osm_id":1158021794,"highway":"service","name":"Impasse des Limousines"},"geometry":{"type":"LineString","coordinates":[[4.469532,45.7978722],[4.4695909,45.7978923],[4.4697283,45.7979049],[4.4699858,45.797918],[4.4702165,45.7979358],[4.4705075,45.7979788],[4.4706993,45.7980283],[4.4709997,45.7981312],[4.4713712,45.7982116],[4.4715281,45.7982771],[4.471626,45.7983528],[4.4716877,45.7984519]]}},{"type":"Feature","id":"way/1158021795","properties":{"osm_id":1158021795,"highway":"unclassified","name":"Chemin des Chasseurs"},"geometry":{"type":"LineString","coordinates":[[4.4709742,45.79894],[4.4710949,45.798796],[4.4712585,45.7986557],[4.4714382,45.7985491],[4.4716877,45.7984519],[4.4719693,45.7983285],[4.4720712,45.7982051],[4.4721436,45.7981452],[4.4723529,45.7980255],[4.4726613,45.7978834],[4.4727298,45.7978273]]}},{"type":"Feature","id":"way/1158021796","properties":{"osm_id":1158021796,"highway":"track","name":"Chemin des Chasseurs"},"geometry":{"type":"LineString","coordinates":[[4.4709742,45.79894],[4.4708642,45.7990241],[4.4707543,45.7990765],[4.4704324,45.7992036],[4.4702286,45.7992541],[4.4700569,45.799314],[4.4697806,45.7994393],[4.4695795,45.7995066],[4.4692764,45.7995608],[4.4685709,45.7996954],[4.4676697,45.7998899],[4.4675678,45.7999016],[4.4674198,45.7999059]]}},{"type":"Feature","id":"way/1158021797","properties":{"osm_id":1158021797,"highway":"unclassified","name":"Impasse de la Bergerie"},"geometry":{"type":"LineString","coordinates":[[4.4733224,45.8049645],[4.473348,45.8048955],[4.473356,45.8047759],[4.4733667,45.8046768],[4.473651,45.8041906],[4.4737208,45.8040111],[4.47393,45.8037007],[4.4740158,45.8035119],[4.4740534,45.8033772],[4.4741741,45.8027621],[4.4742063,45.8025096],[4.4742036,45.8024012],[4.4741741,45.8022722]]}},{"type":"Feature","id":"way/1158021799","properties":{"osm_id":1158021799,"highway":"residential","name":"Chemin du Bâchât"},"geometry":{"type":"LineString","coordinates":[[4.4713095,45.811101],[4.4710453,45.8115104],[4.4710609,45.8115372],[4.471217,45.8115188],[4.4714436,45.8114917],[4.4717896,45.8114618],[4.4721034,45.8114113],[4.4722107,45.8113683],[4.472369,45.8112674],[4.4725621,45.8110954],[4.4726279,45.8110812]]}},{"type":"Feature","id":"way/1158021800","properties":{"osm_id":1158021800,"highway":"residential","name":"Chemin de Mazieux"},"geometry":{"type":"LineString","coordinates":[[4.4700247,45.8133313],[4.4703251,45.8129219],[4.4704887,45.8127163],[4.4706175,45.8125798],[4.4706617,45.8124433],[4.4707891,45.8122171],[4.4709071,45.81209],[4.4710144,45.8119965],[4.4710922,45.8119741],[4.4711873,45.8119866]]}},{"type":"Feature","id":"way/1158021801","properties":{"osm_id":1158021801,"highway":"service","name":"Impasse Fleurie","old_name":"Chemin Fleuri","service":"alley"},"geometry":{"type":"LineString","coordinates":[[4.4702246,45.8121741],[4.4705236,45.8121788],[4.4706054,45.8123554],[4.4706617,45.8124433]]}},{"type":"Feature","id":"way/1158021802","properties":{"osm_id":1158021802,"highway":"unclassified","name":"Impasse d'Armont"},"geometry":{"type":"LineString","coordinates":[[4.4542265,45.8131051],[4.4544625,45.813107],[4.4546798,45.8130715],[4.4550768,45.8129817],[4.4551572,45.812978],[4.4552296,45.8129836],[4.4554684,45.813021],[4.4555595,45.813021],[4.4556883,45.8129986],[4.4564366,45.8127499],[4.4566539,45.8126583],[4.4569355,45.81252],[4.4572628,45.8123143],[4.4573955,45.8122498],[4.4574867,45.8122293],[4.4575122,45.8122423],[4.4575202,45.8122704],[4.4574384,45.8124424]]}},{"type":"Feature","id":"way/1168266251","properties":{"osm_id":1168266251,"bicycle":"yes","foot":"yes","highway":"path"},"geometry":{"type":"LineString","coordinates":[[4.4672891,45.8017711],[4.4676818,45.8019281],[4.4678809,45.8020572],[4.4679876,45.8021628],[4.4680908,45.8022301],[4.4683363,45.802361],[4.4687694,45.8026312],[4.4688982,45.8026835],[4.468976,45.8026873],[4.4692442,45.80259],[4.4694078,45.802562],[4.4695553,45.8025863],[4.4697404,45.8026443],[4.4698235,45.8026555],[4.4699979,45.8026256],[4.4701642,45.8026162],[4.4705611,45.8026686],[4.470816,45.8028537],[4.4709715,45.8030014],[4.4712195,45.8034326],[4.4715933,45.8040081],[4.4716306,45.8040685],[4.4717869,45.8042233],[4.4719559,45.8043271]]}},{"type":"Feature","id":"way/1237480500","properties":{"osm_id":1237480500,"highway":"footway"},"geometry":{"type":"LineString","coordinates":[[4.4846743,45.7781963],[4.4847,45.7782116],[4.4847497,45.7782253],[4.4848041,45.7782319],[4.4848612,45.7782436],[4.484923,45.7782534],[4.4849587,45.7782652],[4.4850046,45.7782776],[4.4850702,45.7783077]]}},{"type":"Feature","id":"way/1256674919","properties":{"osm_id":1256674919,"highway":"path"},"geometry":{"type":"LineString","coordinates":[[4.4602802,45.8251976],[4.4603352,45.8252472],[4.4603714,45.8252574],[4.4604197,45.8252593],[4.4606303,45.8252247],[4.4607161,45.82522],[4.4608435,45.825249],[4.4609213,45.8252799],[4.4609696,45.8253154],[4.4609857,45.825349],[4.4610178,45.8255397],[4.4610125,45.825734],[4.4609776,45.825992],[4.460991,45.8263583]]}},{"type":"Feature","id":"way/1256674920","properties":{"osm_id":1256674920,"highway":"track"},"geometry":{"type":"LineString","coordinates":[[4.4407698,45.815312],[4.4406733,45.8152494],[4.4403809,45.8148512],[4.4402602,45.8147185],[4.4402897,45.8144979]]}},{"type":"Feature","id":"way/1256674921","properties":{"osm_id":1256674921,"highway":"path"},"geometry":{"type":"LineString","coordinates":[[4.4393244,45.811866],[4.4394931,45.8120115],[4.4396836,45.8121386],[4.4397667,45.8122096],[4.439984,45.8125555],[4.4400993,45.812864],[4.4401717,45.8134098],[4.440161,45.8135987],[4.4400778,45.8141876],[4.44011,45.8144605],[4.4401583,45.8145932],[4.4402602,45.8147185]]}},{"type":"Feature","id":"way/1256674922","properties":{"osm_id":1256674922,"highway":"track","tracktype":"grade3"},"geometry":{"type":"LineString","coordinates":[[4.4410005,45.8147503],[4.4410863,45.8147428],[4.4411936,45.8146998],[4.4413868,45.814554],[4.4416389,45.8144081],[4.4420305,45.8142885],[4.4422719,45.8142511],[4.4425294,45.8141632],[4.4426098,45.8141464],[4.4427332,45.8141352],[4.4431704,45.8141352],[4.4434226,45.8141165],[4.4439805,45.8140081],[4.4442084,45.8139651],[4.444305,45.8139576],[4.4444793,45.8139875]]}},{"type":"Feature","id":"way/1256674923","properties":{"osm_id":1256674923,"highway":"track"},"geometry":{"type":"LineString","coordinates":[[4.4612186,45.8068984],[4.4609749,45.8070179],[4.4607871,45.807145],[4.4605886,45.8073095],[4.4604974,45.8073881],[4.4603633,45.8074666],[4.4602238,45.8074928],[4.4601487,45.8075863],[4.4600683,45.8077097],[4.4598432,45.8079667],[4.4594124,45.8081405],[4.4592961,45.8081874],[4.4564181,45.8095995],[4.4562355,45.8097904],[4.4557499,45.8099831]]}},{"type":"Feature","id":"way/1256674924","properties":{"osm_id":1256674924,"highway":"track"},"geometry":{"type":"LineString","coordinates":[[4.4703278,45.818018],[4.4700167,45.8177787],[4.4698504,45.8176534],[4.4696251,45.8175301],[4.4694024,45.8174403],[4.4690886,45.8172459],[4.4690296,45.8172235],[4.4689545,45.8172291],[4.4687347,45.8173116]]}},{"type":"Feature","id":"way/1256674942","properties":{"osm_id":1256674942,"access":"agricultural","highway":"track"},"geometry":{"type":"LineString","coordinates":[[4.4547294,45.8238434],[4.4548622,45.8239061],[4.4549426,45.823921],[4.4556105,45.8239621],[4.4559726,45.8240107],[4.4565117,45.8241098],[4.4568577,45.824164]]}},{"type":"Feature","id":"way/1256674950","properties":{"osm_id":1256674950,"highway":"unclassified","name":"Chemin du Petit Pont"},"geometry":{"type":"LineString","coordinates":[[4.4476779,45.8223257],[4.4478214,45.822392],[4.447867,45.8224593],[4.4479206,45.8226986],[4.4479823,45.8231939],[4.4480091,45.8235472],[4.448052,45.8237416],[4.4482452,45.8240444],[4.4483498,45.8241304],[4.4484436,45.8241696],[4.4486291,45.8242108],[4.4488433,45.824249],[4.4489278,45.8242761]]}},{"type":"Feature","id":"way/1256674951","properties":{"osm_id":1256674951,"bridge":"yes","highway":"unclassified","layer":"1","name":"Chemin du Petit Pont"},"geometry":{"type":"LineString","coordinates":[[4.4475773,45.8223061],[4.4476779,45.8223257]]}},{"type":"Feature","id":"way/1256674952","properties":{"osm_id":1256674952,"access":"private","highway":"track","tracktype":"grade2"},"geometry":{"type":"LineString","coordinates":[[4.4488608,45.8229668],[4.448795,45.8232612],[4.4487816,45.82345],[4.448854,45.8241976],[4.4488755,45.8242276],[4.4489278,45.8242761]]}},{"type":"Feature","id":"way/1256674954","properties":{"osm_id":1256674954,"highway":"unclassified","name":"Route du Grand Chemin"},"geometry":{"type":"LineString","coordinates":[[4.4474351,45.8330333],[4.4475827,45.8330136]]}},{"type":"Feature","id":"way/1256674955","properties":{"osm_id":1256674955,"bridge":"yes","highway":"unclassified","layer":"1","name":"Route du Grand Chemin"},"geometry":{"type":"LineString","coordinates":[[4.447301,45.833094],[4.4474351,45.8330333]]}},{"type":"Feature","id":"way/1256674956","properties":{"osm_id":1256674956,"highway":"track"},"geometry":{"type":"LineString","coordinates":[[4.4484732,45.8205322],[4.4486341,45.8206443],[4.4487494,45.8207864],[4.4488084,45.8209284],[4.4490257,45.8215621],[4.4493368,45.8221509],[4.4494253,45.822336],[4.4496828,45.8226444],[4.4499135,45.8228855],[4.4501039,45.823007],[4.4502506,45.8230849]]}},{"type":"Feature","id":"way/1257726480","properties":{"osm_id":1257726480,"highway":"path","source":"Strava"},"geometry":{"type":"LineString","coordinates":[[4.477213,45.8138908],[4.4769336,45.8137927],[4.4767747,45.8138351],[4.4766205,45.8138335],[4.4762982,45.8139263],[4.4762117,45.813879],[4.476179,45.8136999],[4.4762094,45.8135371],[4.4762468,45.8134948],[4.4763659,45.8134297],[4.4764336,45.8133727],[4.4765715,45.8132327],[4.4767186,45.8131789],[4.4771788,45.8129933],[4.4773704,45.812951],[4.4774708,45.8128891],[4.4780291,45.8125667],[4.478209,45.8125032],[4.4782581,45.8124707],[4.4787416,45.8122362],[4.4792252,45.8119936],[4.4793817,45.8118861],[4.4794401,45.8118356],[4.479662,45.8117656],[4.4797427,45.8117711]]}},{"type":"Feature","id":"way/1257726481","properties":{"osm_id":1257726481,"highway":"path","source":"Strava"},"geometry":{"type":"LineString","coordinates":[[4.4802541,45.8115681],[4.4800846,45.8113264],[4.4799066,45.8112023],[4.4794101,45.811328],[4.4784053,45.8113623],[4.4782297,45.8113542],[4.4781407,45.8113329],[4.4778596,45.8113329],[4.4773139,45.8113852],[4.4768783,45.8114195],[4.4767273,45.8113764]]}},{"type":"Feature","id":"way/1271717314","properties":{"osm_id":1271717314,"alt_name":"Route Départementale 24","highway":"secondary","name":"Route de Lyon","oneway":"no","ref":"D 24","surface":"asphalt"},"geometry":{"type":"LineString","coordinates":[[4.4967543,45.7887649],[4.4964285,45.7885419],[4.4961329,45.7883373],[4.4957499,45.7880032],[4.4951893,45.7876703],[4.4948513,45.7874272],[4.4944409,45.7869932],[4.4943149,45.78691],[4.4941606,45.7868474],[4.493985,45.78681],[4.4937664,45.7867931],[4.4934579,45.7868146],[4.4929953,45.7868595],[4.4928826,45.7868436],[4.4927953,45.7867987],[4.4927754,45.7867646],[4.4927565,45.7867324],[4.4927587,45.7866727],[4.4927806,45.7866285],[4.4928364,45.7865885],[4.4930001,45.7865492],[4.4933809,45.7865043],[4.4940842,45.7864583],[4.4945665,45.7864557],[4.4952156,45.786452],[4.4953341,45.7864303],[4.4954449,45.7863603],[4.4954601,45.7862666],[4.4954234,45.7862022],[4.4953408,45.7861478],[4.4952134,45.7861207],[4.4950069,45.7861216],[4.4942339,45.7861901],[4.4938696,45.786189],[4.4935156,45.7861366],[4.4931932,45.7860405],[4.4929737,45.7859589],[4.4927511,45.7859019],[4.4925445,45.7858738],[4.4921328,45.7858598],[4.4916943,45.7858635],[4.4911538,45.7858981],[4.4903237,45.7859019],[4.4889678,45.7859178],[4.488709,45.7858851],[4.4883282,45.7857737],[4.4877608,45.7855633],[4.4875772,45.7855231],[4.4873746,45.7855044],[4.4870272,45.785554],[4.486814,45.7856269],[4.4866826,45.7857326],[4.4866504,45.7858168],[4.4866531,45.7859038],[4.486692,45.7859804],[4.4867564,45.786058],[4.4871211,45.7863667],[4.4874202,45.7866052],[4.4877784,45.7868642],[4.4878601,45.7869512],[4.4878932,45.7870505],[4.4878855,45.7871195],[4.4878386,45.7872102],[4.4877461,45.7873056],[4.4875905,45.7874001],[4.4874416,45.7874637],[4.4871439,45.7875245],[4.4868369,45.7875805],[4.4867027,45.7876544],[4.4866557,45.7877049],[4.4866236,45.7877928],[4.4866325,45.7878921],[4.486684,45.7881753],[4.486692,45.7882707],[4.4866867,45.7883567],[4.4866101,45.7884727],[4.4864076,45.7886541],[4.486122,45.7888945],[4.4857867,45.7891039],[4.4855627,45.7891965],[4.4854367,45.7892227],[4.4853334,45.7892283],[4.4851939,45.7892208],[4.4840124,45.788988],[4.4837214,45.7889048],[4.4835202,45.7888225],[4.4834009,45.7887505],[4.4833057,45.7886682],[4.4832493,45.788584],[4.4831837,45.7883811],[4.4831367,45.7883203],[4.4830401,45.7882427],[4.4828833,45.7881865],[4.4827344,45.7881641],[4.4825372,45.7881697],[4.4823682,45.7881875],[4.4817862,45.7882876],[4.4815381,45.7883044],[4.4813545,45.7882782],[4.4811626,45.7882305],[4.4809802,45.7881463],[4.4807415,45.7879958],[4.4802971,45.787649],[4.4799007,45.7872962],[4.4797449,45.7871575],[4.4795627,45.7870381],[4.4794244,45.7869856],[4.4792784,45.7869484],[4.4791039,45.7869473],[4.4789332,45.7869603],[4.4786556,45.7870318],[4.4777598,45.7873011],[4.4774648,45.7873384],[4.4772252,45.7873286],[4.4770114,45.7872917],[4.4767865,45.7872159],[4.4765974,45.7871579],[4.4762202,45.7870075],[4.4759171,45.7868298],[4.4756794,45.7866832],[4.4754477,45.786581],[4.4751532,45.7865294],[4.474673,45.7864733],[4.4738389,45.7863966],[4.4732381,45.7862787],[4.4727065,45.7861864]]}},{"type":"Feature","id":"way/1271717315","properties":{"osm_id":1271717315,"alt_name":"Route Départementale 24","highway":"secondary","name":"Route de Saint-Irénée","oneway":"no","ref":"D 24"},"geometry":{"type":"LineString","coordinates":[[4.4968857,45.7888458],[4.4967543,45.7887649]]}},{"type":"Feature","id":"way/1271993965","properties":{"osm_id":1271993965,"highway":"unclassified","name":"Chemin de Pothu"},"geometry":{"type":"LineString","coordinates":[[4.4806624,45.7802857],[4.4808448,45.7804017],[4.4812471,45.7804915],[4.4818479,45.7805102],[4.4823897,45.7805326],[4.4828243,45.7806187],[4.4831914,45.7807894],[4.4836879,45.7808861],[4.4842337,45.7809404],[4.4846736,45.7809376],[4.4848868,45.780902]]}},{"type":"Feature","id":"way/1271993966","properties":{"osm_id":1271993966,"highway":"track"},"geometry":{"type":"LineString","coordinates":[[4.4658546,45.7881985],[4.465897,45.7880928],[4.465897,45.7878435],[4.4658465,45.787591],[4.4657228,45.7872746],[4.4657279,45.7871053]]}},{"type":"Feature","id":"way/1271993967","properties":{"osm_id":1271993967,"highway":"unclassified","name":"Chemin de la Petite Olivière"},"geometry":{"type":"LineString","coordinates":[[4.469271,45.7861352],[4.4694269,45.7861587],[4.4699245,45.786097],[4.4702903,45.7860543],[4.470482,45.7860468],[4.4707223,45.786049],[4.4714743,45.7860807],[4.4719748,45.7861189],[4.4722261,45.7861886]]}},{"type":"Feature","id":"way/1271993969","properties":{"osm_id":1271993969,"highway":"track"},"geometry":{"type":"LineString","coordinates":[[4.4852976,45.7775427],[4.4848224,45.778041],[4.4844253,45.778395],[4.4841195,45.7786156],[4.4837952,45.7788495],[4.4834622,45.7790934],[4.48317,45.779278],[4.4828861,45.7793573],[4.4824005,45.7795049],[4.4818557,45.7797195],[4.4816334,45.7799191],[4.4813759,45.7800724],[4.4810779,45.7801909],[4.4808901,45.7802395],[4.4806624,45.7802857]]}},{"type":"Feature","id":"way/1273861463","properties":{"osm_id":1273861463,"highway":"secondary","lanes":"2","name":"Route de Saint-Laurent","oneway":"no","ref":"D 4","surface":"asphalt"},"geometry":{"type":"LineString","coordinates":[[4.4438325,45.7848719],[4.44403,45.7850228],[4.4441454,45.7851547],[4.4442084,45.7852688],[4.4443194,45.7855818],[4.444356,45.7857887],[4.4443426,45.7859515],[4.4441875,45.7865446],[4.4441079,45.7868203],[4.4440622,45.7870634],[4.4440845,45.7872438]]}},{"type":"Feature","id":"way/1275265077","properties":{"osm_id":1275265077,"highway":"residential","name":"Impasse des Saules"},"geometry":{"type":"LineString","coordinates":[[4.464128,45.7917925],[4.4640514,45.7918177],[4.4631442,45.792275]]}},{"type":"Feature","id":"way/1275265078","properties":{"osm_id":1275265078,"highway":"secondary","name":"Grand'Rue","ref":"D 24"},"geometry":{"type":"LineString","coordinates":[[4.4656696,45.7911881],[4.4656581,45.7910547]]}},{"type":"Feature","id":"way/1275265079","properties":{"osm_id":1275265079,"highway":"tertiary","name":"Route de Saint-Julien","ref":"D 24E1"},"geometry":{"type":"LineString","coordinates":[[4.4803405,45.8014289],[4.4802815,45.8011409],[4.4801967,45.8010336],[4.4800776,45.8009932],[4.479885,45.8010042],[4.4795787,45.8010845],[4.4793872,45.801171],[4.4792957,45.8012919],[4.4792155,45.8015506],[4.4791496,45.8016589],[4.478986,45.8018421],[4.4786571,45.8021075],[4.4783621,45.8023107],[4.4782551,45.8023264],[4.4781513,45.8023018],[4.4780807,45.8022666],[4.4780309,45.8022077],[4.478007,45.8020459],[4.4779828,45.8019506],[4.477886,45.8018149],[4.4776636,45.801657],[4.4774517,45.8014831],[4.4773364,45.8013466],[4.4771701,45.8009932],[4.4771004,45.8009307]]}},{"type":"Feature","id":"way/1275265080","properties":{"osm_id":1275265080,"highway":"tertiary","name":"Route de la Grand'Cour","ref":"D 642"},"geometry":{"type":"LineString","coordinates":[[4.480593,45.8050612],[4.4806115,45.8049422],[4.4806402,45.8048184],[4.4806871,45.8047095],[4.4807884,45.8045431],[4.4809307,45.8043812],[4.4811076,45.8042392],[4.4813147,45.8040972],[4.4813547,45.8040691],[4.4827546,45.8033416],[4.4830282,45.8032453],[4.4832054,45.8031861]]}},{"type":"Feature","id":"way/1275265081","properties":{"osm_id":1275265081,"highway":"tertiary","name":"Route de la Grand'Cour","ref":"D 642"},"geometry":{"type":"LineString","coordinates":[[4.4832054,45.8031861],[4.4835177,45.8030966],[4.4836684,45.8030277],[4.4840547,45.8027397],[4.4843961,45.8025226],[4.484911,45.8023096]]}},{"type":"Feature","id":"way/1275265087","properties":{"osm_id":1275265087,"highway":"unclassified","name":"Route des Roches"},"geometry":{"type":"LineString","coordinates":[[4.4789147,45.8096237],[4.4788831,45.8096205],[4.478848,45.8096246],[4.4788023,45.8096376],[4.4786665,45.8097339],[4.4785517,45.8097862],[4.4783152,45.8098751],[4.4779481,45.8099718],[4.4774636,45.8100666],[4.4771142,45.8101202],[4.4768489,45.8101419],[4.4765586,45.81014],[4.4760276,45.810141],[4.4753839,45.8101737],[4.4751397,45.810197],[4.4748421,45.8101999],[4.4747065,45.8101886],[4.4745967,45.810154],[4.4742895,45.8099418],[4.4739918,45.8097717],[4.473678,45.8096951],[4.4733213,45.8096324],[4.473104,45.8095455],[4.4727231,45.8092912],[4.4724764,45.8091716],[4.4724139,45.8091791]]}},{"type":"Feature","id":"way/1275265088","properties":{"osm_id":1275265088,"highway":"unclassified","name":"Route des Roches"},"geometry":{"type":"LineString","coordinates":[[4.4801853,45.809098],[4.4799959,45.8091716],[4.4798995,45.8092197],[4.4797881,45.8092908],[4.4797108,45.809371],[4.4794877,45.8097325],[4.479139,45.8100316],[4.478766,45.8103706],[4.478725,45.8103902],[4.4786735,45.810391],[4.4786302,45.8103788],[4.4786208,45.8103396],[4.4786266,45.8103127],[4.4787527,45.8101288],[4.4788815,45.8099568],[4.478951,45.8097225],[4.4789616,45.8096801],[4.4789487,45.8096499],[4.4789147,45.8096237]]}},{"type":"Feature","id":"way/1275265089","properties":{"osm_id":1275265089,"highway":"tertiary","name":"Route d'Ancy","ref":"D 7","source":"cadastre-dgi-fr source : Direction Générale des Impôts - Cadastre ; mise à jour : 2010"},"geometry":{"type":"LineString","coordinates":[[4.4724139,45.8091791],[4.472386,45.8091136]]}},{"type":"Feature","id":"way/1275265090","properties":{"osm_id":1275265090,"highway":"tertiary","name":"Route d'Ancy","ref":"D 7"},"geometry":{"type":"LineString","coordinates":[[4.472386,45.8091136],[4.4721517,45.8088238],[4.4721074,45.8087135],[4.4720901,45.808532],[4.4721007,45.8084293],[4.4721457,45.8082854],[4.4726427,45.8074663],[4.472664,45.8073187],[4.4726828,45.8072271],[4.4726159,45.8070101],[4.4725835,45.8068382],[4.4725889,45.8066774],[4.4726586,45.8064643],[4.4732078,45.8055407],[4.4732836,45.8052788],[4.4732621,45.8051274]]}},{"type":"Feature","id":"way/1275265091","properties":{"osm_id":1275265091,"highway":"unclassified","name":"Impasse de la Bergerie"},"geometry":{"type":"LineString","coordinates":[[4.4732621,45.8051274],[4.4733224,45.8049645]]}},{"type":"Feature","id":"way/1275265092","properties":{"osm_id":1275265092,"highway":"unclassified","name":"Impasse des Mésanges"},"geometry":{"type":"LineString","coordinates":[[4.4663253,45.8001181],[4.4661356,45.8002462],[4.4655402,45.8004173],[4.4653845,45.800501],[4.4652827,45.8005557],[4.4642975,45.8014046],[4.4641849,45.8015654],[4.4642331,45.8016851],[4.4644263,45.8018609]]}},{"type":"Feature","id":"way/1275265093","properties":{"osm_id":1275265093,"highway":"residential","name":"Chemin de Montaly","old_name":"LaCroix Matillon"},"geometry":{"type":"LineString","coordinates":[[4.4629932,45.7943872],[4.4636118,45.7947879],[4.4639154,45.7950555],[4.4641795,45.7953047],[4.4641434,45.7953958]]}},{"type":"Feature","id":"way/1275265094","properties":{"osm_id":1275265094,"highway":"secondary","name":"Grand'Rue","ref":"D 24"},"geometry":{"type":"LineString","coordinates":[[4.4629932,45.7943872],[4.4635421,45.7942157],[4.4637832,45.794118],[4.4640267,45.7939841],[4.4642591,45.7938154],[4.4645541,45.7935797],[4.4648713,45.7932962],[4.4653347,45.7927957]]}},{"type":"Feature","id":"way/1275265095","properties":{"osm_id":1275265095,"highway":"secondary","name":"Grand'Rue","ref":"D 24"},"geometry":{"type":"LineString","coordinates":[[4.462888,45.7944163],[4.4629932,45.7943872]]}},{"type":"Feature","id":"way/1275265096","properties":{"osm_id":1275265096,"alt_name":"Route de Saint-Martin","highway":"unclassified","name":"Route de Saint-Martin-les-Périls"},"geometry":{"type":"LineString","coordinates":[[4.4579289,45.7935575],[4.4582216,45.7934289],[4.4584514,45.7933479],[4.4586466,45.7933215],[4.4590129,45.7932952],[4.4591812,45.793255],[4.4594327,45.793197],[4.4595252,45.7931577],[4.459692,45.7930755],[4.4601716,45.7928903],[4.4605641,45.792791],[4.4608299,45.792734]]}},{"type":"Feature","id":"way/1275267128","properties":{"osm_id":1275267128,"highway":"secondary","name":"Grand'Rue","ref":"D 24"},"geometry":{"type":"LineString","coordinates":[[4.4617139,45.7946931],[4.462888,45.7944163]]}},{"type":"Feature","id":"way/1275267129","properties":{"osm_id":1275267129,"highway":"residential","name":"Chemin de la Croix Matillon","old_name":"LaCroix Matillon"},"geometry":{"type":"LineString","coordinates":[[4.4618285,45.7950438],[4.4618252,45.794953],[4.4618104,45.7948707],[4.4617139,45.7946931]]}},{"type":"Feature","id":"way/1275267130","properties":{"osm_id":1275267130,"highway":"residential","name":"Chemin de la Croix Matillon"},"geometry":{"type":"LineString","coordinates":[[4.4605037,45.7953919],[4.4613357,45.7951241],[4.461561,45.7950755],[4.4618285,45.7950438]]}},{"type":"Feature","id":"way/1275267131","properties":{"osm_id":1275267131,"highway":"tertiary","name":"Route d'Ancy","ref":"D 7","source":"cadastre-dgi-fr source : Direction Générale des Impôts - Cadastre ; mise à jour : 2010"},"geometry":{"type":"LineString","coordinates":[[4.4595574,45.7989166],[4.4577539,45.7990639],[4.4573674,45.7991157],[4.4570576,45.7991908],[4.456898,45.7992223],[4.4567397,45.7992149],[4.4565894,45.7991165]]}},{"type":"Feature","id":"way/1275267132","properties":{"osm_id":1275267132,"highway":"tertiary","name":"Route d'Ancy","ref":"D 7","source":"cadastre-dgi-fr source : Direction Générale des Impôts - Cadastre ; mise à jour : 2010"},"geometry":{"type":"LineString","coordinates":[[4.4609179,45.7991869],[4.4606048,45.7990447],[4.4603064,45.7989251],[4.460065,45.7988989],[4.4595574,45.7989166]]}},{"type":"Feature","id":"way/1275267133","properties":{"osm_id":1275267133,"highway":"unclassified","name":"Chemin des Monts"},"geometry":{"type":"LineString","coordinates":[[4.459949,45.8027901],[4.4599094,45.8031211],[4.4599577,45.8032558],[4.4600777,45.8034081],[4.4605853,45.8039252]]}},{"type":"Feature","id":"way/1275267134","properties":{"osm_id":1275267134,"highway":"track"},"geometry":{"type":"LineString","coordinates":[[4.4597898,45.8037621],[4.4593468,45.8036166],[4.4591752,45.8034315],[4.4590974,45.803209],[4.4588989,45.8028556],[4.4588909,45.8027322],[4.4589499,45.8024872],[4.4591405,45.8021555],[4.4593012,45.8019075],[4.4594648,45.8017692],[4.4595829,45.8016439],[4.4596392,45.8015392],[4.4596231,45.8014382],[4.4595641,45.8013185],[4.4594452,45.8012342]]}},{"type":"Feature","id":"way/1275267135","properties":{"osm_id":1275267135,"highway":"track"},"geometry":{"type":"LineString","coordinates":[[4.4623878,45.8006641],[4.4621443,45.8006717],[4.4619244,45.8006867],[4.4615999,45.8007912],[4.4612405,45.8007389],[4.4610205,45.8007669],[4.4605216,45.8007987],[4.4602346,45.8008211],[4.4596072,45.8010709],[4.4594452,45.8012342]]}},{"type":"Feature","id":"way/1275267136","properties":{"osm_id":1275267136,"highway":"track"},"geometry":{"type":"LineString","coordinates":[[4.4594452,45.8012342],[4.4592704,45.8011521],[4.4591457,45.8010474],[4.4590344,45.8009109],[4.4589418,45.800838],[4.4587742,45.8007669],[4.4584939,45.8006566],[4.4584181,45.8005968]]}},{"type":"Feature","id":"way/1275267137","properties":{"osm_id":1275267137,"highway":"track","name":"Chemin des Mélèzes"},"geometry":{"type":"LineString","coordinates":[[4.4555663,45.8020581],[4.4555113,45.801987],[4.4554254,45.8019337],[4.45529,45.801858],[4.4552256,45.8018019],[4.4551854,45.8017738],[4.4551277,45.8017505],[4.4550982,45.8017028],[4.4550687,45.8016757],[4.4549842,45.8016504],[4.4548434,45.8015869],[4.4546905,45.8014915],[4.4545832,45.8014419],[4.4544505,45.8013952],[4.4542842,45.8013513],[4.454205,45.80134],[4.4541366,45.8013139],[4.4539449,45.8012073],[4.4537799,45.8011745],[4.4536337,45.8011689],[4.4534795,45.8012007],[4.4532341,45.8012849],[4.4531576,45.8012933],[4.4530772,45.8012924],[4.4529685,45.8012727],[4.4528492,45.8012194],[4.4527352,45.8010923],[4.4526064,45.8008641],[4.4525463,45.8005343],[4.4526013,45.8002893],[4.4523974,45.7999527],[4.4521646,45.7994886],[4.4519338,45.798922],[4.4519764,45.7988118]]}},{"type":"Feature","id":"way/1275267138","properties":{"osm_id":1275267138,"highway":"track"},"geometry":{"type":"LineString","coordinates":[[4.4558305,45.8024068],[4.455758,45.8023133],[4.4556347,45.8022133],[4.4555917,45.8021684],[4.4555743,45.8021216],[4.4555663,45.8020581]]}},{"type":"Feature","id":"way/1275267140","properties":{"osm_id":1275267140,"highway":"track"},"geometry":{"type":"LineString","coordinates":[[4.4598432,45.8079667],[4.4594836,45.8078964]]}},{"type":"Feature","id":"way/1275267141","properties":{"osm_id":1275267141,"highway":"track"},"geometry":{"type":"LineString","coordinates":[[4.4524831,45.8053461],[4.4524187,45.8050993],[4.4523489,45.8048712],[4.4523489,45.8047553],[4.4523704,45.8045571],[4.4523784,45.8043869],[4.4523677,45.8043346],[4.452247,45.8042018],[4.4522417,45.8041083],[4.452306,45.804013],[4.4527084,45.8037493],[4.4528559,45.803783],[4.4533789,45.8039662],[4.4535372,45.8039494],[4.4538939,45.8037886],[4.4541943,45.8037325],[4.4544035,45.8036858],[4.4548541,45.8034838],[4.4553718,45.8030912],[4.4555609,45.8029874],[4.4556253,45.8029425],[4.4556829,45.8028658],[4.4557205,45.8027789],[4.4557299,45.8026966],[4.4557312,45.802619],[4.4557312,45.8025498],[4.4557688,45.8024694],[4.4558305,45.8024068]]}},{"type":"Feature","id":"way/1275267142","properties":{"osm_id":1275267142,"highway":"tertiary","name":"Route d'Albigny","ref":"D 111"},"geometry":{"type":"LineString","coordinates":[[4.4453914,45.8059294],[4.4454899,45.8058062],[4.4456328,45.8057013],[4.4462551,45.805619],[4.4468666,45.8055629],[4.4471617,45.8054956],[4.4479824,45.8052077],[4.4483311,45.8050618],[4.4484974,45.8048075],[4.4485403,45.8044223],[4.448594,45.8040671],[4.4488032,45.803824],[4.4493772,45.8034388],[4.4496647,45.8032976],[4.4497581,45.8032518],[4.4501872,45.8030574],[4.450535,45.802791],[4.4506754,45.8026834],[4.4513942,45.8021898],[4.4515248,45.8020478],[4.4515176,45.8019581],[4.4513693,45.8016888],[4.4510187,45.8012962],[4.4509114,45.8011129],[4.4508792,45.8009297],[4.4509382,45.8005482],[4.4509221,45.8001031],[4.450949,45.79989],[4.4512861,45.7991103]]}},{"type":"Feature","id":"way/1275267143","properties":{"osm_id":1275267143,"highway":"tertiary","name":"Route d'Albigny","ref":"D 111"},"geometry":{"type":"LineString","coordinates":[[4.4455147,45.8067241],[4.4454771,45.8065166],[4.4454047,45.8062642],[4.4453752,45.8060791],[4.4453914,45.8059294]]}},{"type":"Feature","id":"way/1275267144","properties":{"osm_id":1275267144,"highway":"unclassified","name":"Chemin de Robagny"},"geometry":{"type":"LineString","coordinates":[[4.4453914,45.8059294],[4.4452089,45.8056285],[4.4451553,45.8055425]]}},{"type":"Feature","id":"way/1275267145","properties":{"osm_id":1275267145,"highway":"tertiary","name":"Route d'Albigny","ref":"D 111"},"geometry":{"type":"LineString","coordinates":[[4.4512861,45.7991103],[4.451476,45.7986197]]}},{"type":"Feature","id":"way/1275267146","properties":{"osm_id":1275267146,"highway":"secondary","name":"Route de Feurs","ref":"D 7"},"geometry":{"type":"LineString","coordinates":[[4.451476,45.7986197],[4.4518358,45.7987578],[4.4519764,45.7988118],[4.4521744,45.7988691],[4.4524352,45.798911],[4.4539071,45.7990033],[4.4560236,45.7991363],[4.4562945,45.7991326],[4.4565894,45.7991165]]}},{"type":"Feature","id":"way/1275267147","properties":{"osm_id":1275267147,"highway":"secondary","name":"Route de Feurs","ref":"D 7"},"geometry":{"type":"LineString","coordinates":[[4.4510091,45.7983501],[4.451476,45.7986197]]}},{"type":"Feature","id":"way/1275267149","properties":{"osm_id":1275267149,"highway":"unclassified","name":"Chemin de la Mure"},"geometry":{"type":"LineString","coordinates":[[4.446105,45.7944205],[4.4461268,45.7944828],[4.4461591,45.794558],[4.4461756,45.7946612]]}},{"type":"Feature","id":"way/1275270987","properties":{"osm_id":1275270987,"alt_name":"Route de Saint-Martin","highway":"unclassified","name":"Route de Saint-Martin-les-Périls","surface":"asphalt"},"geometry":{"type":"LineString","coordinates":[[4.4561698,45.7863592],[4.4562422,45.786405],[4.4563508,45.7864387],[4.4565305,45.7864668],[4.4569154,45.7864957],[4.4574358,45.7864836],[4.457804,45.7864164],[4.458305,45.7862585],[4.4591886,45.7859328],[4.4594032,45.785828],[4.4597572,45.7855792],[4.4600093,45.7854184],[4.4601944,45.7853361],[4.4603553,45.7853361],[4.4605109,45.7853997],[4.4605733,45.7854395],[4.4606343,45.78551],[4.4606665,45.7856391],[4.4606298,45.7864112],[4.460626,45.7864558],[4.4606121,45.7864909],[4.4606073,45.7865315],[4.4605994,45.7869596],[4.4605726,45.7872243],[4.460519,45.787343],[4.4604479,45.7874365],[4.4601636,45.7876713],[4.4599704,45.7878761],[4.4598685,45.7880425],[4.4597961,45.788223],[4.4597585,45.7884512],[4.4597867,45.789031],[4.4597934,45.7891647],[4.4598028,45.7894472],[4.4597699,45.7895964],[4.4596848,45.789738],[4.4595236,45.7898718],[4.4586575,45.790287],[4.4582033,45.7908012],[4.4575979,45.7916683],[4.4574341,45.7918784],[4.4572896,45.7920936],[4.4570258,45.7926045],[4.4568714,45.7929643],[4.4568518,45.793282],[4.4569275,45.7934794],[4.4570664,45.7936204],[4.4572521,45.7937125],[4.4574653,45.7937272],[4.4576587,45.7936813]]}},{"type":"Feature","id":"way/1295795759","properties":{"osm_id":1295795759,"highway":"track","source":"Strava"},"geometry":{"type":"LineString","coordinates":[[4.4330102,45.8286049],[4.4329432,45.8287189],[4.4325757,45.8292628],[4.4323718,45.8294497],[4.4321734,45.8295431],[4.431679,45.8296162],[4.4314009,45.8296366],[4.4312775,45.8296552],[4.4310683,45.8296665],[4.4303709,45.8296272],[4.430269,45.8295992],[4.4300678,45.8295132],[4.4297996,45.8293095],[4.4295314,45.8290684],[4.429349,45.8289749],[4.428995,45.8288198],[4.4286704,45.8286236],[4.4281769,45.8281956],[4.4280079,45.8280909],[4.4271174,45.8276592],[4.426809,45.8274797],[4.4264764,45.8273452],[4.4260418,45.8271433],[4.4257683,45.8271134],[4.4255832,45.8270798],[4.4249529,45.8270162],[4.4240892,45.8269059],[4.4238397,45.8268817],[4.4235903,45.8269116],[4.4229975,45.8270368],[4.4226104,45.8270727]]}},{"type":"Feature","id":"way/1295795763","properties":{"osm_id":1295795763,"highway":"track"},"geometry":{"type":"LineString","coordinates":[[4.43367,45.8255098],[4.4337854,45.8255509],[4.4341689,45.8256051],[4.434303,45.8256481],[4.4345444,45.8257303],[4.4346383,45.8257509],[4.43513,45.825762]]}},{"type":"Feature","id":"way/1298950247","properties":{"osm_id":1298950247,"highway":"unclassified","name":"Route des Roches"},"geometry":{"type":"LineString","coordinates":[[4.4862576,45.8085434],[4.4862183,45.8085585],[4.4861797,45.8085585],[4.4859759,45.8085522],[4.4853038,45.8085251],[4.4848084,45.8084573],[4.4846059,45.8084426],[4.4844876,45.8084393],[4.4843447,45.8084508],[4.4841967,45.8084809],[4.4837067,45.8085892],[4.4832347,45.8086943],[4.4824608,45.8088032],[4.48219,45.8088251],[4.4813557,45.8088724],[4.4809414,45.8089136],[4.4806558,45.8089818],[4.4804263,45.8090231],[4.4801853,45.809098]]}},{"type":"Feature","id":"way/1298958357","properties":{"osm_id":1298958357,"highway":"tertiary","name":"Route d'Ancy","ref":"D 7","source":"cadastre-dgi-fr source : Direction Générale des Impôts - Cadastre ; mise à jour : 2010"},"geometry":{"type":"LineString","coordinates":[[4.4711873,45.8119866],[4.4713659,45.8118748],[4.4718809,45.8116954],[4.4722242,45.8115196],[4.4724186,45.8113693],[4.4725622,45.8112214],[4.4726279,45.8110812],[4.4726492,45.8109159],[4.4726392,45.8107683],[4.4725802,45.8105738],[4.4723208,45.8101436],[4.4722618,45.8099081],[4.4724066,45.8092799],[4.4724139,45.8091791]]}},{"type":"Feature","id":"way/1298958358","properties":{"osm_id":1298958358,"highway":"track"},"geometry":{"type":"LineString","coordinates":[[4.4700247,45.8133313],[4.4699207,45.8135369],[4.4698299,45.8138294],[4.4695449,45.8142048],[4.4691785,45.8145519],[4.4688214,45.8149033],[4.4687588,45.8149361]]}},{"type":"Feature","id":"way/1298958359","properties":{"osm_id":1298958359,"highway":"path"},"geometry":{"type":"LineString","coordinates":[[4.4687588,45.8149361],[4.4679351,45.8151806],[4.4675133,45.8152729],[4.4669073,45.8155645],[4.4664058,45.8158034],[4.4656807,45.8161378],[4.4654715,45.8162459],[4.4651396,45.8163918],[4.4648582,45.8164823],[4.4644613,45.8165476],[4.464198,45.8165124],[4.4640104,45.8165602],[4.4638777,45.8166306]]}},{"type":"Feature","id":"way/1298958360","properties":{"osm_id":1298958360,"highway":"unclassified","name":"Chemin du Vallon","surface":"asphalt"},"geometry":{"type":"LineString","coordinates":[[4.4638777,45.8166306],[4.4640562,45.8166433],[4.4642256,45.8167387],[4.4644601,45.8168431],[4.4645382,45.8170428],[4.4644535,45.8175059],[4.464447,45.8177328],[4.4645773,45.8182503]]}},{"type":"Feature","id":"way/1298958361","properties":{"osm_id":1298958361,"highway":"unclassified","name":"Chemin du Pionnier du Bas","surface":"asphalt"},"geometry":{"type":"LineString","coordinates":[[4.4549239,45.8218986],[4.4550929,45.8218889],[4.4551889,45.8218838],[4.4552774,45.8218619],[4.4553762,45.821799],[4.4554442,45.8217004],[4.4554949,45.8214076],[4.4555186,45.8212891],[4.4556016,45.8211293],[4.4558216,45.8208529],[4.4558824,45.8207766],[4.4561513,45.8204927],[4.4562006,45.8203994],[4.4562328,45.8201508],[4.4562857,45.8200077],[4.4563885,45.8198837],[4.4565586,45.819779],[4.45678,45.8196947],[4.4569328,45.819605],[4.4572308,45.8193518],[4.4575234,45.8191534],[4.4577607,45.818988],[4.4579584,45.8188062]]}},{"type":"Feature","id":"way/1298958362","properties":{"osm_id":1298958362,"highway":"unclassified","name":"Chemin du Pionnier du Bas","surface":"asphalt"},"geometry":{"type":"LineString","coordinates":[[4.4513245,45.8223583],[4.4515193,45.8224771],[4.4516677,45.8224276],[4.4519834,45.8222233],[4.4524616,45.822149],[4.4529417,45.8220313],[4.4534808,45.8218761],[4.4537491,45.8217958],[4.4539824,45.8217509],[4.4541728,45.8217266],[4.4544116,45.8217397],[4.4546315,45.8217883],[4.4549239,45.8218986]]}},{"type":"Feature","id":"way/1298958363","properties":{"osm_id":1298958363,"highway":"unclassified","name":"Chemin du Pavillon","surface":"asphalt"},"geometry":{"type":"LineString","coordinates":[[4.4549239,45.8218986],[4.4549346,45.8222051],[4.4548917,45.8225827],[4.4548917,45.8229902],[4.4548702,45.8231827],[4.4548166,45.8234388],[4.454779,45.8236425],[4.4547535,45.8237341]]}},{"type":"Feature","id":"way/1298958364","properties":{"osm_id":1298958364,"highway":"tertiary","name":"Route d'Albigny","ref":"D 111"},"geometry":{"type":"LineString","coordinates":[[4.4497794,45.8351758],[4.4497821,45.8350768],[4.449766,45.8349404],[4.4497204,45.8347759],[4.449605,45.8345741],[4.4495192,45.8344582],[4.4493791,45.8343574],[4.4489875,45.8342041],[4.4487789,45.8341256],[4.4485027,45.8339443],[4.4482827,45.8337574],[4.4475827,45.8330136],[4.4474673,45.8327669],[4.4473761,45.8325576],[4.4472501,45.8320792],[4.4472098,45.8316325],[4.4472554,45.8313111],[4.44736,45.8309616],[4.4475049,45.8306925],[4.4476336,45.8305243],[4.4480755,45.8299805],[4.4483042,45.8297393],[4.4486314,45.8294235],[4.4488272,45.8292347],[4.4490901,45.8288834],[4.4492295,45.8286142],[4.4493207,45.8284217],[4.4493504,45.8282048],[4.4494094,45.8280515],[4.4494683,45.8279844],[4.4495936,45.8279059],[4.4503052,45.8276179],[4.4507155,45.8274853],[4.4509007,45.8274049],[4.4512547,45.827218],[4.4514658,45.8270649],[4.4515067,45.8269938],[4.4515148,45.8269228],[4.4514745,45.8268424],[4.4513807,45.8267975],[4.4512305,45.8267789],[4.4508389,45.8268312],[4.4499832,45.8269246],[4.4497552,45.8269265],[4.4495755,45.826891],[4.4494253,45.8268106],[4.4493207,45.8266947],[4.4492483,45.8265153],[4.4492108,45.8263135],[4.449192,45.8255883],[4.4491464,45.8251172],[4.4491169,45.8249247],[4.4490284,45.8247285],[4.4488741,45.824521],[4.448846,45.8244518],[4.4488515,45.8243396],[4.4489278,45.8242761],[4.4490311,45.8242547],[4.4491437,45.8242724],[4.4492148,45.8243079],[4.4492765,45.8243789],[4.4494253,45.824678],[4.4497633,45.8251378],[4.4498505,45.82522],[4.4499604,45.8252696],[4.4500744,45.825292],[4.4502327,45.8252864],[4.4503158,45.8252649],[4.4504057,45.8252191],[4.4504727,45.8251546],[4.4505413,45.8250349],[4.4505952,45.8248492],[4.4506539,45.8246667],[4.450749,45.824349],[4.4507686,45.8242144],[4.4507785,45.8241397],[4.4507745,45.8238603]]}},{"type":"Feature","id":"way/1298958365","properties":{"osm_id":1298958365,"highway":"tertiary","name":"Route d'Albigny","ref":"D 111"},"geometry":{"type":"LineString","coordinates":[[4.4507745,45.8238603],[4.4507416,45.8237267],[4.4505377,45.8231874]]}},{"type":"Feature","id":"way/1298958366","properties":{"osm_id":1298958366,"highway":"residential","name":"Place de la Colonie","surface":"asphalt"},"geometry":{"type":"LineString","coordinates":[[4.4505221,45.8230006],[4.4504084,45.8230028],[4.4502506,45.8230849]]}},{"type":"Feature","id":"way/1298958367","properties":{"osm_id":1298958367,"highway":"unclassified","name":"Impasse du Carabet"},"geometry":{"type":"LineString","coordinates":[[4.4430417,45.8189134],[4.4430806,45.8188956],[4.4431008,45.8188553]]}},{"type":"Feature","id":"way/1298958368","properties":{"osm_id":1298958368,"highway":"unclassified","name":"Route du Grand Chemin"},"geometry":{"type":"LineString","coordinates":[[4.445894,45.8091006],[4.4458848,45.8091416],[4.4458474,45.8094369],[4.4457373,45.8100213],[4.4457132,45.810069],[4.4456595,45.8101101],[4.4452505,45.8102503],[4.4449943,45.8103438],[4.4448978,45.8104008],[4.4447972,45.8105111],[4.4446255,45.810742],[4.4443023,45.8111178],[4.4441709,45.8112262],[4.4440569,45.8112907],[4.4438387,45.8113721],[4.443554,45.8114207],[4.4433796,45.8114936],[4.4431221,45.8116693],[4.4425322,45.8120693],[4.4422719,45.8122508],[4.4421914,45.8123536],[4.442127,45.8125517],[4.4420224,45.8130995],[4.4419822,45.8132229],[4.4419286,45.8132696],[4.441832,45.8133295],[4.441604,45.8134585],[4.4414645,45.8135688],[4.4413412,45.8137333],[4.4412205,45.8139632],[4.4410785,45.8143089],[4.4410005,45.8147503],[4.4409844,45.814883],[4.4408853,45.8150604],[4.4407698,45.815312],[4.4406947,45.8154756],[4.4406009,45.8158102],[4.440574,45.8160196],[4.4405982,45.8161542],[4.4407028,45.8163935]]}},{"type":"Feature","id":"way/1298958369","properties":{"osm_id":1298958369,"highway":"unclassified","name":"Route du Grand Chemin"},"geometry":{"type":"LineString","coordinates":[[4.4407028,45.8163935],[4.440802,45.8166159],[4.4408315,45.8167356],[4.4408342,45.8169449],[4.4408476,45.8170702],[4.4408879,45.8171954],[4.4410166,45.817416],[4.4412285,45.8176609],[4.4414538,45.8178609],[4.4416496,45.8179824],[4.441824,45.8180778],[4.4420359,45.8182255],[4.4422665,45.8184348],[4.4424462,45.8186218],[4.4425133,45.8187376]]}},{"type":"Feature","id":"way/1298958370","properties":{"osm_id":1298958370,"highway":"unclassified","name":"Chemin du Souzy"},"geometry":{"type":"LineString","coordinates":[[4.4407028,45.8163935],[4.4405097,45.816429],[4.4402897,45.8164215],[4.439697,45.8163318],[4.4391927,45.8162794],[4.4389915,45.8162458],[4.4386482,45.8161448],[4.438388,45.8160215],[4.4380715,45.8158233],[4.4378409,45.8156252],[4.4374761,45.8152737],[4.4369718,45.8146942],[4.4367734,45.8144268],[4.4365963,45.8140716],[4.436422,45.8138772],[4.4362745,45.8138137],[4.4361337,45.8137772],[4.4359311,45.8137436]]}},{"type":"Feature","id":"way/1306305911","properties":{"osm_id":1306305911,"highway":"service","name":"Impasse du Furet","service":"driveway"},"geometry":{"type":"LineString","coordinates":[[4.4780465,45.7952673],[4.4780405,45.7952158],[4.4780941,45.794983],[4.4781116,45.7947997]]}},{"type":"Feature","id":"way/1314073555","properties":{"osm_id":1314073555,"highway":"path"},"geometry":{"type":"LineString","coordinates":[[4.4443982,45.7922125],[4.444457,45.7922026],[4.4444928,45.792173],[4.4445291,45.7921733],[4.4448481,45.7922301],[4.4449125,45.7922544],[4.444942,45.7922731],[4.4449085,45.7923208],[4.4449192,45.7924162],[4.4449219,45.7924321],[4.4449098,45.7924573],[4.4449688,45.7924966],[4.4449702,45.7925144],[4.4449845,45.7925271],[4.4450654,45.7925929],[4.4451532,45.7926361]]}},{"type":"Feature","id":"way/1314073556","properties":{"osm_id":1314073556,"highway":"track"},"geometry":{"type":"LineString","coordinates":[[4.4442663,45.7918039],[4.4442971,45.7919722],[4.4443224,45.7920758],[4.4444928,45.792173]]}},{"type":"Feature","id":"way/1314073557","properties":{"osm_id":1314073557,"highway":"path","name":"Rue de la Pharmacie"},"geometry":{"type":"LineString","coordinates":[[4.4668798,45.7898941],[4.4669093,45.790083]]}},{"type":"Feature","id":"way/1314073558","properties":{"osm_id":1314073558,"highway":"service","name":"Rue de la Menuiserie"},"geometry":{"type":"LineString","coordinates":[[4.4666183,45.7926575],[4.466621,45.7927388],[4.4667014,45.7928482],[4.466338,45.7932194]]}},{"type":"Feature","id":"way/1314073559","properties":{"osm_id":1314073559,"highway":"footway","name":"Montée du Prieuré"},"geometry":{"type":"LineString","coordinates":[[4.467696,45.7900732],[4.4675477,45.7902163],[4.4674949,45.790274]]}},{"type":"Feature","id":"way/1314073560","properties":{"osm_id":1314073560,"highway":"track","name":"Chemin Minot"},"geometry":{"type":"LineString","coordinates":[[4.4632922,45.7718423],[4.463397,45.7718486],[4.4637537,45.7717513]]}},{"type":"Feature","id":"way/1314073561","properties":{"osm_id":1314073561,"highway":"track","name":"Chemin Minot","surface":"ground","tracktype":"grade4"},"geometry":{"type":"LineString","coordinates":[[4.4632922,45.7718423],[4.4634077,45.7715343],[4.46337,45.7710742],[4.4633883,45.7708432],[4.4633284,45.7705944],[4.4632722,45.7704819],[4.4631795,45.7703727],[4.463041,45.7703137]]}},{"type":"Feature","id":"way/1314073562","properties":{"osm_id":1314073562,"highway":"residential","name":"Suel du Dîme"},"geometry":{"type":"LineString","coordinates":[[4.4668188,45.7913698],[4.4667169,45.7911155],[4.4666682,45.7909745],[4.466642,45.7908985]]}},{"type":"Feature","id":"way/1314073563","properties":{"osm_id":1314073563,"highway":"service","name":"Rue de l'Industrie","oneway":"yes"},"geometry":{"type":"LineString","coordinates":[[4.4453249,45.7931429],[4.44558,45.7930249],[4.4456808,45.7929783],[4.4458379,45.7928706],[4.445949,45.7927707],[4.4460176,45.7926733],[4.446118,45.7924126],[4.4462347,45.7921629]]}},{"type":"Feature","id":"way/1314073564","properties":{"osm_id":1314073564,"highway":"unclassified","name":"Rue de la Déserte"},"geometry":{"type":"LineString","coordinates":[[4.4717272,45.7906517],[4.4717387,45.7905768],[4.4716288,45.7902926],[4.4713445,45.7898699],[4.4710924,45.7896417],[4.4698849,45.7888357]]}},{"type":"Feature","id":"way/1314073566","properties":{"osm_id":1314073566,"highway":"unclassified","name":"Chemin des Vignes"},"geometry":{"type":"LineString","coordinates":[[4.4645293,45.7905147],[4.464614,45.7905395],[4.4650766,45.7908607],[4.4653568,45.7911777]]}},{"type":"Feature","id":"way/1314073567","properties":{"osm_id":1314073567,"highway":"tertiary","name":"Route d'Ancy","ref":"D 7","source":"cadastre-dgi-fr source : Direction Générale des Impôts - Cadastre ; mise à jour : 2010"},"geometry":{"type":"LineString","coordinates":[[4.4701394,45.8212631],[4.4702735,45.8210051],[4.4706349,45.8200359],[4.4706751,45.8199246],[4.4706966,45.8198246],[4.4706966,45.8197405],[4.4706865,45.8196481],[4.470647,45.8195545],[4.4705906,45.8194555],[4.470533,45.8193882],[4.470474,45.8193442],[4.47036,45.819276],[4.4700515,45.8191554],[4.4699509,45.8191087],[4.469849,45.8190218],[4.4697632,45.8189293],[4.4695996,45.8187367],[4.4692274,45.8182947],[4.4688626,45.8179732],[4.4687661,45.817846],[4.4686945,45.8176514],[4.4687052,45.817386],[4.4687347,45.8173116],[4.46897,45.816719],[4.469247,45.8160213],[4.4693991,45.8158383],[4.4695903,45.8156886],[4.4699873,45.8154343],[4.4702072,45.8152324],[4.4703022,45.8150778],[4.4704505,45.8148363],[4.4705034,45.8147022],[4.4705611,45.8145558],[4.4706973,45.8140586],[4.4707383,45.8139275],[4.470739,45.8136778],[4.4707276,45.8133705],[4.4707724,45.8127163],[4.4708367,45.8124135],[4.4709663,45.8121778],[4.4710736,45.8120703],[4.4711873,45.8119866]]}},{"type":"Feature","id":"way/1314073568","properties":{"osm_id":1314073568,"highway":"tertiary","ref":"D 111"},"geometry":{"type":"LineString","coordinates":[[4.4484933,45.8388301],[4.4485959,45.8387526],[4.4487709,45.838575],[4.4489667,45.8383517],[4.4490042,45.8382798],[4.4490176,45.8381583],[4.4490042,45.8380406],[4.4487897,45.837422],[4.4487534,45.8372464],[4.4487454,45.8371417],[4.4487997,45.83694],[4.4492805,45.836084],[4.4497257,45.8353468],[4.4497593,45.8352655],[4.4497794,45.8351758]]}},{"type":"Feature","id":"way/1314073569","properties":{"osm_id":1314073569,"highway":"path","name":"Place des Cèdres"},"geometry":{"type":"LineString","coordinates":[[4.4652598,45.7907189],[4.4655871,45.79108]]}},{"type":"Feature","id":"way/1314073571","properties":{"osm_id":1314073571,"highway":"residential","name":"Place des Cèdres"},"geometry":{"type":"LineString","coordinates":[[4.4654562,45.7911267],[4.4651686,45.7908124]]}},{"type":"Feature","id":"way/1314073572","properties":{"osm_id":1314073572,"highway":"service","name":"Place de la Croix","service":"alley"},"geometry":{"type":"LineString","coordinates":[[4.4505358,45.8241995],[4.4506551,45.8242126],[4.4507686,45.8242144]]}},{"type":"Feature","id":"way/1314073573","properties":{"osm_id":1314073573,"highway":"residential","name":"Impasse du Tilleul"},"geometry":{"type":"LineString","coordinates":[[4.4889678,45.8016184],[4.4889329,45.8016794],[4.4888391,45.801729],[4.4886124,45.8018094]]}},{"type":"Feature","id":"way/1314073574","properties":{"osm_id":1314073574,"highway":"residential","name":"Impasse du Printemps"},"geometry":{"type":"LineString","coordinates":[[4.4594233,45.7929389],[4.459692,45.7930755]]}},{"type":"Feature","id":"way/1314073575","properties":{"osm_id":1314073575,"highway":"residential","name":"Impasse du Pré aux Ânes"},"geometry":{"type":"LineString","coordinates":[[4.4705034,45.8147022],[4.4704163,45.8147605],[4.4703197,45.8149045],[4.4702151,45.8150662],[4.4701253,45.8151886],[4.4699751,45.8153335],[4.4698182,45.8154363],[4.4696707,45.8155083],[4.4694749,45.8155728]]}},{"type":"Feature","id":"way/1314073576","properties":{"osm_id":1314073576,"highway":"residential","name":"Impasse du Gai Soleil"},"geometry":{"type":"LineString","coordinates":[[4.4886947,45.8016234],[4.4886661,45.8016682],[4.4886111,45.8016981],[4.4883603,45.801771]]}},{"type":"Feature","id":"way/1314073577","properties":{"osm_id":1314073577,"highway":"residential","name":"Impasse du Frêne"},"geometry":{"type":"LineString","coordinates":[[4.4641795,45.7953047],[4.4642486,45.7952794],[4.4643183,45.7952158],[4.4643612,45.7951213],[4.4644363,45.7949605]]}},{"type":"Feature","id":"way/1314073578","properties":{"osm_id":1314073578,"highway":"residential","name":"Impasse du Chêne"},"geometry":{"type":"LineString","coordinates":[[4.4737664,45.7846693],[4.4737717,45.7847553],[4.4737637,45.7848488],[4.4737302,45.7849527],[4.4736451,45.7851954],[4.4736551,45.7852229]]}},{"type":"Feature","id":"way/1314073580","properties":{"osm_id":1314073580,"highway":"path"},"geometry":{"type":"LineString","coordinates":[[4.4652872,45.7921759],[4.4651766,45.7921497],[4.4650438,45.7921141],[4.4649272,45.7920749],[4.4648682,45.7920384],[4.4646308,45.7918083],[4.4645894,45.7917849]]}},{"type":"Feature","id":"way/1314073581","properties":{"osm_id":1314073581,"highway":"residential","name":"Impasse des Papillons"},"geometry":{"type":"LineString","coordinates":[[4.461215,45.7935289],[4.4618074,45.7933264]]}},{"type":"Feature","id":"way/1314073582","properties":{"osm_id":1314073582,"highway":"service","name":"Impasse des Noyers"},"geometry":{"type":"LineString","coordinates":[[4.4602052,45.7954112],[4.4601381,45.7953168],[4.4600858,45.7952027],[4.4600764,45.795155],[4.460071,45.7951054]]}},{"type":"Feature","id":"way/1314073583","properties":{"osm_id":1314073583,"highway":"service","name":"Impasse des Lilas","service":"driveway"},"geometry":{"type":"LineString","coordinates":[[4.4668408,45.7984299],[4.4668195,45.7983977],[4.4667672,45.7983678],[4.4666639,45.7983266],[4.466574,45.7982836],[4.4665258,45.7982425],[4.4665124,45.7981995],[4.4665284,45.7981144],[4.4665553,45.7980185]]}},{"type":"Feature","id":"way/1314073584","properties":{"osm_id":1314073584,"highway":"service","name":"Impasse des Libellules","service":"driveway"},"geometry":{"type":"LineString","coordinates":[[4.4584697,45.7996262],[4.4586052,45.7996571],[4.4590397,45.7995963],[4.4591443,45.7995636],[4.4592208,45.7995253],[4.4592637,45.7995094],[4.4593101,45.7995103]]}},{"type":"Feature","id":"way/1314073585","properties":{"osm_id":1314073585,"highway":"residential","name":"Impasse des Ifs"},"geometry":{"type":"LineString","coordinates":[[4.4601716,45.7928903],[4.4601367,45.7928239],[4.4601649,45.7927846],[4.4603071,45.792678]]}},{"type":"Feature","id":"way/1314073586","properties":{"osm_id":1314073586,"highway":"residential","name":"Impasse des Hiboux"},"geometry":{"type":"LineString","coordinates":[[4.48963,45.8027234],[4.4896249,45.8028556],[4.4895767,45.802979],[4.4895056,45.8030734],[4.4894318,45.8031295],[4.4894198,45.8031688],[4.4894385,45.8032052],[4.4895069,45.8032267],[4.4900554,45.8032473],[4.4902311,45.8032529],[4.4903612,45.8032295]]}},{"type":"Feature","id":"way/1314073587","properties":{"osm_id":1314073587,"highway":"track","name":"Impasse des Grillons"},"geometry":{"type":"LineString","coordinates":[[4.4366071,45.8219827],[4.4363415,45.8219771],[4.4361162,45.821936],[4.4358963,45.8218687],[4.4357005,45.82185],[4.4354993,45.8218817],[4.4352096,45.8219229],[4.4348609,45.8219528],[4.434649,45.8219528],[4.4345632,45.8219546],[4.4344927,45.8219711]]}},{"type":"Feature","id":"way/1314073588","properties":{"osm_id":1314073588,"highway":"residential","name":"Impasse des Chanterelles"},"geometry":{"type":"LineString","coordinates":[[4.4584181,45.8005968],[4.4585583,45.8005837],[4.4592074,45.800464],[4.4593039,45.8004518],[4.4593616,45.8004808],[4.4593951,45.800521],[4.4593978,45.8006323]]}},{"type":"Feature","id":"way/1314073589","properties":{"osm_id":1314073589,"highway":"residential","name":"Impasse des Abelias"},"geometry":{"type":"LineString","coordinates":[[4.4597773,45.7998076],[4.4592022,45.7997364]]}},{"type":"Feature","id":"way/1314073590","properties":{"osm_id":1314073590,"highway":"track","name":"Impasse de la Fauvette"},"geometry":{"type":"LineString","coordinates":[[4.4522029,45.8218872],[4.4519144,45.8216649],[4.451791,45.8215341],[4.4517562,45.8214593],[4.4517615,45.8204069],[4.4517401,45.819977],[4.4517052,45.8197209],[4.4516382,45.8194573],[4.451606,45.8192667]]}},{"type":"Feature","id":"way/1314073591","properties":{"osm_id":1314073591,"highway":"residential","name":"Impasse de la Croix Berthier"},"geometry":{"type":"LineString","coordinates":[[4.4718124,45.7856073],[4.471866,45.7856176],[4.4723967,45.7857047]]}},{"type":"Feature","id":"way/1314073592","properties":{"osm_id":1314073592,"highway":"residential","name":"Impasse de la Cabane"},"geometry":{"type":"LineString","coordinates":[[4.4612232,45.7979124],[4.4612152,45.7974656]]}},{"type":"Feature","id":"way/1314073593","properties":{"osm_id":1314073593,"highway":"residential","name":"Impasse Chantoiseaux"},"geometry":{"type":"LineString","coordinates":[[4.4592114,45.8002536],[4.4589673,45.800219],[4.4588332,45.8001835],[4.4587648,45.8001499]]}},{"type":"Feature","id":"way/1314073594","properties":{"osm_id":1314073594,"highway":"unclassified","name":"Chemin du Munard"},"geometry":{"type":"LineString","coordinates":[[4.4583061,45.7715858],[4.458337,45.7717046],[4.4587867,45.7728303],[4.4589577,45.7731226],[4.4591489,45.7733169],[4.4592678,45.7733903],[4.4592972,45.7734463],[4.4592962,45.7735143],[4.4592183,45.7736158],[4.4587634,45.7737839],[4.4586119,45.7738299],[4.4583308,45.77401],[4.457978,45.7743275],[4.4578173,45.7745301],[4.4577421,45.7747174]]}},{"type":"Feature","id":"way/1314073595","properties":{"osm_id":1314073595,"highway":"unclassified","name":"Chemin du Joannon"},"geometry":{"type":"LineString","coordinates":[[4.4682363,45.7731872],[4.4679916,45.7731816],[4.467667,45.7731283],[4.4675557,45.7731339],[4.4674659,45.7731685],[4.4672285,45.7733584],[4.4671266,45.7734099],[4.4667564,45.7734978],[4.4665124,45.7735567],[4.46633,45.7736465],[4.4661529,45.7736512],[4.4659893,45.7736764]]}},{"type":"Feature","id":"way/1314073596","properties":{"osm_id":1314073596,"highway":"service","service":"driveway","source":"BDOrtho IGN 2026"},"geometry":{"type":"LineString","coordinates":[[4.4708361,45.8116871],[4.4709983,45.8115572],[4.4710609,45.8115372]]}},{"type":"Feature","id":"way/1314073597","properties":{"osm_id":1314073597,"highway":"unclassified","name":"Chemin des Rivières"},"geometry":{"type":"LineString","coordinates":[[4.4408344,45.8331919],[4.4407913,45.8333425],[4.4407378,45.8335461],[4.4407148,45.8335957]]}},{"type":"Feature","id":"way/1314073598","properties":{"osm_id":1314073598,"highway":"track","name":"Chemin des Arcades"},"geometry":{"type":"LineString","coordinates":[[4.4560397,45.796655],[4.4563416,45.7964926],[4.4564285,45.7963771],[4.4566247,45.7959788],[4.4569924,45.7958898]]}},{"type":"Feature","id":"way/1314073599","properties":{"osm_id":1314073599,"highway":"unclassified","name":"Chemin des Alpines","surface":"asphalt"},"geometry":{"type":"LineString","coordinates":[[4.4606344,45.7768636],[4.4605994,45.7762132],[4.4606773,45.7758489],[4.4609319,45.7755044],[4.4613667,45.7749722]]}},{"type":"Feature","id":"way/1314073600","properties":{"osm_id":1314073600,"highway":"unclassified","name":"Chemin de Pothu"},"geometry":{"type":"LineString","coordinates":[[4.4848868,45.780902],[4.4853321,45.7807608],[4.4855439,45.7806365],[4.4859303,45.7802819],[4.4861609,45.7800425],[4.4862521,45.7798592],[4.4863594,45.7797357],[4.4864774,45.779631],[4.4867564,45.7794925],[4.48703,45.7793354],[4.4872148,45.7791321],[4.4874645,45.7786957],[4.4876308,45.7785385],[4.4877434,45.778445],[4.4882584,45.7781382],[4.4884784,45.7779998]]}},{"type":"Feature","id":"way/1314073601","properties":{"osm_id":1314073601,"bicycle":"yes","foot":"yes","highway":"unclassified","name":"Chemin de Montaly"},"geometry":{"type":"LineString","coordinates":[[4.4663253,45.8001181],[4.466389,45.8002171],[4.4664531,45.8003617],[4.4664292,45.8005369],[4.466275,45.8007921],[4.4661838,45.8009333],[4.466169,45.8010278],[4.4661717,45.8011128],[4.4662696,45.8012718],[4.4664393,45.8013857],[4.4666418,45.8015217],[4.4669302,45.8016524],[4.4672891,45.8017711]]}},{"type":"Feature","id":"way/1314073602","properties":{"osm_id":1314073602,"highway":"unclassified","name":"Chemin de la Petite Olivière"},"geometry":{"type":"LineString","coordinates":[[4.4683156,45.7858289],[4.4684591,45.7857366],[4.4686112,45.7857401],[4.4687336,45.7857215],[4.4688646,45.7858093],[4.4691789,45.7861007],[4.469271,45.7861352]]}},{"type":"Feature","id":"way/1314073603","properties":{"osm_id":1314073603,"highway":"unclassified"},"geometry":{"type":"LineString","coordinates":[[4.4485864,45.7743539],[4.4488218,45.7745764],[4.448911,45.7747804],[4.4489137,45.7749993],[4.4488815,45.7753304],[4.448795,45.7759383],[4.448765,45.7760461],[4.4486367,45.77629]]}},{"type":"Feature","id":"way/1314073604","properties":{"osm_id":1314073604,"highway":"unclassified","source":"BDOrtho IGN 2020"},"geometry":{"type":"LineString","coordinates":[[4.4569566,45.7898268],[4.4569829,45.7898927],[4.4570029,45.7900093],[4.4570087,45.7901311],[4.4569998,45.7902245]]}},{"type":"Feature","id":"way/1314073605","properties":{"osm_id":1314073605,"highway":"unclassified","name":"Impasse des Hirondelles","surface":"asphalt"},"geometry":{"type":"LineString","coordinates":[[4.4623462,45.7841598],[4.4623643,45.7840811],[4.4623857,45.7840138],[4.4624722,45.7839652],[4.4626003,45.7839128]]}},{"type":"Feature","id":"way/1314073606","properties":{"osm_id":1314073606,"highway":"residential","name":"Chemin de la Chapelle"},"geometry":{"type":"LineString","coordinates":[[4.458815,45.7928496],[4.4586231,45.793172],[4.4586466,45.7933215]]}},{"type":"Feature","id":"way/1314073607","properties":{"osm_id":1314073607,"highway":"unclassified"},"geometry":{"type":"LineString","coordinates":[[4.4672533,45.8193452],[4.4671085,45.8193004],[4.4669618,45.8191693]]}},{"type":"Feature","id":"way/1323718168","properties":{"osm_id":1323718168,"highway":"track"},"geometry":{"type":"LineString","coordinates":[[4.4700684,45.7954927],[4.4701964,45.7958974],[4.4702849,45.7960826],[4.4703117,45.7961574],[4.4704619,45.7967072],[4.4705102,45.7967427],[4.4705531,45.7967427],[4.4707757,45.7966716],[4.4708428,45.7966585],[4.4713202,45.7966511],[4.4713873,45.7966754],[4.4714463,45.7967296],[4.4715428,45.7968025],[4.4717333,45.7969241],[4.4719881,45.7970438],[4.4721825,45.797112],[4.4724749,45.797227],[4.4725983,45.7972981],[4.4726479,45.7973449],[4.4726855,45.7974066],[4.4727284,45.7975356],[4.4727418,45.7976123],[4.4727471,45.7977282],[4.4727298,45.7978273]]}},{"type":"Feature","id":"way/1359687146","properties":{"osm_id":1359687146,"highway":"track"},"geometry":{"type":"LineString","coordinates":[[4.4972404,45.7887636],[4.4971043,45.7887902],[4.4969682,45.7888075],[4.4968857,45.7888458]]}},{"type":"Feature","id":"way/1359687147","properties":{"osm_id":1359687147,"bridge":"yes","highway":"track","layer":"1"},"geometry":{"type":"LineString","coordinates":[[4.4973296,45.7887668],[4.4972404,45.7887636]]}},{"type":"Feature","id":"way/1359687152","properties":{"osm_id":1359687152,"alt_name":"Route Départementale 24","highway":"secondary","name":"Route de Lyon","oneway":"no","ref":"D 24"},"geometry":{"type":"LineString","coordinates":[[4.4970547,45.7889146],[4.4968857,45.7888458]]}},{"type":"Feature","id":"way/1359687153","properties":{"osm_id":1359687153,"alt_name":"Route Départementale 24","bridge":"yes","highway":"secondary","layer":"1","name":"Route de Lyon","oneway":"no","ref":"D 24"},"geometry":{"type":"LineString","coordinates":[[4.4972102,45.7889599],[4.4970547,45.7889146]]}},{"type":"Feature","id":"way/1359687179","properties":{"osm_id":1359687179,"bridge":"yes","highway":"unclassified","layer":"1","name":"Chemin Pinéteau"},"geometry":{"type":"LineString","coordinates":[[4.4839655,45.7926191],[4.483824,45.792627]]}},{"type":"Feature","id":"way/1359687180","properties":{"osm_id":1359687180,"highway":"unclassified","name":"Chemin Pinéteau"},"geometry":{"type":"LineString","coordinates":[[4.495499,45.7888243],[4.4953073,45.7886392],[4.4951571,45.7885233],[4.4949552,45.7884709],[4.4945421,45.7884634],[4.4941505,45.7885008],[4.4935711,45.7886654],[4.4904383,45.7897539],[4.4901141,45.7899464],[4.4892313,45.7905993],[4.4889785,45.7908629],[4.4888479,45.7909524],[4.4885454,45.7911023],[4.4880887,45.79131],[4.4877078,45.7913923],[4.4872257,45.7914801],[4.486694,45.7916279],[4.4865391,45.7916578],[4.4856298,45.7919514],[4.4848271,45.7922863],[4.4839655,45.7926191]]}},{"type":"Feature","id":"way/1359687181","properties":{"osm_id":1359687181,"highway":"track","tracktype":"grade3"},"geometry":{"type":"LineString","coordinates":[[4.4846971,45.7954098],[4.4847127,45.7953531],[4.4848253,45.7950539],[4.4851848,45.7943021],[4.4856107,45.7934744]]}},{"type":"Feature","id":"way/1359687198","properties":{"osm_id":1359687198,"highway":"track"},"geometry":{"type":"LineString","coordinates":[[4.4768415,45.7947511],[4.4769207,45.7949895],[4.4770226,45.795429],[4.4770414,45.7955178]]}},{"type":"Feature","id":"way/1359687209","properties":{"osm_id":1359687209,"description":"Voie ferrée inachevée","highway":"track","railway":"razed","tracktype":"grade5"},"geometry":{"type":"LineString","coordinates":[[4.4661356,45.8002462],[4.4661368,45.8004163],[4.4660416,45.8005706],[4.4660363,45.8006715],[4.4660336,45.8007744],[4.465988,45.801182],[4.4659933,45.80137],[4.4660068,45.801412],[4.4661328,45.8016196],[4.4661945,45.8016906],[4.4663796,45.8017935],[4.4671011,45.8019954],[4.4679125,45.8021647],[4.4679876,45.8021628]]}},{"type":"Feature","id":"way/1359946489","properties":{"osm_id":1359946489,"highway":"service"},"geometry":{"type":"LineString","coordinates":[[4.460967,45.7893547],[4.4610929,45.7891376],[4.4612123,45.7890609]]}},{"type":"Feature","id":"way/1359946490","properties":{"osm_id":1359946490,"highway":"service"},"geometry":{"type":"LineString","coordinates":[[4.455522,45.7905319],[4.4558439,45.7904365],[4.4559538,45.7903898],[4.4563428,45.7899989],[4.4564502,45.7898238]]}},{"type":"Feature","id":"way/1359946504","properties":{"osm_id":1359946504,"highway":"service","service":"driveway","source":"BDOrtho IGN 2026"},"geometry":{"type":"LineString","coordinates":[[4.4494468,45.7885933],[4.4494736,45.7885335],[4.449487,45.7882857],[4.4495581,45.7879443],[4.4495594,45.7878574],[4.4495367,45.7878031],[4.449487,45.7877816],[4.4494186,45.7877741],[4.4493596,45.7878116],[4.4492751,45.7878667],[4.4492389,45.7879256],[4.4491926,45.7879511]]}},{"type":"Feature","id":"way/1359946508","properties":{"osm_id":1359946508,"alt_name":"Route de Saint-Martin","bridge":"yes","highway":"unclassified","layer":"1","name":"Route de Saint-Martin-les-Périls","surface":"asphalt"},"geometry":{"type":"LineString","coordinates":[[4.4561188,45.7862984],[4.4561698,45.7863592]]}},{"type":"Feature","id":"way/1359946509","properties":{"osm_id":1359946509,"alt_name":"Route de Saint-Martin","highway":"unclassified","name":"Route de Saint-Martin-les-Périls","surface":"asphalt"},"geometry":{"type":"LineString","coordinates":[[4.4561502,45.7860107],[4.4561205,45.7860567],[4.4560812,45.786175],[4.4560947,45.786247],[4.4561188,45.7862984]]}},{"type":"Feature","id":"way/1359946521","properties":{"osm_id":1359946521,"bridge":"yes","highway":"unclassified","layer":"1"},"geometry":{"type":"LineString","coordinates":[[4.4683792,45.7731825],[4.4682363,45.7731872]]}},{"type":"Feature","id":"way/1361260925","properties":{"osm_id":1361260925,"highway":"path"},"geometry":{"type":"LineString","coordinates":[[4.4703278,45.818018],[4.4710037,45.8181525],[4.4714114,45.8181918],[4.4716984,45.81816],[4.4718406,45.8181525],[4.472039,45.8181507],[4.4721597,45.8181582],[4.4722617,45.8181507],[4.472369,45.818132],[4.472487,45.8181208],[4.4727954,45.8181152],[4.4731736,45.8181245],[4.473474,45.8181525],[4.4736484,45.8181787],[4.4737878,45.818203],[4.4740051,45.8182815],[4.4741634,45.8183395],[4.4742787,45.81836],[4.474386,45.8183582],[4.4749895,45.8182255],[4.475204,45.8181731],[4.4753918,45.8181376],[4.4755098,45.8180965],[4.4755983,45.818046],[4.4756627,45.8180049],[4.4757101,45.8179452]]}},{"type":"Feature","id":"way/1361260926","properties":{"osm_id":1361260926,"highway":"path"},"geometry":{"type":"LineString","coordinates":[[4.4766659,45.8274835],[4.4765612,45.8274517],[4.4764164,45.8273639],[4.4760543,45.8270237],[4.4760007,45.8268667],[4.4758853,45.8265508],[4.4756144,45.8260836],[4.4754964,45.825863],[4.4754615,45.8256144],[4.4754481,45.8254668],[4.4754025,45.8253845],[4.4752899,45.8249864],[4.4752416,45.8249173],[4.4749685,45.8245928],[4.4749331,45.8245509],[4.474858,45.8243733],[4.4747159,45.8242145],[4.4741875,45.8234892],[4.4741285,45.8233902],[4.4740829,45.8232668],[4.4740882,45.8228874],[4.4740775,45.8228145],[4.4740453,45.8227416],[4.4737396,45.8223378],[4.4734499,45.8220761],[4.4732112,45.8218948],[4.4725902,45.8215191],[4.4725406,45.8214789],[4.472491,45.821407],[4.4724253,45.8212163],[4.472318,45.8208284],[4.4722496,45.8205135],[4.4722576,45.8204565],[4.472267,45.8203705],[4.4722483,45.8202378],[4.4722697,45.8199873],[4.4722442,45.8198153],[4.4722134,45.8196181],[4.4721436,45.819419],[4.4720994,45.8192424],[4.472031,45.8191255],[4.4717762,45.8188498],[4.4716354,45.8187834],[4.4714999,45.8187115],[4.4712102,45.8186208],[4.4708911,45.8184563],[4.4706108,45.8182628],[4.4703278,45.818018]]}},{"type":"Feature","id":"way/1456719692","properties":{"osm_id":1456719692,"highway":"footway"},"geometry":{"type":"LineString","coordinates":[[4.4652076,45.7904243],[4.465273,45.7904497],[4.465504,45.7904543],[4.4658312,45.7905586]]}},{"type":"Feature","id":"way/1456719693","properties":{"osm_id":1456719693,"highway":"service","name":"Place des Études"},"geometry":{"type":"LineString","coordinates":[[4.4643045,45.7902077],[4.4645379,45.7902055],[4.4647863,45.790478]]}},{"type":"Feature","id":"way/1523792256","properties":{"osm_id":1523792256,"highway":"track"},"geometry":{"type":"LineString","coordinates":[[4.4650168,45.8094703],[4.4648832,45.8096132],[4.4647204,45.8097143],[4.4645753,45.8097365],[4.4642957,45.8096897],[4.4639723,45.8095283],[4.4638958,45.809443],[4.4637118,45.8092777],[4.4636339,45.8091963],[4.4636091,45.8090754],[4.4636587,45.8089224],[4.4639135,45.8086042],[4.4642179,45.8082687],[4.4646284,45.808022],[4.4648655,45.807906],[4.4651841,45.8078369],[4.4653716,45.8077753],[4.4657326,45.807568],[4.4658671,45.8074644],[4.4661361,45.8071684],[4.4662848,45.8069809],[4.4664263,45.80667],[4.4665537,45.8063221],[4.4665679,45.8062161],[4.4665077,45.8061519]]}},{"type":"Feature","id":"way/1532615883","properties":{"osm_id":1532615883,"highway":"track"},"geometry":{"type":"LineString","coordinates":[[4.4665077,45.8061519],[4.466026,45.8061483],[4.4651761,45.8060437],[4.4647478,45.8060789],[4.4643703,45.8060542],[4.4640182,45.8061162],[4.4634235,45.8061885],[4.4631345,45.8062343],[4.4629222,45.8064044],[4.462654,45.8065278],[4.4623965,45.8066325],[4.4621471,45.8067578],[4.4617715,45.8068532],[4.461624,45.8069205],[4.4612186,45.8068984]]}},{"type":"Feature","id":"way/1532615887","properties":{"osm_id":1532615887,"access":"private","highway":"path"},"geometry":{"type":"LineString","coordinates":[[4.4446671,45.8100503],[4.444702,45.8100914],[4.4447046,45.8101381],[4.4446725,45.8102204],[4.4446778,45.8102746],[4.4447972,45.8105111]]}},{"type":"Feature","id":"way/1532615888","properties":{"osm_id":1532615888,"access":"private","highway":"track"},"geometry":{"type":"LineString","coordinates":[[4.4364761,45.8088651],[4.436945,45.8092092],[4.4370523,45.8093999],[4.4372293,45.8102674],[4.4372401,45.8103571]]}},{"type":"Feature","id":"way/1540050741","properties":{"osm_id":1540050741,"highway":"service","service":"driveway","source":"BDOrtho IGN 2026"},"geometry":{"type":"LineString","coordinates":[[4.4691651,45.789492],[4.4693285,45.7893525]]}},{"type":"Feature","id":"way/1540050742","properties":{"osm_id":1540050742,"highway":"service","service":"driveway","source":"BDOrtho IGN 2026"},"geometry":{"type":"LineString","coordinates":[[4.4692464,45.789283],[4.4693285,45.7893525],[4.4693474,45.7893686],[4.4697082,45.7894593],[4.4697323,45.7895051],[4.4695888,45.7897053]]}},{"type":"Feature","id":"way/1540050747","properties":{"osm_id":1540050747,"highway":"unclassified","source":"BDOrtho IGN 2026"},"geometry":{"type":"LineString","coordinates":[[4.4639556,45.7904656],[4.4639495,45.7908779],[4.4638922,45.7909395]]}},{"type":"Feature","id":"way/1540052704","properties":{"osm_id":1540052704,"highway":"service","service":"driveway","source":"BDOrtho IGN 2026","surface":"unpaved"},"geometry":{"type":"LineString","coordinates":[[4.4673203,45.792979],[4.4674311,45.7929723],[4.4675356,45.7929707],[4.467602,45.7929523]]}},{"type":"Feature","id":"way/1540057295","properties":{"osm_id":1540057295,"highway":"footway","source":"BDOrtho IGN 2026"},"geometry":{"type":"LineString","coordinates":[[4.4621343,45.7957576],[4.4622302,45.7957534],[4.4624535,45.7957043],[4.4625018,45.7957048],[4.4629396,45.7958226],[4.4629671,45.7958433]]}},{"type":"Feature","id":"way/1540057296","properties":{"osm_id":1540057296,"highway":"footway","source":"BDOrtho IGN 2026"},"geometry":{"type":"LineString","coordinates":[[4.4624233,45.7964575],[4.4624703,45.7963098],[4.462375,45.7961134],[4.4622409,45.7958871],[4.4621343,45.7957576],[4.462088,45.7957263],[4.4619647,45.7956319],[4.4619405,45.7955889],[4.4619392,45.7955318],[4.4619593,45.7954954],[4.4621122,45.7952354],[4.4621477,45.795142]]}},{"type":"Feature","id":"way/1540057297","properties":{"osm_id":1540057297,"highway":"service","service":"driveway","source":"BDOrtho IGN 2026"},"geometry":{"type":"LineString","coordinates":[[4.4624964,45.7952111],[4.4626272,45.7949297],[4.4625574,45.7948913]]}},{"type":"Feature","id":"way/1540713982","properties":{"osm_id":1540713982,"highway":"service","service":"driveway","source":"BDOrtho IGN 2026"},"geometry":{"type":"LineString","coordinates":[[4.4754186,45.7912052],[4.4757244,45.7911323],[4.4759162,45.7910743],[4.4760329,45.7910023],[4.4760892,45.7909406],[4.476124,45.7908442],[4.4760972,45.7907956],[4.4758303,45.7907133]]}},{"type":"Feature","id":"way/1540713984","properties":{"osm_id":1540713984,"highway":"service","service":"driveway","source":"BDOrtho IGN 2026"},"geometry":{"type":"LineString","coordinates":[[4.4724118,45.7910286],[4.4725433,45.7913193],[4.4726881,45.7915119]]}},{"type":"Feature","id":"way/1540713985","properties":{"osm_id":1540713985,"highway":"service","service":"driveway","source":"BDOrtho IGN 2026"},"geometry":{"type":"LineString","coordinates":[[4.4721832,45.7909144],[4.4723475,45.7911547],[4.4724038,45.7912856],[4.472432,45.791539],[4.4724601,45.7916185],[4.4725084,45.7916466],[4.4726989,45.7916728]]}},{"type":"Feature","id":"way/1540713986","properties":{"osm_id":1540713986,"highway":"track"},"geometry":{"type":"LineString","coordinates":[[4.4638922,45.7909395],[4.4637879,45.7906778],[4.4637001,45.7904608]]}},{"type":"Feature","id":"way/1540715862","properties":{"osm_id":1540715862,"highway":"service","service":"driveway","source":"BDOrtho IGN 2026"},"geometry":{"type":"LineString","coordinates":[[4.4686621,45.7978974],[4.4691047,45.7979545],[4.469153,45.797972]]}},{"type":"Feature","id":"way/1540927853","properties":{"osm_id":1540927853,"highway":"service","service":"driveway","source":"BDOrtho IGN 2026"},"geometry":{"type":"LineString","coordinates":[[4.487223,45.7939226],[4.4867098,45.7937034],[4.4865887,45.7936327],[4.4863366,45.7934588],[4.4862387,45.793398],[4.4861086,45.7933812],[4.4857842,45.7932238]]}},{"type":"Feature","id":"way/1540927854","properties":{"osm_id":1540927854,"highway":"service","service":"driveway","source":"BDOrtho IGN 2026"},"geometry":{"type":"LineString","coordinates":[[4.4861689,45.7938805],[4.4856107,45.7934744],[4.4857842,45.7932238]]}},{"type":"Feature","id":"way/1540927856","properties":{"osm_id":1540927856,"highway":"service","service":"driveway","source":"BDOrtho IGN 2026"},"geometry":{"type":"LineString","coordinates":[[4.4813147,45.8040972],[4.4813785,45.8041177],[4.4815032,45.804114],[4.4821161,45.8039756],[4.4823374,45.8039363],[4.4827317,45.8039017],[4.4828819,45.8038812],[4.4831394,45.8037793]]}},{"type":"Feature","id":"way/1540927858","properties":{"osm_id":1540927858,"highway":"service","service":"driveway","source":"BDOrtho IGN 2026"},"geometry":{"type":"LineString","coordinates":[[4.4601542,45.8039887],[4.4599235,45.8038784]]}},{"type":"Feature","id":"way/1542876836","properties":{"osm_id":1542876836,"highway":"service","service":"driveway","source":"BDOrtho IGN 2026","surface":"unpaved"},"geometry":{"type":"LineString","coordinates":[[4.467602,45.7929523],[4.4676094,45.7928949],[4.4675933,45.7928444]]}},{"type":"Feature","id":"way/1545417200","properties":{"osm_id":1545417200,"highway":"service","service":"driveway","source":"BDOrtho IGN 2026"},"geometry":{"type":"LineString","coordinates":[[4.4498971,45.8145451],[4.4500731,45.8147447],[4.4498639,45.8152335]]}},{"type":"Feature","id":"way/1545417203","properties":{"osm_id":1545417203,"highway":"service","service":"driveway","source":"BDOrtho IGN 2026"},"geometry":{"type":"LineString","coordinates":[[4.4485184,45.8167154],[4.4484128,45.8166234],[4.4483645,45.8165486],[4.4482787,45.8161084]]}},{"type":"Feature","id":"way/1545417205","properties":{"osm_id":1545417205,"highway":"service","service":"driveway","source":"BDOrtho IGN 2026"},"geometry":{"type":"LineString","coordinates":[[4.4509006,45.8122601],[4.4509864,45.8122138],[4.4510474,45.8121933],[4.4511192,45.8121919]]}},{"type":"Feature","id":"way/1545417206","properties":{"osm_id":1545417206,"highway":"service","service":"driveway","source":"BDOrtho IGN 2026"},"geometry":{"type":"LineString","coordinates":[[4.451489,45.8125279],[4.4513954,45.812448],[4.4513699,45.812347],[4.4513297,45.812304],[4.4511433,45.8122227],[4.4511192,45.8121919],[4.4511218,45.8121535],[4.4512238,45.8120236],[4.4512345,45.8119685],[4.4512211,45.811904],[4.4511701,45.8118479],[4.4510843,45.8118329],[4.4510052,45.8118488],[4.4509636,45.8118703],[4.450859,45.8119516]]}},{"type":"Feature","id":"way/1545418187","properties":{"osm_id":1545418187,"highway":"service","service":"driveway","source":"BDOrtho IGN 2026"},"geometry":{"type":"LineString","coordinates":[[4.4714583,45.8116188],[4.4717561,45.811488],[4.4717896,45.8114618]]}},{"type":"Feature","id":"way/1545420742","properties":{"osm_id":1545420742,"highway":"service","service":"driveway","source":"BDOrtho IGN 2026"},"geometry":{"type":"LineString","coordinates":[[4.4733213,45.8096324],[4.4733976,45.8096137],[4.4737704,45.8096698],[4.473879,45.8096754],[4.473981,45.8096558],[4.4740789,45.8096231],[4.4742532,45.8095408]]}},{"type":"Feature","id":"way/1545420743","properties":{"osm_id":1545420743,"highway":"service","service":"driveway","source":"BDOrtho IGN 2026"},"geometry":{"type":"LineString","coordinates":[[4.4837067,45.8085892],[4.4837214,45.8085462],[4.4839695,45.8081975]]}},{"type":"Feature","id":"way/1545429976","properties":{"osm_id":1545429976,"highway":"service","service":"driveway","source":"BDOrtho IGN 2026"},"geometry":{"type":"LineString","coordinates":[[4.4724629,45.7849545],[4.4723193,45.7849826],[4.4722268,45.7851584]]}},{"type":"Feature","id":"way/1545429978","properties":{"osm_id":1545429978,"highway":"service","service":"parking_aisle","source":"BDOrtho IGN 2026"},"geometry":{"type":"LineString","coordinates":[[4.4722281,45.7855531],[4.4719808,45.7854919],[4.4719157,45.7854997],[4.471866,45.7856176]]}},{"type":"Feature","id":"way/1545429979","properties":{"osm_id":1545429979,"highway":"track","source":"BDOrtho IGN 2026"},"geometry":{"type":"LineString","coordinates":[[4.4725486,45.7858575],[4.4725272,45.7857719],[4.4725259,45.78567],[4.4725929,45.7855082],[4.4727619,45.7851359],[4.4728088,45.7849826],[4.4728222,45.7848629],[4.4727968,45.7847553],[4.4727471,45.7846412],[4.4725835,45.7844093],[4.4724011,45.7841727]]}},{"type":"Feature","id":"way/1545429981","properties":{"osm_id":1545429981,"highway":"service","service":"driveway","source":"BDOrtho IGN 2026"},"geometry":{"type":"LineString","coordinates":[[4.4741739,45.7837702],[4.4740976,45.7837481],[4.4738308,45.7835807]]}},{"type":"Feature","id":"way/1545429982","properties":{"osm_id":1545429982,"highway":"service","service":"driveway","source":"BDOrtho IGN 2026"},"geometry":{"type":"LineString","coordinates":[[4.4741846,45.7837224],[4.4741271,45.7836948],[4.4739099,45.783504],[4.4738898,45.783446],[4.4739166,45.78333]]}},{"type":"Feature","id":"way/1545429983","properties":{"osm_id":1545429983,"highway":"service","service":"driveway","source":"BDOrtho IGN 2026"},"geometry":{"type":"LineString","coordinates":[[4.4867751,45.7870167],[4.4868703,45.7869549],[4.4868878,45.7869063],[4.4868797,45.7868623],[4.48681,45.7867969]]}},{"type":"Feature","id":"way/1545429984","properties":{"osm_id":1545429984,"highway":"track","source":"BDOrtho IGN 2026"},"geometry":{"type":"LineString","coordinates":[[4.4802131,45.8009043],[4.4803794,45.8009128],[4.4804464,45.8009474],[4.4805618,45.800996],[4.4806436,45.8010119],[4.4806945,45.8010081],[4.4807415,45.8009857],[4.4808313,45.8009193],[4.4808903,45.8008464],[4.480897,45.8007856]]}},{"type":"Feature","id":"way/1545431715","properties":{"osm_id":1545431715,"highway":"footway","name":"Rue de l'Olivière","source":"BDOrtho IGN 2026"},"geometry":{"type":"LineString","coordinates":[[4.4695177,45.7826585],[4.4695345,45.7826244],[4.4697994,45.7824163],[4.4699161,45.7823872]]}},{"type":"Feature","id":"way/1545431716","properties":{"osm_id":1545431716,"highway":"unclassified","name":"Impasse des Poiriers"},"geometry":{"type":"LineString","coordinates":[[4.4699161,45.7823872],[4.4698356,45.7823732],[4.4695057,45.7822666],[4.4693554,45.7821684],[4.4691703,45.7819935]]}},{"type":"Feature","id":"way/1545435465","properties":{"osm_id":1545435465,"highway":"track","source":"BDOrtho IGN 2026"},"geometry":{"type":"LineString","coordinates":[[4.4733064,45.776304],[4.4736081,45.7761459],[4.4738737,45.775985]]}},{"type":"Feature","id":"way/1545435467","properties":{"osm_id":1545435467,"highway":"service","service":"driveway","source":"BDOrtho IGN 2026"},"geometry":{"type":"LineString","coordinates":[[4.4747347,45.7754475],[4.4744571,45.7754472],[4.4736859,45.7758756],[4.473698,45.7759027],[4.4738737,45.775985],[4.4747785,45.7754942]]}},{"type":"Feature","id":"way/1545435476","properties":{"osm_id":1545435476,"highway":"track","source":"BDOrtho IGN 2026"},"geometry":{"type":"LineString","coordinates":[[4.4703626,45.7744343],[4.470942,45.7742583],[4.4710755,45.7741867],[4.4711512,45.774146],[4.4712451,45.7740151],[4.471406,45.7736222],[4.4714972,45.7735193],[4.4715562,45.7731358],[4.4715911,45.7730815],[4.4716608,45.7730684]]}},{"type":"Feature","id":"way/1546316255","properties":{"osm_id":1546316255,"highway":"footway"},"geometry":{"type":"LineString","coordinates":[[4.4550989,45.8216798],[4.4550953,45.8218026],[4.4550944,45.8218339],[4.4550929,45.8218889]]}},{"type":"Feature","id":"way/1546316256","properties":{"osm_id":1546316256,"highway":"footway"},"geometry":{"type":"LineString","coordinates":[[4.4549701,45.8218014],[4.4550953,45.8218026],[4.4552169,45.8218028],[4.4552183,45.82168],[4.4550989,45.8216798],[4.4549716,45.8216786],[4.4549701,45.8218014]]}},{"type":"Feature","id":"way/1546610749","properties":{"osm_id":1546610749,"highway":"footway"},"geometry":{"type":"LineString","coordinates":[[4.4640816,45.7962457],[4.4641241,45.7962511],[4.464189,45.7962593]]}},{"type":"Feature","id":"way/1546610750","properties":{"osm_id":1546610750,"highway":"footway"},"geometry":{"type":"LineString","coordinates":[[4.4640097,45.7962567],[4.4640766,45.7962651],[4.4640816,45.7962457],[4.4640866,45.7962267],[4.464055,45.7962224],[4.4640196,45.7962183],[4.4640147,45.7962374],[4.4640097,45.7962567]]}},{"type":"Feature","id":"way/1546610751","properties":{"osm_id":1546610751,"highway":"footway"},"geometry":{"type":"LineString","coordinates":[[4.4637705,45.7961826],[4.4638785,45.796216],[4.4640147,45.7962374]]}},{"type":"Feature","id":"way/1546610752","properties":{"osm_id":1546610752,"highway":"footway"},"geometry":{"type":"LineString","coordinates":[[4.464055,45.7962224],[4.4641477,45.7958009],[4.4641536,45.7957681]]}},{"type":"Feature","id":"way/1546610753","properties":{"osm_id":1546610753,"highway":"footway"},"geometry":{"type":"LineString","coordinates":[[4.4639181,45.7965773],[4.4641132,45.7962951],[4.4641241,45.7962511],[4.4642091,45.7959073]]}},{"type":"Feature","id":"way/1546610754","properties":{"osm_id":1546610754,"highway":"footway"},"geometry":{"type":"LineString","coordinates":[[4.4636084,45.7959127],[4.4637089,45.7959445],[4.4638106,45.7959767]]}},{"type":"Feature","id":"way/1546610755","properties":{"osm_id":1546610755,"highway":"footway"},"geometry":{"type":"LineString","coordinates":[[4.4639581,45.7957541],[4.4638513,45.7957321],[4.4637442,45.7957102],[4.4636084,45.7959127],[4.463504,45.7960683],[4.4636044,45.7961004],[4.463707,45.7961331],[4.4638106,45.7959767],[4.4639581,45.7957541]]}},{"type":"Feature","id":"way/1546610756","properties":{"osm_id":1546610756,"highway":"footway"},"geometry":{"type":"LineString","coordinates":[[4.4639725,45.7965931],[4.4641796,45.796296],[4.464189,45.7962593],[4.4642446,45.7960424],[4.4642091,45.7959073],[4.4642008,45.7958758],[4.4641477,45.7958009],[4.4640376,45.7957736],[4.4639581,45.7957541]]}},{"type":"Feature","id":"way/1546610757","properties":{"osm_id":1546610757,"highway":"footway"},"geometry":{"type":"LineString","coordinates":[[4.4636044,45.7961004],[4.4637089,45.7959445],[4.4638513,45.7957321]]}},{"type":"Feature","id":"way/1546610758","properties":{"osm_id":1546610758,"highway":"footway"},"geometry":{"type":"LineString","coordinates":[[4.4636964,45.7964968],[4.4638785,45.796216],[4.4641477,45.7958009]]}},{"type":"Feature","id":"way/1546610759","properties":{"osm_id":1546610759,"highway":"footway"},"geometry":{"type":"LineString","coordinates":[[4.4635889,45.7964607],[4.4637705,45.7961826],[4.4640376,45.7957736]]}}]}